key,name,pos,team,bye,std,half_ppr,ppr,pass_ints,df_safeties,df_fumbles,kick_30_39,df_points_allowed_per_game,reception_tds,df_tds,two_pts,df_sacks,reception_yds,rush_tds,rush_yds,pass_yds,pass_tds,kick_extra_points,kick_20_29,kick_40_49,receptions,kick_50,df_ints,kick_0_19,fumbles
mccaffrey_RB_SF,Christian McCaffrey,RB,SF,9.0,1,1,1,,,,,,5.0,,,,559.0,11.3,1236.0,,,,,,68.7,,,,2.0
lamb_WR_DAL,CeeDee Lamb,WR,DAL,7.0,2,2,2,,,,,,9.3,,,,1485.0,1.0,81.0,,,,,,116.0,,,,1.0
hill_WR_MIA,Tyreek Hill,WR,MIA,6.0,3,3,3,,,,,,9.3,,,,1522.3,0.0,28.3,,,,,,108.3,,,,1.0
hall_RB_NYJ,Breece Hall,RB,NYJ,12.0,6,4,4,,,,,,4.3,,,,537.7,8.3,1057.0,,,,,,66.3,,,,1.5
jefferson_WR_MIN,Justin Jefferson,WR,MIN,6.0,4,5,5,,,,,,7.0,,,,1450.7,0.0,6.3,,,,,,105.3,,,,1.0
chase_WR_CIN,Ja'Marr Chase,WR,CIN,12.0,7,6,6,,,,,,8.7,,,,1340.0,0.0,12.7,,,,,,103.3,,,,0.5
robinson_RB_ATL,Bijan Robinson,RB,ATL,12.0,5,7,7,,,,,,4.7,,,,529.7,7.0,1055.3,,,,,,63.0,,,,2.5
brown_WR_DET,Amon-Ra St. Brown,WR,DET,5.0,8,8,8,,,,,,8.0,,,,1320.7,0.0,33.0,,,,,,111.0,,,,1.0
brown_WR_PHI,A.J. Brown,WR,PHI,5.0,9,9,9,,,,,,8.7,,,,1341.7,0.0,2.3,,,,,,91.3,,,,1.5
barkley_RB_PHI,Saquon Barkley,RB,PHI,5.0,12,11,10,,,,,,3.3,,,,364.0,10.0,1141.7,,,,,,47.7,,,,2.0
taylor_RB_IND,Jonathan Taylor,RB,IND,14.0,13,10,11,,,,,,1.3,,,,278.3,10.7,1263.0,,,,,,35.7,,,,1.5
nacua_WR_LAR,Puka Nacua,WR,LAR,6.0,10,13,12,,,,,,6.7,,,,1313.3,0.5,64.3,,,,,,94.0,,,,0.5
gibbs_RB_DET,Jahmyr Gibbs,RB,DET,5.0,11,12,13,,,,,,1.7,,,,398.3,8.3,925.0,,,,,,56.0,,,,1.5
wilson_WR_NYJ,Garrett Wilson,WR,NYJ,12.0,14,14,14,,,,,,8.0,,,,1201.3,0.0,18.7,,,,,,93.3,,,,1.5
williams_RB_LAR,Kyren Williams,RB,LAR,6.0,17,15,15,,,,,,2.3,,,,266.7,10.3,1108.7,,,,,,36.3,,,,2.0
harrison_WR_ARI,Marvin Harrison Jr.,WR,ARI,11.0,16,17,16,,,,,,7.0,,,,1165.7,0.0,6.0,,,,,,85.7,,,,2.0
adams_WR_LV,Davante Adams,WR,LV,10.0,15,16,17,,,,,,7.0,,,,1144.7,0.0,1.7,,,,,,91.7,,,,0.5
henry_RB_BAL,Derrick Henry,RB,BAL,14.0,22,19,18,,,,,,0.7,,,,199.3,11.7,1172.0,,,,,,24.0,,,,1.0
etienne_RB_JAX,Travis Etienne Jr.,RB,JAX,12.0,18,18,19,,,,,,1.3,,,,365.3,8.3,954.0,,,,,,47.0,,,,1.5
pacheco_RB_KC,Isiah Pacheco,RB,KC,6.0,28,25,20,,,,,,2.0,,,,289.3,9.0,1017.0,,,,,,44.3,,,,1.5
olave_WR_NO,Chris Olave,WR,NO,12.0,24,23,21,,,,,,6.3,,,,1210.7,0.0,1.7,,,,,,87.7,,,,0.5
london_WR_ATL,Drake London,WR,ATL,12.0,19,22,22,,,,,,6.7,,,,1122.3,0.0,3.7,,,,,,85.0,,,,1.0
laporta_TE_DET,Sam LaPorta,TE,DET,5.0,25,26,23,,,,,,8.0,,,,848.3,0.0,0.0,,,,,,82.7,,,,0.5
kelce_TE_KC,Travis Kelce,TE,KC,6.0,29,27,24,,,,,,7.3,,,,948.0,0.0,2.5,,,,,,88.3,,,,1.0
achane_RB_MIA,De'Von Achane,RB,MIA,6.0,20,21,25,,,,,,3.0,,,,351.3,7.3,852.3,,,,,,45.0,,,,1.0
allen_QB_BUF,Josh Allen,QB,BUF,12.0,21,20,26,14.0,,,,,,,,,,9.3,559.3,3865.3,27.0,,,,,,,,4.0
mahomes_QB_KC,Patrick Mahomes II,QB,KC,6.0,35,33,27,11.7,,,,,,,,,,1.3,369.7,4321.3,32.7,,,,,,,,3.0
jacobs_RB_GB,Josh Jacobs,RB,GB,10.0,23,24,28,,,,,,1.0,,,,279.0,8.7,1067.3,,,,,,36.0,,,,1.0
collins_WR_HOU,Nico Collins,WR,HOU,14.0,26,30,29,,,,,,7.7,,,,1136.7,0.0,6.0,,,,,,76.7,,,,0.5
evans_WR_TB,Mike Evans,WR,TB,11.0,33,31,30,,,,,,8.3,,,,1120.0,0.0,2.0,,,,,,73.3,,,,0.5
aiyuk_WR_SF,Brandon Aiyuk,WR,SF,9.0,30,29,31,,,,,,7.3,,,,1127.0,0.0,3.0,,,,,,73.7,,,,1.0
pittman_WR_IND,Michael Pittman Jr.,WR,IND,14.0,32,36,32,,,,,,4.7,,,,1049.3,0.0,5.0,,,,,,94.3,,,,1.0
hurts_QB_PHI,Jalen Hurts,QB,PHI,5.0,31,32,33,13.0,,,,,,,,,,11.3,596.0,3763.7,24.7,,,,,,,,3.5
white_RB_TB,Rachaad White,RB,TB,11.0,36,34,34,,,,,,2.3,,,,403.7,6.7,875.7,,,,,,52.3,,,,2.0
cook_RB_BUF,James Cook,RB,BUF,12.0,38,40,35,,,,,,2.3,,,,362.0,4.7,1012.0,,,,,,43.3,,,,1.5
samuel_WR_SF,Deebo Samuel Sr.,WR,SF,9.0,27,28,36,,,,,,6.0,,,,934.3,3.3,208.7,,,,,,63.7,,,,1.0
diggs_WR_HOU,Stefon Diggs,WR,HOU,14.0,34,37,37,,,,,,6.7,,,,1017.3,0.0,7.0,,,,,,82.7,,,,1.0
jackson_QB_BAL,Lamar Jackson,QB,BAL,14.0,40,38,38,11.0,,,,,,,,,,5.0,759.0,3513.7,25.3,,,,,,,,4.0
waddle_WR_MIA,Jaylen Waddle,WR,MIA,6.0,37,35,39,,,,,,5.7,,,,1085.3,0.0,22.0,,,,,,79.0,,,,0.5
kupp_WR_LAR,Cooper Kupp,WR,LAR,6.0,41,41,40,,,,,,7.0,,,,1050.0,0.0,15.7,,,,,,85.3,,,,0.5
mixon_RB_HOU,Joe Mixon,RB,HOU,14.0,45,43,41,,,,,,2.3,,,,312.3,7.7,918.7,,,,,,41.0,,,,1.0
kamara_RB_NO,Alvin Kamara,RB,NO,12.0,47,48,42,,,,,,2.0,,,,479.3,5.0,735.3,,,,,,66.7,,,,1.0
metcalf_WR_SEA,DK Metcalf,WR,SEA,10.0,39,39,43,,,,,,8.7,,,,1054.0,0.0,2.0,,,,,,70.3,,,,0.5
moore_WR_CHI,DJ Moore,WR,CHI,7.0,42,42,44,,,,,,7.7,,,,1053.0,0.5,19.7,,,,,,75.7,,,,1.0
walker_RB_SEA,Kenneth Walker III,RB,SEA,10.0,44,44,45,,,,,,1.0,,,,230.0,9.0,946.7,,,,,,29.7,,,,1.0
andrews_TE_BAL,Mark Andrews,TE,BAL,14.0,49,47,46,,,,,,8.3,,,,862.3,0.0,0.0,,,,,,70.3,,,,0.5
smith_WR_PHI,DeVonta Smith,WR,PHI,5.0,43,46,47,,,,,,7.0,,,,1076.7,0.0,2.0,,,,,,83.7,,,,1.0
mcbride_TE_ARI,Trey McBride,TE,ARI,11.0,46,49,48,,,,,,4.3,,,,839.0,0.0,0.0,,,,,,82.0,,,,0.5
stroud_QB_HOU,C.J. Stroud,QB,HOU,14.0,50,45,49,10.7,,,,,,,,,,2.7,180.0,4214.0,30.3,,,,,,,,3.5
kincaid_TE_BUF,Dalton Kincaid,TE,BUF,12.0,51,51,50,,,,,,5.0,,,,788.3,0.0,0.0,,,,,,79.3,,,,1.0
richardson_QB_IND,Anthony Richardson,QB,IND,14.0,53,50,51,11.3,,,,,,,,,,8.0,651.7,3447.0,19.7,,,,,,,,4.5
nabers_WR_NYG,Malik Nabers,WR,NYG,11.0,48,53,52,,,,,,5.3,,,,1010.3,0.0,8.3,,,,,,74.0,,,,1.5
cooper_WR_CLE,Amari Cooper,WR,CLE,10.0,55,52,53,,,,,,6.3,,,,1113.7,0.0,1.7,,,,,,72.7,,,,1.0
flowers_WR_BAL,Zay Flowers,WR,BAL,14.0,54,57,54,,,,,,6.3,,,,956.0,1.0,52.3,,,,,,79.3,,,,1.0
kittle_TE_SF,George Kittle,TE,SF,9.0,64,62,55,,,,,,6.0,,,,882.7,0.0,2.5,,,,,,63.0,,,,0.5
higgins_WR_CIN,Tee Higgins,WR,CIN,12.0,57,55,56,,,,,,7.7,,,,1017.3,0.0,1.7,,,,,,69.3,,,,0.5
jones_RB_MIN,Aaron Jones,RB,MIN,6.0,56,54,57,,,,,,2.0,,,,334.0,5.3,807.3,,,,,,43.7,,,,1.0
pickens_WR_PIT,George Pickens,WR,PIT,9.0,52,56,58,,,,,,6.3,,,,1108.0,0.0,22.0,,,,,,68.7,,,,1.0
pitts_TE_ATL,Kyle Pitts,TE,ATL,12.0,61,63,59,,,,,,4.7,,,,846.0,0.0,0.0,,,,,,63.7,,,,0.5
conner_RB_ARI,James Conner,RB,ARI,11.0,60,59,60,,,,,,1.7,,,,240.0,7.0,885.3,,,,,,34.3,,,,1.0
burrow_QB_CIN,Joe Burrow,QB,CIN,12.0,62,60,61,12.0,,,,,,,,,,2.3,170.7,4241.3,30.7,,,,,,,,3.0
dell_WR_HOU,Tank Dell,WR,HOU,14.0,65,65,62,,,,,,7.3,,,,945.7,0.5,73.7,,,,,,70.3,,,,0.5
montgomery_RB_DET,David Montgomery,RB,DET,5.0,69,61,63,,,,,,0.7,,,,164.3,9.3,886.0,,,,,,22.0,,,,1.0
swift_RB_CHI,D'Andre Swift,RB,CHI,7.0,59,64,64,,,,,,1.3,,,,268.0,5.0,848.7,,,,,,38.7,,,,1.0
white_RB_LV,Zamir White,RB,LV,10.0,67,66,65,,,,,,0.7,,,,226.7,5.3,986.3,,,,,,32.0,,,,1.5
engram_TE_JAX,Evan Engram,TE,JAX,12.0,71,71,66,,,,,,4.0,,,,769.0,0.0,0.0,,,,,,84.0,,,,1.0
stevenson_RB_NE,Rhamondre Stevenson,RB,NE,14.0,58,58,67,,,,,,0.7,,,,296.0,5.7,845.0,,,,,,42.3,,,,1.0
prescott_QB_DAL,Dak Prescott,QB,DAL,7.0,74,70,68,12.3,,,,,,,,,,2.0,228.0,4190.0,30.7,,,,,,,,2.5
allen_WR_CHI,Keenan Allen,WR,CHI,7.0,63,67,69,,,,,,5.7,,,,897.3,0.0,10.0,,,,,,81.3,,,,1.0
kirk_WR_JAX,Christian Kirk,WR,JAX,12.0,70,73,70,,,,,,5.3,,,,985.0,0.0,11.0,,,,,,79.3,,,,1.5
love_QB_GB,Jordan Love,QB,GB,10.0,73,74,71,12.0,,,,,,,,,,3.0,203.7,3858.7,29.7,,,,,,,,2.5
mclaurin_WR_WSH,Terry McLaurin,WR,WSH,14.0,66,72,72,,,,,,4.3,,,,988.7,0.0,3.7,,,,,,73.3,,,,0.5
harris_RB_PIT,Najee Harris,RB,PIT,9.0,68,69,73,,,,,,1.0,,,,184.0,7.0,926.7,,,,,,28.0,,,,1.0
godwin_WR_TB,Chris Godwin,WR,TB,11.0,72,76,74,,,,,,5.0,,,,959.7,0.5,26.0,,,,,,82.0,,,,0.5
ridley_WR_TEN,Calvin Ridley,WR,TEN,5.0,78,79,75,,,,,,7.3,,,,962.3,0.0,24.3,,,,,,69.3,,,,0.5
murray_QB_ARI,Kyler Murray,QB,ARI,11.0,75,68,76,13.0,,,,,,,,,,4.7,482.7,3619.0,22.0,,,,,,,,1.5
mostert_RB_MIA,Raheem Mostert,RB,MIA,6.0,79,75,77,,,,,,1.7,,,,178.7,8.7,788.3,,,,,,25.7,,,,1.0
brooks_RB_CAR,Jonathon Brooks,RB,CAR,11.0,81,89,78,,,,,,1.0,,,,229.3,5.7,791.7,,,,,,29.7,,,,2.0
reed_WR_GB,Jayden Reed,WR,GB,10.0,77,78,79,,,,,,6.0,,,,791.7,1.7,89.3,,,,,,63.7,,,,0.5
pollard_RB_TEN,Tony Pollard,RB,TEN,5.0,80,81,80,,,,,,0.7,,,,223.0,5.7,830.3,,,,,,33.0,,,,1.0
njoku_TE_CLE,David Njoku,TE,CLE,10.0,92,85,81,,,,,,5.7,,,,769.3,0.0,0.0,,,,,,67.3,,,,1.5
moss_RB_CIN,Zack Moss,RB,CIN,12.0,76,77,82,,,,,,1.7,,,,226.0,6.0,725.3,,,,,,32.3,,,,1.0
rice_WR_KC,Rashee Rice,WR,KC,6.0,83,88,83,,,,,,6.7,,,,856.7,0.0,7.0,,,,,,74.7,,,,1.0
ferguson_TE_DAL,Jake Ferguson,TE,DAL,7.0,90,82,84,,,,,,6.0,,,,738.0,,,,,,,,69.5,,,,0.5
warren_RB_PIT,Jaylen Warren,RB,PIT,9.0,85,84,85,,,,,,1.3,,,,342.0,3.7,674.0,,,,,,49.3,,,,1.5
brown_WR_KC,Hollywood Brown,WR,KC,6.0,82,80,86,,,,,,6.7,,,,853.3,0.0,15.3,,,,,,62.7,,,,0.5
ekeler_RB_WSH,Austin Ekeler,RB,WSH,14.0,93,91,87,,,,,,2.0,,,,365.7,4.7,518.0,,,,,,44.0,,,,2.0
chubb_RB_CLE,Nick Chubb,RB,CLE,10.0,87,83,88,,,,,,1.0,,,,191.0,6.0,865.5,,,,,,24.0,,,,1.0
johnson_WR_CAR,Diontae Johnson,WR,CAR,11.0,86,86,89,,,,,,6.0,,,,868.0,0.0,12.0,,,,,,71.0,,,,0.5
addison_WR_MIN,Jordan Addison,WR,MIN,6.0,88,93,90,,,,,,6.7,,,,889.3,0.0,6.7,,,,,,67.7,,,,0.5
hopkins_WR_TEN,DeAndre Hopkins,WR,TEN,5.0,91,92,91,,,,,,6.3,,,,899.0,0.0,5.0,,,,,,67.3,,,,0.5
worthy_WR_KC,Xavier Worthy,WR,KC,6.0,84,95,92,,,,,,6.0,,,,866.5,0.0,15.5,,,,,,57.5,,,,2.0
mcconkey_WR_LAC,Ladd McConkey,WR,LAC,5.0,94,98,93,,,,,,5.3,,,,836.0,0.0,11.3,,,,,,66.0,,,,2.0
robinson_RB_WSH,Brian Robinson Jr.,RB,WSH,14.0,98,94,94,,,,,,2.0,,,,252.3,5.7,784.7,,,,,,29.3,,,,1.5
williams_RB_DEN,Javonte Williams,RB,DEN,14.0,95,96,95,,,,,,1.3,,,,252.0,4.3,770.0,,,,,,41.3,,,,1.0
singletary_RB_NYG,Devin Singletary,RB,NYG,11.0,89,87,96,,,,,,0.7,,,,212.0,5.0,855.0,,,,,,33.0,,,,1.0
purdy_QB_SF,Brock Purdy,QB,SF,9.0,99,90,97,10.5,,,,,,,,,,2.0,160.0,4119.5,32.0,,,,,,,,2.5
watson_WR_GB,Christian Watson,WR,GB,10.0,97,102,98,,,,,,8.0,,,,779.7,0.5,31.0,,,,,,52.7,,,,0.5
bowers_TE_LV,Brock Bowers,TE,LV,10.0,96,99,99,,,,,,5.0,,,,702.0,,,,,,,,61.5,,,,1.5
odunze_WR_CHI,Rome Odunze,WR,CHI,7.0,100,97,100,,,,,,5.7,,,,867.0,0.0,10.0,,,,,,63.0,,,,1.5
spears_RB_TEN,Tyjae Spears,RB,TEN,5.0,102,103,101,,,,,,1.7,,,,342.7,3.3,591.7,,,,,,44.3,,,,1.0
coleman_WR_BUF,Keon Coleman,WR,BUF,12.0,106,110,102,,,,,,5.3,,,,801.0,0.0,6.0,,,,,,58.7,,,,1.5
smithnjigba_WR_SEA,Jaxon Smith-Njigba,WR,SEA,10.0,105,112,103,,,,,,5.3,,,,788.7,0.0,3.3,,,,,,71.7,,,,0.5
elliott_RB_DAL,Ezekiel Elliott,RB,DAL,7.0,110,108,104,,,,,,1.3,,,,224.3,6.0,671.0,,,,,,32.7,,,,1.0
edwards_RB_LAC,Gus Edwards,RB,LAC,5.0,116,109,105,,,,,,0.5,,,,155.5,8.5,736.5,,,,,,16.0,,,,1.5
daniels_QB_WSH,Jayden Daniels,QB,WSH,14.0,108,107,106,16.5,,,,,,,,,,4.0,540.5,3441.5,23.0,,,,,,,,4.5
tucker_K_BAL,Justin Tucker,K,BAL,14.0,193,146,107,,,,9.0,,,,,,,,,,,49.5,8.5,9.7,,4.1,,0.3,
hockenson_TE_MIN,T.J. Hockenson,TE,MIN,6.0,114,115,108,,,,,,4.0,,,,672.5,,,,,,,,64.5,,,,1.0
goedert_TE_PHI,Dallas Goedert,TE,PHI,5.0,109,106,109,,,,,,5.0,,,,720.5,,,,,,,,65.5,,,,0.5
ers_DST_SF,49ers,DST,SF,9.0,169,127,110,,0.5,11.0,,19.9,,3.1,,44.6,,,,,,,,,,,15.0,,11.0
sutton_WR_DEN,Courtland Sutton,WR,DEN,14.0,118,113,111,,,,,,6.3,,,,825.3,0.0,2.0,,,,,,62.3,,,,1.5
tagovailoa_QB_MIA,Tua Tagovailoa,QB,MIA,6.0,104,100,112,13.0,,,,,,,,,,0.5,83.5,4202.5,29.0,,,,,,,,3.5
aubrey_K_DAL,Brandon Aubrey,K,DAL,7.0,191,148,113,,,,10.8,,,,,,,,,,,45.5,8.5,7.3,,5.3,,0.3,
williams_QB_CHI,Caleb Williams,QB,CHI,7.0,101,105,114,15.5,,,,,,,,,,3.5,339.5,3727.5,26.0,,,,,,,,4.0
goff_QB_DET,Jared Goff,QB,DET,5.0,107,101,115,10.5,,,,,,,,,,1.0,49.0,4315.5,30.0,,,,,,,,3.0
benson_RB_ARI,Trey Benson,RB,ARI,11.0,103,104,116,,,,,,1.0,,,,137.0,5.0,641.5,,,,,,17.5,,,,2.0
williams_WR_DET,Jameson Williams,WR,DET,5.0,117,119,117,,,,,,5.0,,,,726.0,2.0,52.5,,,,,,50.0,,,,0.5
corum_RB_LAR,Blake Corum,RB,LAR,6.0,111,114,118,,,,,,1.0,,,,143.5,5.0,600.0,,,,,,17.0,,,,2.0
thomas_WR_JAX,Brian Thomas Jr.,WR,JAX,12.0,112,120,119,,,,,,5.0,,,,823.0,0.0,11.5,,,,,,60.5,,,,1.5
herbert_QB_LAC,Justin Herbert,QB,LAC,5.0,113,111,120,9.7,,,,,,,,,,2.7,243.7,3827.3,25.7,,,,,,,,3.0
brown_RB_CIN,Chase Brown,RB,CIN,12.0,119,118,121,,,,,,2.0,,,,340.0,3.5,628.5,,,,,,35.5,,,,1.0
ford_RB_CLE,Jerome Ford,RB,CLE,10.0,115,116,122,,,,,,2.5,,,,252.5,3.5,509.0,,,,,,35.0,,,,1.0
butker_K_KC,Harrison Butker,K,KC,6.0,206,165,123,,,,10.2,,,,,,,,,,,48.3,9.3,7.9,,5.9,,0.3,
schultz_TE_HOU,Dalton Schultz,TE,HOU,14.0,121,117,124,,,,,,5.0,,,,611.0,0.0,0.0,,,,,,57.3,,,,1.0
ravens_DST_BAL,Ravens,DST,BAL,14.0,181,136,125,,0.5,12.0,,19.6,,3.6,,50.8,,,,,,,,,,,15.0,,12.0
cowboys_DST_DAL,Cowboys,DST,DAL,7.0,177,138,126,,0.5,12.5,,21.2,,3.4,,53.1,,,,,,,,,,,15.5,,12.5
charbonnet_RB_SEA,Zach Charbonnet,RB,SEA,10.0,122,123,127,,,,,,0.5,,,,226.0,3.0,539.5,,,,,,33.5,,,,1.0
lockett_WR_SEA,Tyler Lockett,WR,SEA,10.0,129,124,128,,,,,,5.5,,,,774.0,0.0,3.0,,,,,,65.0,,,,0.5
jets_DST_NYJ,Jets,DST,NYJ,12.0,167,132,129,,0.5,11.0,,20.9,,3.3,,54.1,,,,,,,,,,,16.0,,11.0
dobbins_RB_LAC,J.K. Dobbins,RB,LAC,5.0,128,133,130,,,,,,2.5,,,,189.5,4.0,423.5,,,,,,23.5,,,,1.0
lawrence_QB_JAX,Trevor Lawrence,QB,JAX,12.0,123,121,131,12.7,,,,,,,,,,3.7,302.3,3886.7,24.3,,,,,,,,5.0
browns_DST_CLE,Browns,DST,CLE,10.0,202,168,132,,0.5,11.0,,22.4,,3.1,,49.4,,,,,,,,,,,15.0,,11.0
kmet_TE_CHI,Cole Kmet,TE,CHI,7.0,125,126,133,,,,,,4.7,,,,579.3,0.0,1.0,,,,,,59.0,,,,0.5
samuel_WR_BUF,Curtis Samuel,WR,BUF,12.0,120,122,134,,,,,,4.5,,,,651.5,1.0,85.0,,,,,,59.5,,,,0.5
freiermuth_TE_PIT,Pat Freiermuth,TE,PIT,9.0,124,128,135,,,,,,4.7,,,,610.7,0.0,0.0,,,,,,57.3,,,,0.5
shakir_WR_BUF,Khalil Shakir,WR,BUF,12.0,127,130,136,,,,,,5.0,,,,781.5,0.0,8.0,,,,,,60.0,,,,0.0
williams_WR_NYJ,Mike Williams,WR,NYJ,12.0,139,149,137,,,,,,5.0,,,,819.0,0.0,5.0,,,,,,60.0,,,,0.5
doubs_WR_GB,Romeo Doubs,WR,GB,10.0,132,139,138,,,,,,6.5,,,,758.0,0.0,3.0,,,,,,59.0,,,,0.5
cousins_QB_ATL,Kirk Cousins,QB,ATL,12.0,126,125,139,10.0,,,,,,,,,,1.7,101.0,4006.7,27.0,,,,,,,,4.5
jeudy_WR_CLE,Jerry Jeudy,WR,CLE,10.0,131,135,140,,,,,,4.5,,,,800.5,0.0,9.0,,,,,,58.5,,,,0.5
koo_K_ATL,Younghoe Koo,K,ATL,12.0,226,219,141,,,,10.3,,,,,,,,,,,44.7,9.9,8.9,,5.9,,0.3,
meyers_WR_LV,Jakobi Meyers,WR,LV,10.0,130,134,142,,,,,,5.5,,,,697.5,1.0,18.5,12.0,,,,,60.5,,,,0.5
rodgers_QB_NYJ,Aaron Rodgers,QB,NYJ,12.0,138,131,143,9.5,,,,,,,,,,1.5,85.5,3792.0,25.5,,,,,,,,2.5
stafford_QB_LAR,Matthew Stafford,QB,LAR,6.0,133,129,144,14.0,,,,,,,,,,0.5,66.0,4111.0,28.5,,,,,,,,2.0
hubbard_RB_CAR,Chuba Hubbard,RB,CAR,11.0,136,137,145,,,,,,0.7,,,,170.3,4.0,535.7,,,,,,25.3,,,,1.0
elliott_K_PHI,Jake Elliott,K,PHI,5.0,214,192,146,,,,8.4,,,,,,,,,,,47.0,7.9,7.9,,4.7,,0.3,
chandler_RB_MIN,Ty Chandler,RB,MIN,6.0,137,147,147,,,,,,0.5,,,,169.0,4.5,496.5,,,,,,22.5,,,,1.0
chiefs_DST_KC,Chiefs,DST,KC,6.0,218,185,148,,0.5,10.7,,20.9,,2.4,,48.3,,,,,,,,,,,13.0,,10.7
allgeier_RB_ATL,Tyler Allgeier,RB,ATL,12.0,156,170,149,,,,,,1.5,,,,158.5,3.5,561.0,,,,,,18.0,,,,1.0
steelers_DST_PIT,Steelers,DST,PIT,9.0,209,187,150,,0.5,11.0,,21.4,,3.0,,49.4,,,,,,,,,,,14.0,,11.0
dowdle_RB_DAL,Rico Dowdle,RB,DAL,7.0,135,140,151,,,,,,1.0,,,,115.5,3.5,549.5,,,,,,15.0,,,,1.0
lloyd_RB_GB,MarShawn Lloyd,RB,GB,10.0,141,150,152,,,,,,1.0,,,,121.0,4.0,460.0,,,,,,13.5,,,,1.5
legette_WR_CAR,Xavier Legette,WR,CAR,11.0,152,166,153,,,,,,3.5,,,,655.0,0.0,15.5,,,,,,49.5,,,,2.0
fairbairn_K_HOU,Ka'imi Fairbairn,K,HOU,14.0,222,194,154,,,,9.8,,,,,,,,,,,45.0,8.6,7.2,,4.8,,0.3,
mcpherson_K_CIN,Evan McPherson,K,CIN,12.0,249,224,155,,,,8.1,,,,,,,,,,,46.3,7.0,9.0,,5.8,,0.3,
palmer_WR_LAC,Joshua Palmer,WR,LAC,5.0,134,152,156,,,,,,4.7,,,,725.0,0.0,4.7,,,,,,56.7,,,,1.0
broncos_DST_DEN,Broncos,DST,DEN,14.0,379,232,157,,0.5,12.0,,25.8,,2.9,,40.5,,,,,,,,,,,11.3,,12.0
hopkins_K_CLE,Dustin Hopkins,K,CLE,10.0,265,246,158,,,,8.5,,,,,,,,,,,38.0,7.3,8.9,,5.4,,0.2,
gibson_RB_NE,Antonio Gibson,RB,NE,14.0,151,151,159,,,,,,1.5,,,,327.5,2.0,359.0,,,,,,43.5,,,,1.5
cooks_WR_DAL,Brandin Cooks,WR,DAL,7.0,147,142,160,,,,,,5.7,,,,688.3,0.0,25.3,,,,,,57.0,,,,0.5
bengals_DST_CIN,Bengals,DST,CIN,12.0,257,248,161,,0.5,10.3,,23.0,,3.2,,45.8,,,,,,,,,,,13.7,,10.3
dolphins_DST_MIA,Dolphins,DST,MIA,6.0,215,189,162,,0.5,11.3,,22.7,,2.5,,46.7,,,,,,,,,,,13.0,,11.3
watson_QB_CLE,Deshaun Watson,QB,CLE,10.0,154,159,163,14.3,,,,,,,,,,3.0,363.7,3674.0,23.3,,,,,,,,3.5
musgrave_TE_GB,Luke Musgrave,TE,GB,10.0,144,164,164,,,,,,4.0,,,,602.5,,,,,,,,55.0,,,,0.0
mitchell_WR_IND,Adonai Mitchell,WR,IND,14.0,146,158,165,,,,,,4.0,,,,693.0,0.0,9.5,,,,,,49.0,,,,2.0
wright_RB_MIA,Jaylen Wright,RB,MIA,6.0,140,143,166,,,,,,1.0,,,,132.0,3.5,381.0,,,,,,14.5,,,,2.0
mayfield_QB_TB,Baker Mayfield,QB,TB,11.0,148,144,167,12.0,,,,,,,,,,1.5,171.0,3925.0,26.5,,,,,,,,3.0
davis_WR_JAX,Gabe Davis,WR,JAX,12.0,142,156,168,,,,,,5.7,,,,737.3,0.0,1.7,,,,,,48.7,,,,1.0
bills_DST_BUF,Bills,DST,BUF,12.0,220,212,169,,0.5,11.7,,21.8,,2.8,,45.6,,,,,,,,,,,14.0,,11.7
moody_K_SF,Jake Moody,K,SF,9.0,234,207,170,,,,9.2,,,,,,,,,,,47.7,7.7,7.5,,5.3,,0.2,
miller_RB_NO,Kendre Miller,RB,NO,12.0,145,161,171,,,,,,1.0,,,,158.0,3.5,429.5,,,,,,17.5,,,,1.0
mclaughlin_RB_DEN,Jaleel McLaughlin,RB,DEN,14.0,155,171,172,,,,,,1.5,,,,151.0,2.5,530.5,,,,,,24.5,,,,1.0
thielen_WR_CAR,Adam Thielen,WR,CAR,11.0,164,169,173,,,,,,4.7,,,,673.7,0.0,3.7,,,,,,68.0,,,,0.5
zuerlein_K_NYJ,Greg Zuerlein,K,NYJ,12.0,251,242,174,,,,9.4,,,,,,,,,,,38.7,7.2,9.4,,5.6,,0.3,
downs_WR_IND,Josh Downs,WR,IND,14.0,149,141,175,,,,,,3.0,,,,667.7,0.0,7.0,,,,,,58.3,,,,0.5
shaheed_WR_NO,Rashid Shaheed,WR,NO,12.0,143,145,176,,,,,,5.0,,,,752.5,0.0,47.5,,,,,,50.5,,,,1.0
davis_RB_BUF,Ray Davis,RB,BUF,12.0,160,167,177,,,,,,1.0,,,,144.5,3.0,388.0,,,,,,16.5,,,,2.0
wicks_WR_GB,Dontayvion Wicks,WR,GB,10.0,159,162,178,,,,,,5.0,,,,584.7,0.0,5.3,,,,,,43.7,,,,1.0
corley_WR_NYJ,Malachi Corley,WR,NYJ,12.0,227,241,179,,,,,,3.0,,,,547.0,0.0,25.0,,,,,,48.0,,,,1.0
eagles_DST_PHI,Eagles,DST,PHI,5.0,232,221,180,,0.5,11.0,,23.3,,2.6,,46.6,,,,,,,,,,,14.3,,11.0
cardinals_DST_ARI,Cardinals,DST,ARI,11.0,412,413,181,,0.5,10.0,,26.5,,2.2,,39.4,,,,,,,,,,,12.0,,10.0
dicker_K_LAC,Cameron Dicker,K,LAC,5.0,256,255,182,,,,8.6,,,,,,,,,,,41.0,7.4,8.7,,5.8,,0.3,
dotson_WR_WSH,Jahan Dotson,WR,WSH,14.0,150,154,183,,,,,,4.7,,,,606.7,0.0,3.3,,,,,,49.7,,,,0.5
boswell_K_PIT,Chris Boswell,K,PIT,9.0,372,163,184,,,,8.0,,,,,,,,,,,34.0,7.4,7.2,,4.8,,0.2,
vidal_RB_LAC,Kimani Vidal,RB,LAC,5.0,153,160,185,,,,,,0.0,,,,100.0,2.0,313.5,,,,,,14.0,,,,
mitchell_RB_SF,Elijah Mitchell,RB,SF,9.0,170,179,186,,,,,,0.0,,,,70.3,3.3,416.3,,,,,,11.0,,,,1.0
bass_K_BUF,Tyler Bass,K,BUF,12.0,240,226,187,,,,10.0,,,,,,,,,,,44.0,7.0,7.6,,4.9,,0.2,
mccarthy_QB_MIN,J.J. McCarthy,QB,MIN,6.0,172,157,188,12.7,,,,,,,,,,2.0,215.7,3212.0,19.3,,,,,,,,2.5
texans_DST_HOU,Texans,DST,HOU,14.0,239,240,189,,0.5,11.0,,23.0,,3.2,,49.5,,,,,,,,,,,13.0,,11.0
likely_TE_BAL,Isaiah Likely,TE,BAL,14.0,185,180,190,,,,,,5.5,,,,451.5,,,,,,,,35.5,,,,0.0
douglas_WR_NE,DeMario Douglas,WR,NE,14.0,184,198,191,,,,,,3.5,,,,719.0,0.0,39.0,,,,,,62.0,,,,1.5
henry_TE_NE,Hunter Henry,TE,NE,14.0,161,188,192,,,,,,5.0,,,,433.5,,,,,,,,41.5,,,,0.0
bears_DST_CHI,Bears,DST,CHI,7.0,298,276,193,,0.5,9.3,,22.1,,2.5,,39.2,,,,,,,,,,,15.0,,9.3
mooney_WR_ATL,Darnell Mooney,WR,ATL,12.0,171,181,194,,,,,,3.5,,,,637.0,0.0,11.5,,,,,,45.0,,,,0.0
seahawks_DST_SEA,Seahawks,DST,SEA,10.0,266,259,195,,0.5,10.0,,23.8,,2.4,,44.6,,,,,,,,,,,13.3,,10.0
sanders_K_MIA,Jason Sanders,K,MIA,6.0,243,223,196,,,,8.2,,,,,,,,,,,45.0,6.9,8.2,,5.3,,0.2,
pearsall_WR_SF,Ricky Pearsall,WR,SF,9.0,186,193,197,,,,,,4.0,,,,471.0,0.0,22.0,,,,,,37.5,,,,
lions_DST_DET,Lions,DST,DET,5.0,276,257,198,,0.5,9.3,,23.6,,3.0,,42.9,,,,,,,,,,,14.7,,9.3
burton_WR_CIN,Jermaine Burton,WR,CIN,12.0,188,201,199,,,,,,4.0,,,,606.0,0.0,8.5,,,,,,45.5,,,,1.0
wilson_WR_ARI,Michael Wilson,WR,ARI,11.0,158,155,201,,,,,,4.5,,,,672.5,0.0,2.5,,,,,,48.0,,,,0.0
carlson_K_LV,Daniel Carlson,K,LV,10.0,268,250,202,,,,7.8,,,,,,,,,,,33.7,8.1,7.8,,4.9,,0.2,
bates_K_DET,Jake Bates,K,DET,5.0,349,352,203,,,,7.6,,,,,,,,,,,44.7,6.0,7.7,,4.3,,0.3,
conklin_TE_NYJ,Tyler Conklin,TE,NYJ,12.0,176,186,204,,,,,,3.0,,,,527.5,,,,,,,,52.0,,,,0.0
polk_WR_NE,Ja'Lynn Polk,WR,NE,14.0,175,184,205,,,,,,3.0,,,,601.3,0.0,7.7,,,,,,49.3,,,,1.0
buccaneers_DST_TB,Buccaneers,DST,TB,11.0,235,235,206,,0.5,11.0,,22.5,,2.4,,43.7,,,,,,,,,,,12.3,,11.0
levis_QB_TEN,Will Levis,QB,TEN,5.0,165,173,207,14.5,,,,,,,,,,2.0,176.0,3561.5,22.5,,,,,,,,3.5
tracy_RB_NYG,Tyrone Tracy Jr.,RB,NYG,11.0,162,172,208,,,,,,1.0,,,,130.7,2.7,397.7,,,,,,17.3,,,,3.0
irving_RB_TB,Bucky Irving,RB,TB,11.0,174,182,209,,,,,,1.0,,,,158.0,3.0,389.5,,,,,,18.5,,,,1.5
raiders_DST_LV,Raiders,DST,LV,10.0,247,239,210,,0.5,11.0,,23.9,,2.6,,45.8,,,,,,,,,,,12.5,,11.0
chargers_DST_LAC,Chargers,DST,LAC,5.0,312,309,211,,0.5,11.0,,23.9,,3.1,,44.6,,,,,,,,,,,12.7,,11.0
saints_DST_NO,Saints,DST,NO,12.0,271,264,212,,0.5,11.5,,22.8,,3.4,,41.8,,,,,,,,,,,14.5,,11.5
gay_K_IND,Matt Gay,K,IND,14.0,223,230,213,,,,9.5,,,,,,,,,,,37.7,7.8,7.8,,5.9,,0.3,
herbert_RB_CHI,Khalil Herbert,RB,CHI,7.0,192,200,214,,,,,,1.0,,,,105.0,2.7,461.0,,,,,,15.0,,,,1.0
foreman_RB_CLE,D'Onta Foreman,RB,CLE,10.0,225,237,215,,,,,,2.0,,,,113.5,3.5,507.5,,,,,,13.5,,,,1.0
santos_K_CHI,Cairo Santos,K,CHI,7.0,283,251,216,,,,8.8,,,,,,,,,,,37.0,7.8,8.4,,5.5,,0.3,
robinson_WR_NYG,Wan'Dale Robinson,WR,NYG,11.0,204,214,217,,,,,,4.0,,,,632.5,1.0,66.5,,,,,,64.5,,,,0.5
nix_QB_DEN,Bo Nix,QB,DEN,14.0,197,178,218,11.0,,,,,,,,,,2.0,241.7,2839.7,17.7,,,,,,,,3.0
allen_RB_NYJ,Braelon Allen,RB,NYJ,12.0,182,195,219,,,,,,1.0,,,,89.0,3.0,403.5,,,,,,10.5,,,,2.0
maye_QB_NE,Drake Maye,QB,NE,14.0,196,208,220,13.0,,,,,,,,,,2.0,238.0,2837.0,16.0,,,,,,,,2.0
okonkwo_TE_TEN,Chigoziem Okonkwo,TE,TEN,5.0,180,203,221,,,,,,3.0,,,,506.0,,4.0,,,,,,49.0,,,,0.5
smith_QB_SEA,Geno Smith,QB,SEA,10.0,168,174,222,12.5,,,,,,,,,,1.5,165.5,3766.0,26.0,,,,,,,,3.0
wilson_WR_PIT,Roman Wilson,WR,PIT,9.0,199,210,223,,,,,,3.0,,,,559.7,0.0,13.3,,,,,,41.7,,,,1.0
wilson_QB_PIT,Russell Wilson,QB,PIT,9.0,195,177,224,10.5,,,,,,,,,,3.5,315.0,3035.5,19.5,,,,,,,,3.5
johnson_RB_CHI,Roschon Johnson,RB,CHI,7.0,179,190,225,,,,,,0.5,,,,170.0,2.5,280.5,,,,,,26.0,,,,0.5
franklin_WR_DEN,Troy Franklin,WR,DEN,14.0,166,176,226,,,,,,3.0,,,,531.7,0.0,5.0,,,,,,42.0,,,,2.0
otton_TE_TB,Cade Otton,TE,TB,11.0,178,204,227,,,,,,3.5,,,,469.0,,,,,,,,47.0,,,,1.0
commanders_DST_WSH,Commanders,DST,WSH,14.0,217,234,228,,1.0,9.0,,25.6,,2.0,,41.5,,,,,,,,,,,12.5,,9.0
sinnott_TE_WSH,Ben Sinnott,TE,WSH,14.0,201,213,229,,,,,,3.0,,,,424.0,0.0,0.0,,,,,,40.3,,,,1.0
fields_QB_PIT,Justin Fields,QB,PIT,9.0,211,199,230,2.5,,,,,,,,,,1.0,180.0,633.0,3.5,,,,,,,,1.0
edwardshelaire_RB_KC,Clyde Edwards-Helaire,RB,KC,6.0,198,209,231,,,,,,1.5,,,,213.0,2.5,331.5,,,,,,25.5,,,,1.0
pierce_RB_HOU,Dameon Pierce,RB,HOU,14.0,190,191,232,,,,,,0.0,,,,83.5,2.5,327.5,,,,,,11.0,,,,0.5
vikings_DST_MIN,Vikings,DST,MIN,6.0,297,260,233,,0.5,10.3,,23.9,,2.8,,43.5,,,,,,,,,,,12.0,,10.3
colts_DST_IND,Colts,DST,IND,14.0,291,270,234,,0.5,10.3,,24.9,,2.4,,50.6,,,,,,,,,,,12.7,,10.3
young_QB_CAR,Bryce Young,QB,CAR,11.0,189,202,235,13.0,,,,,,,,,,1.5,228.5,3252.5,19.5,,,,,,,,3.0
carr_QB_NO,Derek Carr,QB,NO,12.0,183,196,236,11.0,,,,,,,,,,0.7,70.3,3796.7,25.3,,,,,,,,3.0
myers_K_SEA,Jason Myers,K,SEA,10.0,284,262,237,,,,10.5,,,,,,,,,,,40.0,7.4,8.6,,4.8,,0.3,
johnston_WR_LAC,Quentin Johnston,WR,LAC,5.0,163,175,238,,,,,,4.0,,,,608.0,0.0,7.0,,,,,,48.0,,,,0.0
knox_TE_BUF,Dawson Knox,TE,BUF,12.0,281,238,239,,,,,,3.7,,,,318.3,0.0,0.0,,,,,,29.7,,,,0.0
packers_DST_GB,Packers,DST,GB,10.0,318,268,240,,0.5,11.0,,23.5,,2.9,,45.6,,,,,,,,,,,13.0,,11.0
beckham_WR_MIA,Odell Beckham Jr.,WR,MIA,6.0,245,222,241,,,,,,3.5,,,,549.0,0.0,4.5,,,,,,40.0,,,,1.0
giants_DST_NYG,Giants,DST,NYG,11.0,269,282,242,,0.5,11.7,,24.5,,3.2,,42.4,,,,,,,,,,,13.0,,11.7
patriots_DST_NE,Patriots,DST,NE,14.0,290,247,243,,0.5,10.5,,25.1,,2.6,,39.8,,,,,,,,,,,13.0,,10.5
mims_WR_DEN,Marvin Mims Jr.,WR,DEN,14.0,210,225,244,,,,,,3.0,,,,633.5,0.0,36.5,,,,,,47.5,,,,
bateman_WR_BAL,Rashod Bateman,WR,BAL,14.0,207,217,245,,,,,,4.0,,,,594.0,0.0,9.5,,,,,,45.5,,,,0.0
mitchell_RB_BAL,Keaton Mitchell,RB,BAL,14.0,219,231,246,,,,,,0.7,,,,82.3,2.0,318.0,,,,,,10.0,,,,1.0
bigsby_RB_JAX,Tank Bigsby,RB,JAX,12.0,228,243,247,,,,,,0.0,,,,34.5,3.5,258.0,,,,,,5.0,,,,6.0
prater_K_ARI,Matt Prater,K,ARI,11.0,783,205,248,,,,9.0,,,,,,,,,,,36.5,7.0,7.2,,5.2,,0.3,
perine_RB_DEN,Samaje Perine,RB,DEN,14.0,173,183,249,,,,,,1.0,,,,231.0,1.5,254.5,,,,,,29.0,,,,3.0
mccaffrey_WR_WSH,Luke McCaffrey,WR,WSH,14.0,230,244,250,,,,,,2.0,,,,341.0,,16.0,,,,,,31.0,,,,
reichard_K_MIN,Will Reichard,K,MIN,6.0,795,795,251,,,,8.6,,,,,,,,,,,35.3,6.6,7.7,,4.3,,0.3,
dillon_RB_GB,AJ Dillon,RB,GB,10.0,231,218,252,,,,,,0.0,,,,125.5,2.5,314.5,,,,,,14.0,,,,0.5
mattison_RB_LV,Alexander Mattison,RB,LV,10.0,208,220,253,,,,,,1.3,,,,106.7,2.7,406.0,,,,,,16.0,,,,1.0
jaguars_DST_JAX,Jaguars,DST,JAX,12.0,317,286,254,,0.5,11.3,,23.0,,3.0,,41.4,,,,,,,,,,,12.7,,11.3
gesicki_TE_CIN,Mike Gesicki,TE,CIN,12.0,212,228,255,,,,,,3.5,,,,340.0,,,,,,,,33.0,,,,0.0
mcmillan_WR_TB,Jalen McMillan,WR,TB,11.0,250,267,256,,,,,,3.0,,,,557.5,0.0,15.0,,,,,,47.0,,,,1.0
grupe_K_NO,Blake Grupe,K,NO,12.0,532,533,257,,,,8.4,,,,,,,,,,,40.3,8.3,8.0,,5.7,,0.2,
jones_QB_NYG,Daniel Jones,QB,NYG,11.0,187,197,258,12.0,,,,,,,,,,3.5,485.5,3027.5,18.0,,,,,,,,3.0
robinson_WR_LAR,Demarcus Robinson,WR,LAR,6.0,221,233,259,,,,,,5.0,,,,581.0,0.0,15.5,,,,,,45.0,,,,1.0
falcons_DST_ATL,Falcons,DST,ATL,12.0,493,494,260,,0.5,9.3,,24.5,,2.3,,43.3,,,,,,,,,,,12.7,,9.3
ertz_TE_WSH,Zach Ertz,TE,WSH,14.0,238,254,261,,,,,,2.3,,,,275.3,0.0,0.0,,,,,,29.3,,,,0.0
mclaughlin_K_TB,Chase McLaughlin,K,TB,11.0,708,709,262,,,,9.4,,,,,,,,,,,37.3,7.4,7.6,,5.7,,0.2,
walker_WR_BAL,Devontez Walker,WR,BAL,14.0,278,291,263,,,,,,2.5,,,,311.0,0.0,3.5,,,,,,25.5,,,,
sanders_RB_CAR,Miles Sanders,RB,CAR,11.0,272,281,264,,,,,,0.0,,,,104.0,2.0,346.0,,,,,,16.7,,,,1.5
gainwell_RB_PHI,Kenneth Gainwell,RB,PHI,5.0,262,269,265,,,,,,0.5,,,,152.5,2.5,339.5,,,,,,21.5,,,,1.5
gano_K_NYG,Graham Gano,K,NYG,11.0,514,515,266,,,,8.0,,,,,,,,,,,30.7,5.9,7.2,,5.2,,0.2,
juszczyk_RB_SF,Kyle Juszczyk,RB,SF,9.0,642,643,267,,,,,,1.5,,,,195.5,0.0,18.5,,,,,,19.0,,,,0.0
fant_TE_SEA,Noah Fant,TE,SEA,10.0,203,215,268,,,,,,2.7,,,,441.0,0.0,0.0,,,,,,41.7,,,,0.0
williams_RB_NO,Jamaal Williams,RB,NO,12.0,287,289,269,,,,,,0.0,,,,72.0,3.0,356.0,,,,,,13.5,,,,1.0
jones_WR_ARI,Zay Jones,WR,ARI,11.0,253,273,270,,,,,,3.5,,,,485.0,0.0,6.0,,,,,,47.0,,,,0.5
bourne_WR_NE,Kendrick Bourne,WR,NE,14.0,288,299,271,,,,,,4.3,,,,627.3,0.0,21.0,,,,,,52.3,,,,1.0
smith_TE_MIA,Jonnu Smith,TE,MIA,6.0,200,211,272,,,,,,2.3,,,,359.0,0.0,2.0,,,,,,31.7,,,,1.0
rams_DST_LAR,Rams,DST,LAR,6.0,316,317,273,,0.5,9.0,,25.0,,2.3,,40.4,,,,,,,,,,,13.3,,9.0
sanders_TE_CAR,Ja'Tavion Sanders,TE,CAR,11.0,213,227,275,,,,,,2.0,,,,301.7,0.0,0.0,,,,,,29.7,,,,1.0
mayer_TE_LV,Michael Mayer,TE,LV,10.0,246,263,276,,,,,,2.5,,,,363.5,,,,,,,,32.5,,,,0.0
boyd_WR_TEN,Tyler Boyd,WR,TEN,5.0,260,279,277,,,,,,2.5,,,,509.5,0.0,9.5,,,,,,46.0,,,,0.5
titans_DST_TEN,Titans,DST,TEN,5.0,286,287,278,,0.5,9.7,,24.9,,2.2,,41.9,,,,,,,,,,,12.0,,9.7
carlson_K_GB,Anders Carlson,K,GB,10.0,413,414,279,,,,9.4,,,,,,,,,,,40.0,7.8,7.7,,4.7,,0.2,
folk_K_TEN,Nick Folk,K,TEN,5.0,504,505,280,,,,8.3,,,,,,,,,,,31.7,7.2,7.4,,5.3,,0.2,
reeszammit_RB_KC,Louis Rees-Zammit,RB,KC,6.0,320,320,281,,,,,,0.0,,,,15.0,0.0,45.0,,,,,,2.0,,,,
guerendo_RB_SF,Isaac Guerendo,RB,SF,9.0,244,261,282,,,,,,,,,,75.0,2.0,240.0,,,,,,10.0,,,,
lutz_K_DEN,Wil Lutz,K,DEN,14.0,678,679,283,,,,9.2,,,,,,,,,,,33.3,7.8,7.4,,4.7,,0.2,
hill_RB_BAL,Justice Hill,RB,BAL,14.0,289,294,284,,,,,,0.5,,,,126.0,2.0,311.5,,,,,,17.0,,,,2.0
chark_WR_LAC,DJ Chark Jr.,WR,LAC,5.0,264,283,285,,,,,,5.5,,,,513.5,0.0,3.0,,,,,,36.0,,,,1.0
karty_K_LAR,Joshua Karty,K,LAR,6.0,645,646,286,,,,9.0,,,,,,,,,,,39.7,7.9,8.6,,4.5,,0.3,
estime_RB_DEN,Audric Estime,RB,DEN,14.0,194,206,287,,,,,,1.0,,,,84.0,2.0,343.0,,,,,,9.0,,,,1.0
toney_WR_KC,Kadarius Toney,WR,KC,6.0,919,919,288,,,,,,1.0,,,,172.0,,49.0,,,,,,14.0,,,,
hyatt_WR_NYG,Jalin Hyatt,WR,NYG,11.0,261,280,289,,,,,,2.0,,,,343.0,,3.0,,,,,,23.0,,,,
peoplesjones_WR_DET,Donovan Peoples-Jones,WR,DET,5.0,771,772,290,,,,,,1.0,,,,181.0,,4.0,,,,,,13.0,,,,
howell_QB_SEA,Sam Howell,QB,SEA,10.0,585,586,291,1.5,,,,,,,,,,0.5,28.5,307.0,2.0,,,,,,,,0.5
baker_WR_NE,Javon Baker,WR,NE,14.0,254,275,292,,,,,,3.0,,,,422.0,,19.0,,,,,,35.0,,,,
johnson_TE_NO,Juwan Johnson,TE,NO,12.0,233,249,293,,,,,,4.5,,,,396.5,,,,,,,,37.5,,,,0.0
dobbs_QB_SF,Joshua Dobbs,QB,SF,9.0,465,466,294,0.5,,,,,,,,,,0.0,23.5,181.0,1.0,,,,,,,,0.0
tolbert_WR_DAL,Jalen Tolbert,WR,DAL,7.0,274,290,295,,,,,,2.5,,,,466.0,0.0,2.5,,,,,,37.0,,,,
panthers_DST_CAR,Panthers,DST,CAR,11.0,759,760,296,,0.5,8.7,,24.7,,2.2,,39.6,,,,,,,,,,,12.7,,8.7
ahmed_K_WSH,Ramiz Ahmed,K,WSH,14.0,325,328,297,,,,5.7,,,,,,,,,,,26.7,4.7,6.5,,3.5,,0.2,
woods_TE_IND,Jelani Woods,TE,IND,14.0,258,277,298,,,,,,2.0,,,,297.3,0.0,0.0,,,,,,24.7,,,,0.0
wright_TE_DET,Brock Wright,TE,DET,5.0,1009,1009,299,,,,,,2.0,,,,203.0,0.0,0.0,,,,,,21.0,,,,0.0
pickett_QB_PHI,Kenny Pickett,QB,PHI,5.0,777,778,300,1.0,,,,,,,,,,0.0,24.5,263.0,1.5,,,,,,,,0.5
penix_QB_ATL,Michael Penix Jr.,QB,ATL,12.0,263,274,301,1.0,,,,,,,,,,0.5,24.0,266.5,2.0,,,,,,,,0.5
bellinger_TE_NYG,Daniel Bellinger,TE,NYG,11.0,275,285,302,,,,,,1.3,,,,289.7,0.0,0.0,,,,,,30.3,,,,0.0
gray_TE_KC,Noah Gray,TE,KC,6.0,527,528,303,,,,,,2.0,,,,276.5,,,,,,,,26.0,,,,0.0
brown_K_LAR,Tanner Brown,K,LAR,6.0,384,385,304,,,,2.0,,,,,,,,,,,11.0,2.0,2.0,,1.0,,,
slayton_WR_NYG,Darius Slayton,WR,NYG,11.0,280,293,305,,,,,,4.0,,,,621.0,0.0,2.5,,,,,,41.0,,,,0.0
darnold_QB_MIN,Sam Darnold,QB,MIN,6.0,255,266,306,3.0,,,,,,,,,,0.5,28.0,847.5,5.0,,,,,,,,0.0
jennings_WR_SF,Jauan Jennings,WR,SF,9.0,285,297,307,,,,,,2.0,,,,292.5,0.0,4.0,,,,,,23.5,,,,
hurst_TE_LAC,Hayden Hurst,TE,LAC,5.0,273,284,308,,,,,,2.5,,,,338.0,,,,,,,,32.5,,,,0.0
sermon_RB_IND,Trey Sermon,RB,IND,14.0,295,302,309,,,,,,0.0,,,,50.7,1.3,278.3,,,,,,7.3,,,,0.0
hooker_QB_DET,Hendon Hooker,QB,DET,5.0,578,579,310,1.0,,,,,,,,,,,26.0,192.0,1.0,,,,,,,,
moore_WR_ATL,Rondale Moore,WR,ATL,12.0,292,301,311,,,,,,2.0,,,,324.0,1.0,113.5,,,,,,31.5,,,,0.0
wilson_QB_DEN,Zach Wilson,QB,DEN,14.0,991,991,312,1.0,,,,,,,,,,,17.0,200.0,1.0,,,,,,,,
white_QB_MIA,Mike White,QB,MIA,6.0,972,972,313,1.0,,,,,,,,,,0.0,7.0,197.0,1.0,,,,,,,,0.0
little_K_JAX,Cam Little,K,JAX,12.0,673,674,314,,,,9.6,,,,,,,,,,,37.7,7.5,8.0,,4.5,,0.3,
moore_WR_CLE,Elijah Moore,WR,CLE,10.0,270,288,315,,,,,,2.7,,,,458.3,0.0,19.3,,,,,,39.7,,,,2.0
berrios_WR_MIA,Braxton Berrios,WR,MIA,6.0,362,365,316,,,,,,0.5,,,,101.5,0.0,4.0,,,,,,10.5,,,,
rice_WR_LAC,Brenden Rice,WR,LAC,5.0,242,258,317,,,,,,1.0,,,,197.0,,5.0,,,,,,16.0,,,,
powell_WR_MIN,Brandon Powell,WR,MIN,6.0,782,783,318,,,,,,1.0,,,,165.5,0.0,22.0,,,,,,16.5,,,,
perry_WR_NO,A.T. Perry,WR,NO,12.0,313,310,319,,,,,,2.7,,,,355.7,0.0,2.7,,,,,,23.3,,,,0.0
ryland_K_NE,Chad Ryland,K,NE,14.0,823,823,320,,,,7.0,,,,,,,,,,,29.3,5.9,7.3,,4.5,,0.2,
wentz_QB_KC,Carson Wentz,QB,KC,6.0,968,968,321,1.0,,,,,,,,,,0.0,15.5,193.0,1.0,,,,,,,,0.0
reynolds_WR_DEN,Josh Reynolds,WR,DEN,14.0,299,298,323,,,,,,3.0,,,,414.0,0.0,1.7,,,,,,31.3,,,,1.0
bobo_WR_SEA,Jake Bobo,WR,SEA,10.0,368,371,324,,,,,,1.5,,,,202.0,1.0,27.5,,,,,,17.5,,,,
scott_WR_CHI,Tyler Scott,WR,CHI,7.0,835,835,325,,,,,,1.0,,,,183.0,0.0,31.0,,,,,,16.0,,,,
shipley_RB_PHI,Will Shipley,RB,PHI,5.0,216,229,326,,,,,,0.3,,,,56.3,1.7,196.0,,,,,,7.3,,,,0.0
laube_RB_LV,Dylan Laube,RB,LV,10.0,259,278,327,,,,,,,,,,88.0,1.0,172.0,,,,,,12.0,,,,
palmer_WR_TB,Trey Palmer,WR,TB,11.0,315,315,328,,,,,,2.0,,,,265.0,,15.0,,,,,,21.0,,,,
higbee_TE_LAR,Tyler Higbee,TE,LAR,6.0,564,565,329,,,,,,2.5,,,,377.0,,,,,,,,37.0,,,,0.0
everett_TE_CHI,Gerald Everett,TE,CHI,7.0,491,492,330,,,,,,3.0,,,,361.5,,,,,,,,38.0,,,,0.0
campbell_WR_PHI,Parris Campbell,WR,PHI,5.0,410,411,331,,,,,,1.7,,,,242.7,0.0,7.7,,,,,,24.7,,,,0.0
dalton_QB_CAR,Andy Dalton,QB,CAR,11.0,447,448,332,0.5,,,,,,,,,,0.0,15.0,165.0,1.0,,,,,,,,0.0
flacco_QB_IND,Joe Flacco,QB,IND,14.0,502,503,333,0.5,,,,,,,,,,0.0,12.0,190.5,1.0,,,,,,,,1.0
johnson_TE_NYG,Theo Johnson,TE,NYG,11.0,241,256,334,,,,,,2.0,,,,371.0,,,,,,,,39.0,,,,1.0
kraft_TE_GB,Tucker Kraft,TE,GB,10.0,236,252,335,,,,,,3.0,,,,362.5,,,,,,,,34.0,,,,0.0
raymond_WR_DET,Kalif Raymond,WR,DET,5.0,792,792,336,,,,,,2.0,,,,337.0,0.0,37.0,,,,,,28.5,,,,
austin_WR_PIT,Calvin Austin III,WR,PIT,9.0,282,296,337,,,,,,1.0,,,,220.0,0.0,48.0,,,,,,19.0,,,,
parkinson_TE_LAR,Colby Parkinson,TE,LAR,6.0,252,272,338,,,,,,2.7,,,,277.0,0.0,0.0,,,,,,26.3,,,,0.0
oconnell_QB_LV,Aidan O'Connell,QB,LV,10.0,267,271,339,5.0,,,,,,,,,,0.0,18.0,1197.0,7.0,,,,,,,,2.0
lazard_WR_NYJ,Allen Lazard,WR,NYJ,12.0,308,318,340,,,,,,1.0,,,,146.0,0.0,1.0,,,,,,11.0,,,,
joseph_K_GB,Greg Joseph,K,GB,10.0,641,642,341,,,,2.0,,,,,,,,,,,10.0,2.0,2.0,,1.0,,,
taylor_QB_NYJ,Tyrod Taylor,QB,NYJ,12.0,897,897,342,0.5,,,,,,,,,,0.0,18.0,177.5,1.0,,,,,,,,0.0
burks_WR_TEN,Treylon Burks,WR,TEN,5.0,314,313,343,,,,,,2.0,,,,322.5,0.0,23.5,,,,,,24.0,,,,1.0
gray_RB_NYG,Eric Gray,RB,NYG,11.0,302,312,344,,,,,,,,,,90.0,2.0,230.0,,,,,,12.0,,,,
minshew_QB_LV,Gardner Minshew II,QB,LV,10.0,224,236,345,9.0,,,,,,,,,,1.7,93.0,2318.7,13.0,,,,,,,,3.0
mccloud_WR_ATL,Ray-Ray McCloud III,WR,ATL,12.0,697,698,346,,,,,,1.0,,,,131.0,,19.0,,,,,,12.0,,,,
rattler_QB_NO,Spencer Rattler,QB,NO,12.0,791,791,347,0.0,,,,,,,,,,0.0,9.0,110.0,1.0,,,,,,,,0.0
smithschuster_WR_NE,JuJu Smith-Schuster,WR,NE,14.0,868,868,348,,,,,,1.5,,,,298.5,0.0,2.0,,,,,,30.0,,,,0.0
bagent_QB_CHI,Tyson Bagent,QB,CHI,7.0,345,348,349,1.0,,,,,,,,,,0.0,23.5,167.0,1.0,,,,,,,,0.0
hardman_WR_KC,Mecole Hardman Jr.,WR,KC,6.0,540,541,350,,,,,,1.0,,,,205.0,,37.0,,,,,,16.0,,,,
pineiro_K_CAR,Eddy Pineiro,K,CAR,11.0,778,779,352,,,,8.0,,,,,,,,,,,31.3,5.8,7.6,,5.1,,0.2,
schoonmaker_TE_DAL,Luke Schoonmaker,TE,DAL,7.0,831,831,353,,,,,,1.0,,,,87.0,,,,,,,,8.0,,,,
moore_WR_KC,Skyy Moore,WR,KC,6.0,729,730,354,,,,,,1.0,,,,129.0,,9.0,,,,,,12.0,,,,
akers_RB_HOU,Cam Akers,RB,HOU,14.0,311,321,355,,,,,,0.0,,,,19.5,0.5,123.5,,,,,,2.5,,,,
devito_QB_NYG,Tommy DeVito,QB,NYG,11.0,463,464,356,1.0,,,,,,,,,,,17.0,190.0,1.0,,,,,,,,
uzomah_TE_PHI,C.J. Uzomah,TE,PHI,5.0,937,937,357,,,,,,1.5,,,,67.0,0.0,0.0,,,,,,7.0,,,,0.0
stidham_QB_DEN,Jarrett Stidham,QB,DEN,14.0,881,881,358,3.0,,,,,,,,,,0.5,42.0,719.0,4.5,,,,,,,,1.0
winston_QB_CLE,Jameis Winston,QB,CLE,10.0,1000,1000,359,1.0,,,,,,,,,,0.0,18.0,200.0,1.5,,,,,,,,0.0
watson_WR_KC,Justin Watson,WR,KC,6.0,960,960,360,,,,,,2.0,,,,217.0,0.0,0.0,,,,,,16.0,,,,
garoppolo_QB_LAR,Jimmy Garoppolo,QB,LAR,6.0,515,516,361,1.0,,,,,,,,,,0.0,12.0,181.5,1.5,,,,,,,,0.0
dortch_WR_ARI,Greg Dortch,WR,ARI,11.0,237,253,362,,,,,,2.7,,,,400.7,0.0,23.3,,,,,,38.3,,,,0.0
washington_WR_MIA,Malik Washington,WR,MIA,6.0,301,300,363,,,,,,1.0,,,,166.0,,14.0,,,,,,13.0,,,,
trubisky_QB_BUF,Mitchell Trubisky,QB,BUF,12.0,930,930,364,1.0,,,,,,,,,,0.0,18.5,174.0,1.5,,,,,,,,0.0
thomas_TE_SF,Logan Thomas,TE,SF,9.0,905,905,365,,,,,,1.7,,,,182.7,0.0,0.0,,,,,,16.7,,,,1.0
smythe_TE_MIA,Durham Smythe,TE,MIA,6.0,870,870,366,,,,,,1.7,,,,240.3,0.0,0.0,,,,,,25.0,,,,0.0
lock_QB_NYG,Drew Lock,QB,NYG,11.0,674,675,367,1.5,,,,,,,,,,0.0,19.0,276.0,2.0,,,,,,,,0.5
osborn_WR_NE,K.J. Osborn,WR,NE,14.0,303,305,368,,,,,,2.0,,,,304.0,0.0,3.0,,,,,,25.0,,,,
washington_TE_PIT,Darnell Washington,TE,PIT,9.0,952,952,369,,,,,,1.0,,,,148.0,0.0,0.0,,,,,,14.5,,,,
dulcich_TE_DEN,Greg Dulcich,TE,DEN,14.0,229,245,370,,,,,,1.7,,,,358.0,0.0,0.0,,,,,,30.0,,,,0.0
wilson_WR_PHI,Johnny Wilson,WR,PHI,5.0,996,996,372,,,,,,0.5,,,,121.5,0.0,2.5,,,,,,10.0,,,,
rush_QB_DAL,Cooper Rush,QB,DAL,7.0,820,820,373,1.3,,,,,,,,,,0.0,11.0,298.0,2.0,,,,,,,,0.0
stick_QB_LAC,Easton Stick,QB,LAC,5.0,880,880,374,0.5,,,,,,,,,,0.0,17.5,181.5,1.0,,,,,,,,0.0
browning_QB_CIN,Jake Browning,QB,CIN,12.0,392,393,376,1.5,,,,,,,,,,0.0,25.0,304.0,2.0,,,,,,,,0.0
bell_WR_SF,Ronnie Bell,WR,SF,9.0,359,362,377,,,,,,0.5,,,,67.0,0.0,2.0,,,,,,5.5,,,,
oliver_TE_MIN,Josh Oliver,TE,MIN,6.0,754,755,378,,,,,,1.3,,,,186.0,0.0,0.0,,,,,,18.7,,,,1.0
jones_WR_CIN,Charlie Jones,WR,CIN,12.0,635,636,379,,,,,,0.5,,,,104.0,0.0,2.5,,,,,,8.5,,,,
gipson_WR_NYJ,Xavier Gipson,WR,NYJ,12.0,319,316,380,,,,,,2.0,,,,257.0,0.0,35.0,,,,,,22.5,,,,
york_K_CLE,Cade York,K,CLE,10.0,1013,1013,381,,,,2.0,,,,,,,,,,,8.0,2.0,2.0,,1.0,,,
vaughn_RB_DAL,Deuce Vaughn,RB,DAL,7.0,304,303,382,,,,,,0.7,,,,90.3,1.3,167.0,,,,,,12.0,,,,1.0
strong_RB_CLE,Pierre Strong Jr.,RB,CLE,10.0,889,889,383,,,,,,0.0,,,,15.3,0.7,94.7,,,,,,2.0,,,,0.0
stover_TE_HOU,Cade Stover,TE,HOU,14.0,886,886,384,,,,,,1.5,,,,182.5,,,,,,,,17.0,,,,0.0
ingram_RB_KC,Keaontay Ingram,RB,KC,6.0,593,594,385,,,,,,,,,,10.0,,30.0,,,,,,2.0,,,,
nwangwu_RB_MIN,Kene Nwangwu,RB,MIN,6.0,746,747,386,,,,,,0.0,,,,13.0,0.0,47.0,,,,,,2.0,,,,
milton_QB_NE,Joe Milton III,QB,NE,14.0,720,721,387,1.0,,,,,,,,,,,17.0,190.0,1.0,,,,,,,,1.0
ridder_QB_ARI,Desmond Ridder,QB,ARI,11.0,803,803,388,1.0,,,,,,,,,,0.0,17.5,223.5,1.5,,,,,,,,1.0
brown_WR_HOU,Noah Brown,WR,HOU,14.0,389,390,389,,,,,,2.7,,,,470.0,0.0,1.0,,,,,,30.0,,,,0.0
metchie_WR_HOU,John Metchie III,WR,HOU,14.0,714,715,390,,,,,,0.5,,,,111.5,0.0,4.0,,,,,,9.5,,,,
irwin_WR_CIN,Trenton Irwin,WR,CIN,12.0,595,596,391,,,,,,1.7,,,,261.0,0.0,2.0,,,,,,20.3,,,,0.0
mundt_TE_MIN,Johnny Mundt,TE,MIN,6.0,737,738,392,,,,,,1.5,,,,217.0,,,,,,,,22.0,,,,0.0
travis_QB_NYJ,Jordan Travis,QB,NYJ,12.0,926,926,393,1.0,,,,,,,,,,,10.0,188.0,1.0,,,,,,,,
heath_WR_GB,Malik Heath,WR,GB,10.0,555,556,395,,,,,,1.0,,,,108.0,,3.0,,,,,,9.0,,,,
valdesscantling_WR_BUF,Marquez Valdes-Scantling,WR,BUF,12.0,939,939,396,,,,,,1.5,,,,237.5,0.0,2.0,,,,,,15.5,,,,
jones_QB_JAX,Mac Jones,QB,JAX,12.0,631,632,397,1.0,,,,,,,,,,0.0,17.5,181.5,1.0,,,,,,,,0.0
hollins_WR_BUF,Mack Hollins,WR,BUF,12.0,576,577,398,,,,,,1.0,,,,103.5,0.0,0.0,,,,,,8.0,,,,
homer_RB_CHI,Travis Homer,RB,CHI,7.0,577,578,399,,,,,,0.0,,,,28.5,0.0,36.0,,,,,,4.0,,,,
dallas_RB_ARI,DeeJay Dallas,RB,ARI,11.0,446,447,400,,,,,,0.0,,,,30.5,0.0,40.5,,,,,,4.5,,,,
lance_QB_DAL,Trey Lance,QB,DAL,7.0,664,665,402,1.0,,,,,,,,,,0.0,18.5,177.0,1.0,,,,,,,,0.0
hooper_TE_NE,Austin Hooper,TE,NE,14.0,579,580,403,,,,,,1.0,,,,133.0,,,,,,,,14.0,,,,0.0
tremble_TE_CAR,Tommy Tremble,TE,CAR,11.0,929,929,404,,,,,,3.0,,,,197.5,,,,,,,,21.0,,,,0.0
allen_QB_PIT,Kyle Allen,QB,PIT,9.0,332,335,405,1.0,,,,,,,,,,,13.0,186.0,1.0,,,,,,,,
rogers_TE_WSH,Armani Rogers,TE,WSH,14.0,812,812,406,,,,,,1.0,,,,119.0,,,,,,,,10.0,,,,0.0
jordan_TE_HOU,Brevin Jordan,TE,HOU,14.0,640,641,409,,,,,,3.0,,,,268.5,,,,,,,,19.5,,,,0.0
davis_WR_LAC,Derius Davis,WR,LAC,5.0,456,457,410,,,,,,1.0,,,,131.0,0.0,58.0,,,,,,11.5,,,,
agholor_WR_BAL,Nelson Agholor,WR,BAL,14.0,324,327,411,,,,,,2.5,,,,308.0,0.0,3.0,,,,,,24.5,,,,
ham_RB_MIN,C.J. Ham,RB,MIN,6.0,537,538,412,,,,,,0.0,,,,75.0,1.0,17.0,,,,,,14.0,,,,0.0
smith_TE_KC,Irv Smith Jr.,TE,KC,6.0,862,862,413,,,,,,1.0,,,,110.5,,,,,,,,12.0,,,,0.0
brooks_WR_DAL,Jalen Brooks,WR,DAL,7.0,382,383,415,,,,,,0.0,,,,65.0,0.0,0.0,,,,,,6.0,,,,
hendershot_TE_DAL,Peyton Hendershot,TE,DAL,7.0,559,560,416,,,,,,1.0,,,,122.0,,,,,,,,12.0,,,,0.0
shenault_WR_SEA,Laviska Shenault Jr.,WR,SEA,10.0,845,845,417,,,,,,,,,,69.0,,52.0,,,,,,6.0,,,,
carter_WR_CHI,DeAndre Carter,WR,CHI,7.0,417,418,418,,,,,,0.0,,,,0.0,0.0,0.0,,,,,,0.0,,,,
ali_RB_BAL,Rasheen Ali,RB,BAL,14.0,309,314,419,,,,,,0.0,,,,51.5,1.5,189.0,,,,,,6.5,,,,0.0
westbrookikhine_WR_TEN,Nick Westbrook-Ikhine,WR,TEN,5.0,969,969,420,,,,,,0.5,,,,120.5,0.0,2.0,,,,,,9.0,,,,
hodge_WR_ATL,KhaDarel Hodge,WR,ATL,12.0,570,571,421,,,,,,1.0,,,,231.0,0.0,0.0,,,,,,18.0,,,,
luepke_RB_DAL,Hunter Luepke,RB,DAL,7.0,677,678,423,,,,,,0.0,,,,43.0,2.0,33.0,,,,,,6.5,,,,0.0
robinson_RB_JAX,Keilan Robinson,RB,JAX,12.0,807,807,424,,,,,,0.0,1.0,,,7.5,0.0,16.5,,,,,,1.0,,,,
rudolph_QB_TEN,Mason Rudolph,QB,TEN,5.0,819,819,426,1.0,,,,,,,,,,,4.0,223.0,1.0,,,,,,,,
cracraft_WR_MIA,River Cracraft,WR,MIA,6.0,440,441,428,,,,,,0.0,,,,20.0,0.0,0.0,,,,,,2.0,,,,
clifford_QB_GB,Sean Clifford,QB,GB,10.0,425,426,430,1.0,,,,,,,,,,,12.0,220.0,1.0,,,,,,,,
philips_WR_TEN,Kyle Philips,WR,TEN,5.0,776,777,431,,,,,,0.0,,,,57.5,0.0,2.0,,,,,,5.5,,,,
vaki_RB_DET,Sione Vaki,RB,DET,5.0,938,938,432,,,,,,0.0,,,,14.0,0.0,53.0,,,,,,2.0,,,,
reynolds_RB_DET,Craig Reynolds,RB,DET,5.0,799,799,434,,,,,,,,,,45.0,1.0,138.0,,,,,,6.0,,,,
williams_RB_ATL,Avery Williams,RB,ATL,12.0,983,983,435,,,,,,0.0,,,,30.0,0.0,17.0,,,,,,4.0,,,,
long_TE_LAR,Hunter Long,TE,LAR,6.0,676,677,436,,,,,,0.0,,,,12.0,0.0,0.0,,,,,,1.0,,,,
gaskin_RB_MIN,Myles Gaskin,RB,MIN,6.0,516,517,437,,,,,,0.0,,,,14.0,1.0,100.0,,,,,,2.0,,,,
turner_WR_LV,DJ Turner,WR,LV,10.0,934,934,438,,,,,,0.0,,,,57.0,0.0,0.0,,,,,,5.0,,,,
mitchell_TE_DET,James Mitchell,TE,DET,5.0,724,725,439,,,,,,1.0,,,,124.0,,,,,,,,12.0,,,,0.0
harty_WR_BAL,Deonte Harty,WR,BAL,14.0,550,551,440,,,,,,0.5,,,,66.0,0.0,7.5,,,,,,5.5,,,,
brown_TE_SEA,Pharaoh Brown,TE,SEA,10.0,387,388,441,,,,,,1.0,,,,112.5,,,,,,,,9.0,,,,0.0
huntley_QB_CLE,Tyler Huntley,QB,CLE,10.0,590,591,442,1.0,,,,,,,,,,,24.0,202.0,1.0,,,,,,,,
abanikanda_RB_NYJ,Israel Abanikanda,RB,NYJ,12.0,321,324,443,,,,,,,,,,41.0,1.0,148.0,,,,,,5.0,,,,
burton_RB_DEN,Michael Burton,RB,DEN,14.0,400,401,444,,,,,,0.0,,,,29.0,0.0,32.0,,,,,,4.0,,,,
scott_RB_LAR,Boston Scott,RB,LAR,6.0,834,834,445,,,,,,,,,,22.0,1.0,99.0,,,,,,3.0,,,,
brown_WR_NO,Equanimeous St. Brown,WR,NO,12.0,390,391,446,,,,,,1.0,,,,91.0,,4.0,,,,,,7.0,,,,
proche_WR_CLE,James Proche II,WR,CLE,10.0,787,787,448,,,,,,0.0,,,,0.0,0.0,0.0,,,,,,0.0,,,,
johnson_QB_BAL,Josh Johnson,QB,BAL,14.0,618,619,449,0.0,,,,,,,,,,0.0,26.0,149.0,1.0,,,,,,,,0.0
blackshear_RB_CAR,Raheem Blackshear,RB,CAR,11.0,365,368,450,,,,,,0.0,,,,44.3,0.5,63.3,,,,,,6.0,,,,0.0
evans_RB_CIN,Chris Evans,RB,CIN,12.0,489,490,451,,,,,,0.0,,,,48.0,0.0,41.0,,,,,,7.0,,,,
akins_TE_CLE,Jordan Akins,TE,CLE,10.0,327,330,452,,,,,,1.0,,,,111.3,0.0,0.0,,,,,,11.3,,,,0.0
calcaterra_TE_PHI,Grant Calcaterra,TE,PHI,5.0,406,407,453,,,,,,1.0,,,,117.0,,,,,,,,11.0,,,,0.0
mariota_QB_WSH,Marcus Mariota,QB,WSH,14.0,684,685,456,1.0,,,,,,,,,,0.0,15.0,197.0,1.0,,,,,,,,0.0
green_WR_DET,Antoine Green,WR,DET,5.0,529,530,457,,,,,,1.0,,,,141.0,,,,,,,,12.0,,,,
keenum_QB_HOU,Case Keenum,QB,HOU,14.0,647,648,458,1.0,,,,,,,,,,,8.0,205.0,1.0,,,,,,,,
whyle_TE_TEN,Josh Whyle,TE,TEN,5.0,977,977,459,,,,,,1.0,,,,200.5,0.0,0.0,,,,,,19.0,,,,
eskridge_WR_SEA,Dee Eskridge,WR,SEA,10.0,486,487,460,,,,,,,,,,56.0,,6.0,,,,,,4.0,,,,
barner_TE_SEA,AJ Barner,TE,SEA,10.0,348,351,461,,,,,,1.0,,,,129.0,,,,,,,,12.5,,,,0.0
haskins_RB_TEN,Hassan Haskins,RB,TEN,5.0,551,552,462,,,,,,0.0,,,,41.0,0.0,105.5,,,,,,7.5,,,,0.0
mckenzie_WR_NYG,Isaiah McKenzie,WR,NYG,11.0,703,704,464,,,,,,1.0,,,,107.0,,10.0,,,,,,11.0,,,,
claypool_WR_BUF,Chase Claypool,WR,BUF,12.0,293,295,466,,,,,,1.0,,,,143.0,,5.0,,,,,,11.0,,,,
evans_RB_BUF,Darrynton Evans,RB,BUF,12.0,488,489,467,,,,,,0.0,,,,29.0,0.0,33.0,,,,,,4.0,,,,
wilson_RB_GB,Emanuel Wilson,RB,GB,10.0,992,992,468,,,,,,,,,,15.0,,43.0,,,,,,2.0,,,,
kieft_TE_TB,Ko Kieft,TE,TB,11.0,653,654,469,,,,,,1.0,,,,76.0,0.0,0.0,,,,,,7.0,,,,
heyward_TE_PIT,Connor Heyward,TE,PIT,9.0,562,563,470,,,,,,1.0,,,,135.0,,,,,,,,15.0,,,,0.0
higgins_TE_ARI,Elijah Higgins,TE,ARI,11.0,565,566,471,,,,,,1.3,,,,226.0,0.0,0.0,,,,,,20.7,,,,0.0
alexander_WR_DET,Maurice Alexander,WR,DET,5.0,328,331,472,,,,,,0.0,,,,19.0,0.0,0.0,,,,,,2.0,,,,
pascal_WR_ARI,Zach Pascal,WR,ARI,11.0,762,763,473,,,,,,1.0,,,,119.0,,4.0,,,,,,9.0,,,,
jackson_WR_TEN,Jha'Quan Jackson,WR,TEN,5.0,606,607,474,,,,,,0.0,,,,0.0,0.0,0.0,,,,,,0.0,,,,
manhertz_TE_NYG,Chris Manhertz,TE,NYG,11.0,683,684,475,,,,,,0.0,,,,18.0,0.0,0.0,,,,,,2.0,,,,
perine_RB_PIT,La'Mical Perine,RB,PIT,9.0,772,773,477,,,,,,0.0,,,,26.0,0.0,53.0,,,,,,4.0,,,,
thrash_WR_CLE,Jamari Thrash,WR,CLE,10.0,914,914,478,,,,,,1.0,,,,141.0,,6.0,,,,,,11.0,,,,
thompson_QB_MIA,Skylar Thompson,QB,MIA,6.0,909,909,479,1.0,,,,,,,,,,,20.0,161.0,1.0,,,,,,,,
harris_RB_NE,Kevin Harris,RB,NE,14.0,544,545,480,,,,,,0.0,,,,43.5,1.0,140.5,,,,,,6.0,,,,
tucker_RB_TB,Sean Tucker,RB,TB,11.0,931,931,481,,,,,,0.0,,,,24.0,0.0,40.0,,,,,,3.0,,,,
gray_WR_SF,Danny Gray,WR,SF,9.0,528,529,482,,,,,,0.5,,,,56.5,0.0,2.0,,,,,,4.5,,,,
duvernay_WR_JAX,Devin Duvernay,WR,JAX,12.0,477,478,484,,,,,,,,,,64.0,,12.0,,,,,,5.0,,,,
turpin_WR_DAL,KaVontae Turpin,WR,DAL,7.0,936,936,486,,,,,,3.0,,,,215.3,0.5,80.7,,,,,,18.3,,,,1.0
bell_WR_CLE,David Bell,WR,CLE,10.0,358,361,487,,,,,,0.5,,,,134.0,0.0,2.5,,,,,,13.0,,,,
pierce_WR_IND,Alec Pierce,WR,IND,14.0,296,306,488,,,,,,2.0,,,,382.0,,5.0,,,,,,25.0,,,,
trautman_TE_DEN,Adam Trautman,TE,DEN,14.0,925,925,491,,,,,,2.0,,,,182.0,,,,,,,,19.0,,,,0.0
flournoy_WR_DAL,Ryan Flournoy,WR,DAL,7.0,503,504,492,,,,,,1.0,,,,156.0,0.0,0.0,,,,,,13.0,,,,
davisprice_RB_PHI,Tyrion Davis-Price,RB,PHI,5.0,460,461,494,,,,,,0.0,,,,1.5,0.0,17.0,,,,,,0.5,,,,
reagor_WR_NE,Jalen Reagor,WR,NE,14.0,793,793,495,,,,,,1.0,,,,106.0,,4.0,,,,,,8.0,,,,
dissly_TE_LAC,Will Dissly,TE,LAC,5.0,464,465,496,,,,,,1.0,,,,130.0,,,,,,,,13.0,,,,0.0
woods_WR_HOU,Robert Woods,WR,HOU,14.0,1005,1005,497,,,,,,2.0,,,,308.0,0.0,7.5,,,,,,28.0,,,,0.0
moore_WR_ARI,Chris Moore,WR,ARI,11.0,727,728,498,,,,,,1.0,,,,138.0,,10.0,,,,,,11.0,,,,
trask_QB_TB,Kyle Trask,QB,TB,11.0,924,924,499,0.5,,,,,,,,,,0.0,6.5,160.0,1.0,,,,,,,,0.0
latu_TE_SF,Cameron Latu,TE,SF,9.0,667,668,500,,,,,,1.0,,,,121.0,,,,,,,,10.0,,,,0.0
slye_K_NE,Joey Slye,K,NE,14.0,859,859,501,,,,2.0,,,,,,,,,,,10.0,2.0,2.0,,1.0,,,
goodson_RB_IND,Tyler Goodson,RB,IND,14.0,521,522,503,,,,,,0.0,,,,28.0,1.0,128.0,,,,,,4.0,,,,0.0
shepard_WR_TB,Sterling Shepard,WR,TB,11.0,847,847,504,,,,,,0.0,,,,50.0,0.0,0.0,,,,,,5.0,,,,
sample_TE_CIN,Drew Sample,TE,CIN,12.0,825,825,505,,,,,,1.0,,,,113.0,,,,,,,,12.5,,,,0.0
brissett_QB_NE,Jacoby Brissett,QB,NE,,205,216,506,4.5,,,,,,,,,,0.0,43.5,822.0,5.0,,,,,,,,1.0
mason_RB_SF,Jordan Mason,RB,SF,,279,292,508,,,,,,0.0,,,,15.7,1.5,120.3,,,,,,2.3,,,,0.0
tucker_WR_LV,Tre Tucker,WR,LV,,306,304,509,,,,,,2.0,,,,362.0,0.0,21.0,,,,,,31.5,,,,
mingo_WR_CAR,Jonathan Mingo,WR,CAR,,305,308,510,,,,,,1.7,,,,380.0,0.0,2.7,,,,,,32.7,,,,0.0
hull_RB_IND,Evan Hull,RB,IND,,307,311,511,,,,,,0.0,,,,56.0,1.0,200.0,,,,,,8.0,,,,
johnson_RB_BUF,Ty Johnson,RB,BUF,,310,319,512,,,,,,1.0,,,,119.0,1.0,188.0,,,,,,16.0,,,,
miller_WR_PIT,Scotty Miller,WR,PIT,,277,322,513,,,,,,0.0,,,,69.5,0.0,2.0,,,,,,5.5,,,,
abdullah_RB_LV,Ameer Abdullah,RB,LV,,322,325,515,,,,,,0.0,,,,97.0,0.0,135.5,,,,,,13.0,,,,0.0
ahmed_RB_MIA,Salvon Ahmed,RB,MIA,,326,329,517,,,,,,,,,,45.0,,52.0,,,,,,6.0,,,,
aliecox_TE_IND,Mo Alie-Cox,TE,IND,,330,333,519,,,,,,2.3,,,,131.3,0.0,0.0,,,,,,11.0,,,,0.0
all_TE_CIN,Erick All,TE,CIN,,331,334,520,,,,,,1.0,,,,124.0,,,,,,,,13.0,,,,0.0
allen_TE_LAR,Davis Allen,TE,LAR,,334,337,522,,,,,,1.0,,,,123.5,,,,,,,,12.0,,,,0.0
atwell_WR_LAR,Tutu Atwell,WR,LAR,,339,342,527,,,,,,1.0,,,,253.5,0.0,14.5,,,,,,19.5,,,,
bailey_RB_KC,Emani Bailey,RB,KC,,346,349,533,,,,,,,,,,60.0,1.0,157.0,,,,,,8.0,,,,
bates_TE_WSH,John Bates,TE,WSH,,351,354,536,,,,,,0.5,,,,89.7,0.0,0.0,,,,,,9.7,,,,0.0
bawden_RB_NYJ,Nick Bawden,RB,NYJ,,353,356,538,,,,,,0.0,,,,25.0,3.0,17.0,,,,,,3.0,,,,0.0
beathard_QB_JAX,C.J. Beathard,QB,JAX,,355,358,540,1.0,,,,,,,,,,,15.0,186.0,1.0,,,,,,,,
beck_RB_HOU,Andrew Beck,RB,HOU,,356,359,541,,,,,,2.0,,,,123.0,1.0,10.0,,,,,,13.5,,,,3.0
bell_TE_NE,Jaheim Bell,TE,NE,,357,360,542,,,,,,2.0,,,,253.0,,,,,,,,23.0,,,,
bennett_QB_LAR,Stetson Bennett,QB,LAR,,360,363,543,,,,,,,,,,,,13.0,92.0,1.0,,,,,,,,
blasingame_RB_CHI,Khari Blasingame,RB,CHI,,367,370,547,,,,,,0.0,,,,14.0,0.0,0.0,,,,,,2.0,,,,
bolden_RB_LV,Brandon Bolden,RB,LV,,369,372,548,,,,,,0.0,,,,56.0,2.0,117.0,,,,,,6.0,,,,0.0
boutte_WR_NE,Kayshon Boutte,WR,NE,,373,375,551,,,,,,1.0,,,,138.0,,5.0,,,,,,11.0,,,,
bradley_QB_LV,Carter Bradley,QB,LV,,377,379,554,0.0,,,,,,,,,,0.0,7.0,107.0,1.0,,,,,,,,0.0
bridgewater_QB_DET,Teddy Bridgewater,QB,DET,,378,380,555,0.0,,,,,,,,,,0.0,21.0,178.0,1.0,,,,,,,,0.0
brooks_RB_MIA,Chris Brooks,RB,MIA,,381,382,557,,,,,,0.0,,,,29.0,0.0,50.0,,,,,,4.0,,,,
brown_WR_WSH,Dyami Brown,WR,WSH,,391,392,562,,,,,,1.0,,,,132.0,,3.0,,,,,,11.0,,,,
brownlee_WR_NYJ,Jason Brownlee,WR,NYJ,,393,394,563,,,,,,1.0,,,,138.0,,3.0,,,,,,11.0,,,,
bryant_TE_LV,Harrison Bryant,TE,LV,,394,395,564,,,,,,1.0,,,,122.0,,,,,,,,12.0,,,,
bullock_K_NYG,Randy Bullock,K,NYG,,396,397,566,,,,,,,,,,,,,,,0.0,,,,,,,
cager_TE_NYG,Lawrence Cager,TE,NYG,,404,405,572,,,,,,0.0,,,,19.0,0.0,0.0,,,,,,2.0,,,,
carter_RB_ARI,Michael Carter,RB,ARI,,415,416,579,,,,,,0.0,,,,68.7,1.0,145.0,,,,,,10.3,,,,0.0
chestnut_RB_TEN,Julius Chestnut,RB,TEN,,422,423,585,,,,,,0.0,,,,61.0,1.0,111.0,,,,,,9.0,,,,
conley_WR_SF,Chris Conley,WR,SF,,431,432,593,,,,,,1.0,,,,111.0,,4.0,,,,,,9.0,,,,
cowing_WR_SF,Jacob Cowing,WR,SF,,439,440,600,,,,,,1.0,,,,134.0,,6.0,,,,,,11.0,,,,
crowder_WR_WSH,Jamison Crowder,WR,WSH,,441,442,601,,,,,,1.0,,,,178.0,0.0,0.0,,,,,,19.0,,,,
culp_TE_TB,Devin Culp,TE,TB,,442,443,602,,,,,,0.7,,,,89.3,0.0,0.0,,,,,,8.7,,,,0.0
cunningham_WR_BAL,Malik Cunningham,WR,BAL,,444,445,604,0.0,,,,,,,,,,0.0,5.0,0.0,0.0,,,,,,,,0.0
davis_RB_DAL,Malik Davis,RB,DAL,,451,452,609,,,,,,,,,,23.0,,55.0,,,,,,3.0,,,,
davis_RB_NYJ,Isaiah Davis,RB,NYJ,,452,453,610,,,,,,0.0,,,,44.0,1.5,193.5,,,,,,6.0,,,,
davis_TE_GB,Tyler Davis,TE,GB,,453,454,611,,,,,,0.0,,,,18.0,0.0,0.0,,,,,,2.0,,,,
deguara_TE_JAX,Josiah Deguara,TE,JAX,,461,462,617,,,,,,1.0,,,,73.0,,,,,,,,8.5,,,,0.0
demercado_RB_ARI,Emari Demercado,RB,ARI,,462,463,618,,,,,,0.5,,,,130.0,1.5,181.5,,,,,,19.5,,,,0.5
dotson_RB_LAC,Elijah Dotson,RB,LAC,,468,469,621,,,,,,,,,,30.0,1.0,80.0,,,,,,4.0,,,,
dulin_WR_IND,Ashton Dulin,WR,IND,,474,475,627,,,,,,1.0,,,,102.0,,4.0,,,,,,9.0,,,,
durham_TE_TB,Payne Durham,TE,TB,,476,477,629,,,,,,1.0,,,,133.5,,,,,,,,12.5,,,,0.0
eason_QB_GB,Jacob Eason,QB,GB,,479,480,631,1.0,,,,,,,,,,0.0,7.0,138.0,1.0,,,,,,,,0.0
edmonds_RB_TB,Chase Edmonds,RB,TB,,481,482,633,,,,,,0.0,,,,129.5,1.5,224.0,,,,,,18.5,,,,0.0
ehlinger_QB_IND,Sam Ehlinger,QB,IND,,483,484,635,,,,,,,,,,,,8.0,76.0,1.0,,,,,,,,
estim_RB_DEN,Audric Estim√©,RB,DEN,,487,488,638,,,,,,,,,,83.0,2.0,297.0,,,,,,13.0,,,,2.0
evans_RB_LAR,Zach Evans,RB,LAR,,490,491,639,,,,,,,,,,29.0,1.0,105.0,,,,,,4.0,,,,
farrell_TE_JAX,Luke Farrell,TE,JAX,,495,496,642,,,,,,1.0,,,,103.0,0.0,0.0,,,,,,10.0,,,,0.0
fortson_TE_MIA,Jody Fortson Jr.,TE,MIA,,508,509,652,,,,,,1.0,,,,95.0,,,,,,,,9.0,,,,
gathings_TE_KC,Izaiah Gathings,TE,KC,,517,518,657,,,,,,1.0,,,,129.0,,,,,,,,13.0,,,,0.0
gentry_TE_LV,Zach Gentry,TE,LV,,518,519,658,,,,,,0.0,,,,18.0,0.0,0.0,,,,,,2.0,,,,
gould_WR_IND,Anthony Gould,WR,IND,,523,524,662,,,,,,0.0,,,,70.0,0.0,0.0,,,,,,6.0,,,,
graham_TE_NO,Jimmy Graham,TE,NO,,524,525,663,,,,,,3.0,,,,49.0,,,,,,,,6.0,,,,0.0
granson_TE_IND,Kylen Granson,TE,IND,,526,527,665,,,,,,1.5,,,,266.5,,,,,,,,22.5,,,,0.0
guyton_WR_LV,Jalen Guyton,WR,LV,,533,534,668,,,,,,1.0,,,,125.0,0.0,37.5,,,,,,9.0,,,,
hall_QB_MIN,Jaren Hall,QB,MIN,,536,537,671,1.0,,,,,,,,,,,26.0,174.0,1.0,,,,,,,,
hamler_WR_BUF,KJ Hamler,WR,BUF,,538,539,672,,,,,,1.0,,,,125.0,,5.0,,,,,,9.0,,,,
hardison_QB_MIA,Gavin Hardison,QB,MIA,,539,540,673,0.0,,,,,,,,,,0.0,9.0,129.0,1.0,,,,,,,,0.0
hartman_QB_WSH,Sam Hartman,QB,WSH,,549,550,681,,,,,,,,,,,,7.0,100.0,1.0,,,,,,,,
hasty_RB_NE,JaMycal Hasty,RB,NE,,552,553,682,,,,,,0.0,,,,35.5,1.0,66.5,,,,,,6.0,,,,0.0
heinicke_QB_ATL,Taylor Heinicke,QB,ATL,,557,558,686,1.0,,,,,,,,,,,14.0,220.0,1.0,,,,,,,,1.0
hill_QB_NO,Taysom Hill,QB,NO,,567,568,692,0.0,,,,,1.0,,,,205.0,4.5,351.5,54.0,0.0,,,,20.0,,,,1.0
hines_RB_CLE,Nyheim Hines,RB,CLE,,569,570,694,,,,,,0.5,,,,95.0,1.0,79.7,,,,,,12.7,,,,0.0
hodgins_WR_NYG,Isaiah Hodgins,WR,NYG,,572,573,695,,,,,,1.0,,,,183.0,,4.0,,,,,,14.0,,,,
holker_TE_NO,Dallin Holker,TE,NO,,574,575,697,,,,,,1.0,,,,124.0,,,,,,,,12.0,,,,0.0
hopkins_TE_LAR,Brycen Hopkins,TE,LAR,,580,581,699,,,,,,1.0,,,,159.0,,,,,,,,11.0,,,,0.0
hudson_TE_CIN,Tanner Hudson,TE,CIN,,586,587,704,,,,,,1.5,,,,179.5,,,,,,,,18.5,,,,0.0
hunt_RB_CLE,Kareem Hunt,RB,CLE,,589,590,706,,,,,,0.0,,,,17.0,2.0,141.0,,,,,,3.0,,,,0.0
hutchinson_WR_HOU,Xavier Hutchinson,WR,HOU,,591,592,707,,,,,,1.0,,,,175.0,,19.0,,,,,,14.0,,,,
iosivas_WR_CIN,Andrei Iosivas,WR,CIN,,594,595,708,,,,,,2.0,,,,283.0,0.0,3.5,,,,,,24.0,,,,
jarrett_WR_TB,Rakim Jarrett,WR,TB,,610,611,721,,,,,,0.5,,,,97.5,0.0,5.0,,,,,,8.0,,,,
jefferson_WR_PIT,Van Jefferson,WR,PIT,,613,614,723,,,,,,2.0,,,,354.5,0.0,6.0,,,,,,26.0,,,,
johnson_RB_CAR,Dillon Johnson,RB,CAR,,619,620,728,,,,,,,,,,26.0,1.0,126.0,,,,,,4.0,,,,
johnson_RB_JAX,D'Ernest Johnson,RB,JAX,,620,621,729,,,,,,0.0,,,,42.5,1.0,152.5,,,,,,6.0,,,,
johnson_WR_DEN,Brandon Johnson,WR,DEN,,625,626,733,,,,,,3.5,,,,282.5,0.0,5.5,,,,,,20.5,,,,0.0
jones_WR_JAX,Tim Jones,WR,JAX,,636,637,741,,,,,,1.0,,,,95.0,,4.0,,,,,,8.0,,,,
jordan_RB_HOU,Jawhar Jordan,RB,HOU,,639,640,744,,,,,,,,,,30.0,1.0,134.0,,,,,,4.0,,,,
knox_TE_MIN,Trey Knox,TE,MIN,,658,659,756,,,,,,1.0,,,,125.0,,,,,,,,12.0,,,,0.0
kolar_TE_BAL,Charlie Kolar,TE,BAL,,660,661,758,,,,,,,,,,51.0,,,,,,,,5.0,,,,
krull_TE_DEN,Lucas Krull,TE,DEN,,661,662,759,,,,,,0.5,,,,119.0,0.0,0.0,,,,,,11.0,,,,
leary_QB_BAL,Devin Leary,QB,BAL,,668,669,764,,,,,,,,,,,,,65.0,,,,,,,,,
maher_K_LAR,Brett Maher,K,LAR,,681,682,772,,,,,,,,,,,,,,,0.0,,,,,,,
mallory_TE_IND,Will Mallory,TE,IND,,682,683,773,,,,,,2.0,,,,241.0,,,,,,,,23.0,,,,
marshall_WR_CAR,Terrace Marshall Jr.,WR,CAR,,685,686,774,,,,,,,,,,64.0,,4.0,,,,,,5.0,,,,
mcbride_RB_MIN,DeWayne McBride,RB,MIN,,695,696,784,,,,,,,,,,36.0,1.0,147.0,,,,,,5.0,,,,
mcclellan_RB_ATL,Jase McClellan,RB,ATL,,696,697,785,,,,,,1.0,,,,75.0,1.0,118.0,,,,,,10.0,,,,
mcintosh_RB_SEA,Kenny McIntosh,RB,SEA,,701,702,789,,,,,,0.0,,,,36.5,1.0,82.0,,,,,,5.0,,,,
mckee_QB_PHI,Tanner McKee,QB,PHI,,702,703,790,,,,,,,,,,,,8.0,80.0,1.0,,,,,,,,
mckinnon_RB_KC,Jerick McKinnon,RB,KC,,705,706,792,,,,,,1.0,,,,82.0,0.0,42.0,,,,,,10.0,,,,0.0
mclachlan_TE_CIN,Tanner McLachlan,TE,CIN,,707,708,794,,,,,,1.0,,,,123.5,,,,,,,,12.5,,,,0.0
mcnichols_RB_WSH,Jeremy McNichols,RB,WSH,,710,711,796,,,,,,0.5,,,,58.0,0.0,60.5,,,,,,7.0,,,,0.0
means_WR_NO,Bub Means,WR,NO,,711,712,797,,,,,,1.0,,,,220.0,0.0,0.0,,,,,,18.0,,,,
mills_QB_HOU,Davis Mills,QB,HOU,,719,720,803,0.5,,,,,,,,,,0.0,13.5,184.5,1.0,,,,,,,,0.0
milton_RB_PHI,Kendall Milton,RB,PHI,,721,722,804,,,,,,0.0,,,,25.0,2.0,146.0,,,,,,2.0,,,,0.0
mims_RB_NO,Jordan Mims,RB,NO,,722,723,805,,,,,,0.0,,,,0.0,0.0,17.0,,,,,,0.0,,,,
montgomery_WR_IND,D.J. Montgomery,WR,IND,,726,727,808,,,,,,1.0,,,,192.0,,6.0,,,,,,16.0,,,,
moore_WR_CAR,David Moore,WR,CAR,,728,729,809,,,,,,1.0,,,,135.0,,5.0,,,,,,9.0,,,,
moreau_TE_NO,Foster Moreau,TE,NO,,731,732,811,,,,,,1.0,,,,140.0,0.0,0.0,,,,,,12.7,,,,0.0
morris_TE_BUF,Quintin Morris,TE,BUF,,734,735,814,,,,,,1.5,,,,99.5,,,,,,,,9.5,,,,0.0
mullens_QB_MIN,Nick Mullens,QB,MIN,,736,737,816,1.0,,,,,,,,,,,9.0,210.0,1.0,,,,,,,,
ogletree_TE_IND,Andrew Ogletree,TE,IND,,749,750,826,,,,,,1.0,,,,161.0,,,,,,,,10.0,,,,0.0
ogunbowale_RB_HOU,Dare Ogunbowale,RB,HOU,,750,751,827,,,,,,0.0,,,,81.0,1.0,86.5,,,,,,11.0,,,,
okwuegbunam_TE_PHI,Albert Okwuegbunam,TE,PHI,,751,752,828,,,,,,1.0,,,,107.0,,,,,,,,11.0,,,,0.0
olszewski_WR_NYG,Gunner Olszewski,WR,NYG,,756,757,832,,,,,,0.0,,,,0.0,0.0,0.0,,,,,,0.0,,,,
parham_TE_LAC,Donald Parham Jr.,TE,LAC,,760,761,835,,,,,,3.5,,,,227.0,,,,,,,,21.5,,,,0.0
patrick_WR_DEN,Tim Patrick,WR,DEN,,763,764,837,,,,,,3.3,,,,401.0,0.0,1.3,,,,,,31.0,,,,0.0
patterson_K_WSH,Riley Patterson,K,WSH,,764,765,838,,,,8.1,,,,,,,,,,,26.0,5.4,6.0,,2.1,,0.2,
patterson_RB_LAC,Jaret Patterson,RB,LAC,,765,766,839,,,,,,0.0,,,,28.0,0.0,71.0,,,,,,4.0,,,,
patterson_RB_PIT,Cordarrelle Patterson,RB,PIT,,766,767,840,,,,,,0.0,1.0,,,61.0,1.0,132.0,,,,,,8.0,,,,
pratt_QB_GB,Michael Pratt,QB,GB,,784,784,850,0.5,,,,,,,,,,0.0,10.0,156.0,1.0,,,,,,,,0.0
prentice_RB_NO,Adam Prentice,RB,NO,,785,785,851,,,,,,0.0,,,,32.0,0.0,19.0,,,,,,4.0,,,,
pringle_WR_WSH,Byron Pringle,WR,WSH,,786,786,852,,,,,,1.0,,,,87.0,,4.0,,,,,,7.0,,,,
pruitt_TE_PIT,MyCole Pruitt,TE,PIT,,788,788,853,,,,,,2.0,,,,102.0,,,,,,,,9.0,,,,0.0
quitoriano_TE_HOU,Teagan Quitoriano,TE,HOU,,790,790,855,,,,,,2.0,,,,179.0,,,,,,,,11.0,,,,0.0
reiman_TE_ARI,Tip Reiman,TE,ARI,,796,796,857,,,,,,0.7,,,,99.3,0.0,0.0,,,,,,10.3,,,,0.0
ricci_TE_CLE,Giovanni Ricci,TE,CLE,,802,802,861,,,,,,1.0,,,,72.0,0.0,0.0,,,,,,7.0,,,,
rivers_RB_LAR,Ronnie Rivers,RB,LAR,,805,805,863,,,,,,0.0,,,,45.5,1.0,162.5,,,,,,6.0,,,,0.0
rodriguez_RB_WSH,Chris Rodriguez Jr.,RB,WSH,,811,811,868,,,,,,0.0,,,,71.5,1.5,196.0,,,,,,10.0,,,,
rosemyjacksaint_WR_WSH,Marcus Rosemy-Jacksaint,WR,WSH,,813,813,869,,,,,,1.0,,,,126.0,,6.0,,,,,,10.0,,,,
ross_WR_KC,Justyn Ross,WR,KC,,814,814,870,,,,,,1.0,,,,103.0,,,,,,,,8.0,,,,
rourke_QB_ATL,Nathan Rourke,QB,ATL,,816,816,872,0.0,,,,,,,,,,0.0,8.0,96.0,1.0,,,,,,,,0.0
ruckert_TE_NYJ,Jeremy Ruckert,TE,NYJ,,818,818,874,,,,,,1.0,,,,151.5,,,,,,,,14.5,,,,0.0
russell_TE_SEA,Brady Russell,TE,SEA,,821,821,875,,,,,,0.0,,,,19.0,0.0,0.0,,,,,,2.0,,,,
saylors_RB_NYG,Jacob Saylors,RB,NYG,,828,828,879,,,,,,0.0,,,,28.0,0.0,29.0,,,,,,4.0,,,,
schrader_RB_SF,Cody Schrader,RB,SF,,832,832,882,,,,,,,,,,5.0,,65.0,,,,,,2.0,,,,
sherfield_WR_MIN,Trent Sherfield Sr.,WR,MIN,,848,848,894,,,,,,0.5,,,,119.0,0.0,2.0,,,,,,9.0,,,,
sims_TE_GB,Ben Sims,TE,GB,,854,854,900,,,,,,1.0,,,,55.5,0.0,0.0,,,,,,6.5,,,,0.0
skowronek_WR_HOU,Ben Skowronek,WR,HOU,,857,857,903,,,,,,1.0,,,,111.0,,4.0,,,,,,9.0,,,,
smartt_TE_LAC,Stone Smartt,TE,LAC,,861,861,906,,,,,,1.0,,,,122.5,,,,,,,,10.0,,,,0.0
smithmarsette_WR_CAR,Ihmir Smith-Marsette,WR,CAR,,867,867,910,,,,,,0.0,,,,38.0,0.0,28.0,,,,,,3.0,,,,
spiller_RB_LAC,Isaiah Spiller,RB,LAC,,874,874,915,,,,,,0.0,,,,25.0,1.0,133.0,,,,,,4.0,,,,0.0
stephens_TE_DAL,John Stephens Jr.,TE,DAL,,879,879,920,,,,,,0.0,,,,41.0,0.0,0.0,,,,,,4.0,,,,
stoll_TE_NYG,Jack Stoll,TE,NYG,,884,884,923,,,,,,1.0,,,,95.0,,,,,,,,9.0,,,,
strange_TE_JAX,Brenton Strange,TE,JAX,,888,888,926,,,,,,1.5,,,,116.0,,,,,,,,12.5,,,,0.0
sullivan_TE_CAR,Stephen Sullivan,TE,CAR,,891,891,928,,,,,,1.0,,,,166.0,,,,,,,,16.0,,,,0.0
tannehill_QB_TEN,Ryan Tannehill,QB,TEN,,895,895,932,1.0,,,,,,,,,,0.0,17.0,134.0,1.0,,,,,,,,0.0
taylor_RB_SF,Patrick Taylor Jr.,RB,SF,,899,899,934,,,,,,,,,,15.0,,17.0,,,,,,2.0,,,,
team_DST_WSH,Team,DST,WSH,,902,902,936,,0.0,13.0,,28.3,,2.8,,51.4,,,,,,,,,,,13.0,,13.0
thomas_TE_CAR,Ian Thomas,TE,CAR,,904,904,938,,,,,,1.0,,,,138.0,,,,,,,,13.5,,,,0.0
thompkins_WR_CAR,Deven Thompkins,WR,CAR,,908,908,941,,,,,,1.0,,,,139.0,,36.0,,,,,,12.0,,,,
thompsonrobinson_QB_CLE,Dorian Thompson-Robinson,QB,CLE,,912,912,944,,,,,,,,,,,,13.0,87.0,,,,,,,,,
thornton_WR_NE,Tyquan Thornton,WR,NE,,913,913,945,,,,,,1.0,,,,117.0,,8.0,,,,,,9.0,,,,
tillman_WR_CLE,Cedric Tillman,WR,CLE,,915,915,946,,,,,,2.0,,,,310.5,0.0,2.5,,,,,,23.5,,,,
tonyan_TE_MIN,Robert Tonyan,TE,MIN,,921,921,951,,,,,,1.0,,,,136.5,,,,,,,,13.5,,,,0.0
tune_QB_ARI,Clayton Tune,QB,ARI,,932,932,955,1.0,,,,,,,,,,,7.0,180.0,1.0,,,,,,,,
turner_TE_WSH,Cole Turner,TE,WSH,,933,933,956,,,,,,0.5,,,,68.0,0.0,0.0,,,,,,6.0,,,,0.0
vokolek_TE_ARI,Travis Vokolek,TE,ARI,,944,944,962,,,,,,1.0,,,,102.0,,,,,,,,11.0,,,,0.0
wallace_WR_BAL,Tylan Wallace,WR,BAL,,947,947,964,,,,,,,,,,64.0,,4.0,,,,,,5.0,,,,
washington_WR_JAX,Parker Washington,WR,JAX,,955,955,970,,,,,,3.0,,,,386.0,,12.0,,,,,,36.0,,,,
watkins_WR_PIT,Quez Watkins,WR,PIT,,958,958,973,,,,,,1.0,,,,196.0,,5.0,,,,,,14.0,,,,
watson_RB_DEN,Blake Watson,RB,DEN,,959,959,974,,,,,,,,,,29.0,1.0,108.0,,,,,,4.0,,,,
wiley_TE_KC,Jared Wiley,TE,KC,,981,981,990,,,,,,0.7,,,,98.7,0.0,0.0,,,,,,9.7,,,,0.0
wilkerson_WR_LV,Kristian Wilkerson,WR,LV,,982,982,991,,,,,,0.0,,,,19.0,0.0,0.0,,,,,,2.0,,,,
williams_RB_CIN,Trayveon Williams,RB,CIN,,984,984,992,,,,,,0.0,,,,59.0,1.0,167.0,,,,,,9.0,,,,
willis_QB_TEN,Malik Willis,QB,TEN,,989,989,997,1.0,,,,,,,,,,,26.0,168.0,1.0,,,,,,,,
willis_TE_SF,Brayden Willis,TE,SF,,990,990,998,,,,,,1.0,,,,121.0,,,,,,,,10.0,,,,0.0
wilson_RB_MIA,Jeff Wilson,RB,MIA,,993,993,999,,,,,,0.0,,,,25.0,1.0,125.5,,,,,,3.5,,,,0.0
wilson_WR_NO,Cedrick Wilson Jr.,WR,NO,,995,995,1001,,,,,,2.7,,,,297.0,0.0,3.0,,,,,,23.3,,,,0.0
woerner_TE_ATL,Charlie Woerner,TE,ATL,,1002,1002,1005,,,,,,0.0,,,,38.0,0.0,0.0,,,,,,4.0,,,,
woods_WR_CLE,Mike Woods,WR,CLE,,1004,1004,1007,,,,,,1.0,,,,119.0,,4.0,,,,,,9.0,,,,
zaccheaus_WR_WSH,Olamide Zaccheaus,WR,WSH,,1015,1015,1015,,,,,,1.0,,,,147.0,,5.0,,,,,,11.0,,,,
zappe_QB_NE,Bailey Zappe,QB,NE,,1016,1016,1016,1.0,,,,,,,,,,,15.0,200.0,1.0,,,,,,,,
