name,pos,madden_ovr
tom_brady,QB,99
rob_gronkowski,TE,99
antonio_brown,WR,99
von_miller,LOLB,99
aaron_rodgers,QB,99
luke_kuechly,MLB,99
aaron_donald,RE,99
jj_watt,LE,98
khalil_mack,LE,98
julio_jones,WR,98
jalen_ramsey,CB,97
david_bakhtiari,LT,97
harrison_smith,FS,97
bobby_wagner,MLB,97
leveon_bell,RB,96
eric_berry,SS,96
travis_frederick,C,96
sean_lee,ROLB,96
zack_martin,RG,96
david_decastro,RG,95
rodney_hudson,C,95
travis_kelce,TE,95
odell_beckham,WR,95
damon_harrison_sr,DT,95
tyron_smith,LT,95
lavonte_david,ROLB,95
cameron_jordan,LE,95
earl_thomas_iii,FS,95
deandre_hopkins,WR,94
aj_bouye,CB,94
malcolm_jenkins,SS,94
jordan_reed,TE,94
trent_williams,LT,94
ndamukong_suh,DT,94
aj_green,WR,93
tyrann_mathieu,FS,93
delanie_walker,TE,93
brandon_brooks,RG,93
fletcher_cox,DT,93
brandon_graham,LE,93
desmond_trufant,CB,93
david_johnson,RB,93
micah_hyde,SS,92
devin_mccourty,FS,92
marshal_yanda,RG,92
calais_campbell,LE,92
keenan_allen,WR,92
ezekiel_elliott,RB,92
jason_kelce,C,92
everson_griffen,RE,92
greg_olsen,TE,92
xavier_rhodes,CB,92
todd_gurley_ii,RB,92
patrick_peterson,CB,92
russell_wilson,QB,92
reshad_jones,SS,91
geno_atkins,DT,91
jadeveon_clowney,ROLB,91
andrew_norwell,LG,91
casey_hayward,CB,91
zach_ertz,TE,91
lane_johnson,RT,91
demarcus_lawrence,LE,91
jason_peters,LT,91
mike_daniels,RE,91
darius_slay,CB,91
drew_brees,QB,91
devonta_freeman,RB,91
michael_thomas,WR,91
lesean_mccoy,RB,90
telvin_smith,ROLB,90
joey_bosa,LE,90
justin_houston,LOLB,90
melvin_ingram_iii,RE,90
kelechi_osemele,LG,90
alshon_jeffery,WR,90
brandon_scherff,RG,90
adrian_amos,SS,90
stefon_diggs,WR,90
linval_joseph,DT,90
deion_jones,MLB,90
marshon_lattimore,CB,90
alex_mack,C,90
gerald_mccoy,DT,90
doug_baldwin,WR,90
kam_chancellor,SS,90
lamarcus_joyner,FS,90
richard_sherman,CB,90
joe_staley,LT,90
cameron_wake,LE,89
tyler_eifert,TE,89
jimmy_smith,CB,89
brandon_williams,LE,89
joel_bitonio,LG,89
ty_hilton,WR,89
jabaal_sheard,RE,89
kevin_zeitler,RG,89
kevin_byard,FS,89
jurrell_casey,RE,89
brandon_linder,C,89
melvin_gordon_iii,RB,89
kareem_hunt,RB,89
golden_tate_iii,WR,89
kawann_short,DT,89
mike_evans,WR,89
keanu_neal,SS,89
matt_ryan,QB,89
larry_fitzgerald,WR,89
chandler_jones,RE,89
aqib_talib,CB,89
josh_sitton,LG,88
julian_edelman,WR,88
jordan_poyer,FS,88
tredavious_white,CB,88
cameron_heyward,LE,88
ben_roethlisberger,QB,88
myles_garrett,RE,88
chris_harris,CB,88
emmanuel_sanders,WR,88
demaryius_thomas,WR,88
hunter_henry,TE,88
michael_bennett,RE,88
landon_collins,SS,88
janoris_jenkins,CB,88
davante_adams,WR,88
zach_brown,MLB,88
kenny_clark,DT,88
cam_newton,QB,88
adam_thielen,WR,88
demar_dotson,RT,88
alvin_kamara,RB,88
michael_brockers,LE,88
andrew_whitworth,LT,88
william_hayes,LE,87
stephon_gilmore,CB,87
jason_mccourty,CB,87
vontaze_burfict,ROLB,87
michael_pierce,DT,87
andre_hal,SS,87
jarvis_landry,WR,87
andrew_luck,QB,87
malcolm_butler,CB,87
leonard_fournette,RB,87
dion_lewis,RB,87
tyreek_hill,WR,87
chris_jones,RE,87
philip_rivers,QB,87
legarrette_blount,RB,87
ha_ha_clinton-dix,FS,87
marvin_jones,WR,87
ryan_kerrigan,LOLB,87
josh_norman,CB,87
glover_quin,FS,87
dj_swearinger,SS,87
christian_mccaffrey,RB,87
allen_robinson,WR,87
ryan_ramczyk,RT,87
brandin_cooks,WR,87
reuben_foster,MLB,87
marcus_peters,CB,87
jamal_adams,SS,86
trey_flowers,RE,86
marcus_gilbert,RT,86
ryan_shazier,MLB,86
terrell_suggs,ROLB,86
justin_tucker,K,86
stephon_tuitt,RE,86
eric_weddle,FS,86
derrick_henry,RB,86
yannick_ngakoue,RE,86
brian_orakpo,ROLB,86
amari_cooper,WR,86
rashaan_melvin,CB,86
jordy_nelson,WR,86
donald_penn,LT,86
jason_verrett,CB,86
jay_ajayi,RB,86
ronald_darby,CB,86
carson_wentz,QB,86
jimmy_graham,TE,86
tj_lang,RG,86
clay_matthews,LOLB,86
akiem_hicks,LE,86
kyle_rudolph,TE,86
tevin_coleman,RB,86
brent_grimes,CB,86
mark_ingram_ii,RB,86
grady_jarrett,DT,86
deforest_buckner,DT,86
pierre_garcon,WR,86
johnny_hekker,P,86
danny_amendola,WR,85
danny_shelton,DT,85
joe_haden,CB,85
maurkice_pouncey,C,85
jack_doyle,TE,85
johnathan_joseph,CB,85
lamar_miller,RB,85
tashaun_gipson,FS,85
malik_jackson,DT,85
taylor_lewan,LT,85
jared_cook,TE,85
marshawn_lynch,RB,85
nigel_bradham,LOLB,85
evan_engram,TE,85
chris_jones,P,85
matthew_stafford,QB,85
rick_wagner,RT,85
dalvin_cook,RB,85
jordan_howard,RB,85
andrew_sendejo,SS,85
robert_alford,CB,85
matt_bryant,K,85
demario_davis,MLB,85
desean_jackson,WR,85
robbie_gould,K,85
john_johnson_iii,SS,85
jerick_mckinnon,RB,85
jawuan_james,RT,84
kenny_stills,WR,84
robby_anderson,WR,84
david_andrews,C,84
kelvin_benjamin,WR,84
charles_clay,TE,84
adrian_clayborn,LE,84
donta_hightower,LOLB,84
leonard_williams,LE,84
giovani_bernard,RB,84
morgan_burnett,SS,84
michael_crabtree,WR,84
carlos_dunlap,LE,84
william_jackson,CB,84
tony_jefferson,SS,84
sam_koch,P,84
cj_mosley,MLB,84
anthony_castonzo,LT,84
eric_ebron,TE,84
adam_vinatieri,K,84
marcell_dareus,DT,84
myles_jack,LOLB,84
marquette_king,P,84
tahir_whitehead,LOLB,84
nelson_agholor,WR,84
jamison_crowder,WR,84
paul_richardson,WR,84
theo_riddick,RB,84
alex_smith,QB,84
chris_thompson,RB,84
anthony_barr,ROLB,84
trey_burton,TE,84
danielle_hunter,LE,84
danny_trevathan,MLB,84
daryl_williams,RT,84
ricardo_allen,FS,84
jason_pierre-paul,LE,84
marcus_williams,FS,84
kyle_juszczyk,RB,84
patrick_chung,SS,83
stephen_gostkowski,K,83
chris_hogan,WR,83
jerry_hughes,RE,83
jermaine_kearse,WR,83
shaq_mason,RG,83
steve_mclendon,DT,83
james_white,RB,83
avery_williamson,MLB,83
duke_johnson,RB,83
quenton_nelson,LG,83
al_woods,DT,83
barry_church,SS,83
adoree_jackson,CB,83
bradley_roby,CB,83
logan_ryan,CB,83
justin_simmons,FS,83
derek_wolfe,LE,83
travis_benjamin,WR,83
derek_carr,QB,83
dustin_colquitt,P,83
karl_joseph,SS,83
corey_liuget,DT,83
sammy_watkins,WR,83
trevor_williams,CB,83
tim_jernigan,DT,83
nate_solder,LT,83
darren_sproles,RB,83
jonathan_stewart,RB,83
mike_wallace,WR,83
ezekiel_ansah,RE,83
randall_cobb,WR,83
vernon_davis,TE,83
blake_martinez,MLB,83
muhammad_wilkerson,LE,83
tarik_cohen,RB,83
thomas_davis_sr,ROLB,83
dontari_poe,DT,83
sheldon_richardson,DT,83
vinny_curry,RE,83
cameron_meredith,WR,83
patrick_robinson,CB,83
ryan_schraeder,RT,83
kj_wright,ROLB,83
jimmy_garoppolo,QB,83
jared_goff,QB,83
marquise_goodwin,WR,83
jaquiski_tartt,SS,83
robert_woods,WR,83
kenyan_drake,RB,82
trent_brown,RT,82
malcom_brown,DT,82
marcus_cannon,RT,82
trumaine_johnson,CB,82
kyle_williams,DT,82
carl_lawson,RE,82
josh_gordon,WR,82
carlos_hyde,RB,82
mychal_kendricks,MLB,82
deshaun_watson,QB,82
johnathan_cyprien,SS,82
ron_leary,LG,82
marqise_lee,WR,82
rishard_matthews,WR,82
jahleel_addae,FS,82
kendall_fuller,CB,82
marcus_gilchrist,FS,82
anthony_hitchens,MLB,82
tyrell_williams,WR,82
saquon_barkley,RB,82
david_irving,DT,82
dak_prescott,QB,82
sterling_shepard,WR,82
dalvin_tomlinson,RE,82
olivier_vernon,ROLB,82
ameer_abdullah,RB,82
marcedes_lewis,TE,82
nick_perry,ROLB,82
matt_prater,K,82
kirk_cousins,QB,82
devin_funchess,WR,82
latavius_murray,RB,82
julius_peppers,LE,82
trai_turner,RG,82
terron_armstead,LT,82
vic_beasley,LE,82
cameron_brate,TE,82
ken_crawley,CB,82
ted_ginn,WR,82
takkarist_mckinley,LE,82
thomas_morstead,P,82
ron_parker,FS,82
brooks_reed,RE,82
mohamed_sanu_sr,WR,82
max_unger,C,82
tyler_lockett,WR,82
antoine_bethea,FS,82
nickell_robey-coleman,CB,82
jermaine_gresham,TE,82
devante_parker,WR,81
robert_quinn,RE,81
dwayne_allen,TE,81
trent_murphy,RE,81
artie_burns,CB,81
alex_collins,RB,81
joe_mixon,RB,81
shawn_williams,SS,81
will_fuller_v,WR,81
zach_fulton,LG,81
derrick_kindred,SS,81
baker_mayfield,QB,81
whitney_mercilus,LOLB,81
david_njoku,TE,81
dj_reader,DT,81
tyrod_taylor,QB,81
shaquil_barrett,ROLB,81
jack_conklin,RT,81
dante_fowler,LE,81
austin_seferian-jenkins,TE,81
daquan_jones,LE,81
case_keenum,QB,81
matt_paradis,C,81
martavis_bryant,WR,81
laurent_duvernay-tardif,RG,81
austin_ekeler,RB,81
bruce_irvin,RE,81
desmond_king,CB,81
chidobe_awuzie,CB,81
cole_beasley,WR,81
jake_elliott,K,81
jordan_hicks,MLB,81
allen_hurns,WR,81
rodney_mcleod,FS,81
chris_long,LE,81
jalen_mills,CB,81
bryan_bulaga,RT,81
pernell_mcphee,LOLB,81
ty_montgomery,RB,81
tavon_wilson_sr,SS,81
tress_way,P,81
anthony_zettel,LE,81
cj_anderson,RB,81
taylor_gabriel,WR,81
zach_miller,TE,81
roquan_smith,MLB,81
cody_whitehair,LG,81
bryan_anger,P,81
matt_bosher,P,81
devondre_campbell,ROLB,81
tyeler_davison,DT,81
josh_hill,TE,81
ali_marpet,RG,81
jake_matthews,LT,81
alex_okafor,RE,81
duane_brown,LT,81
frank_clark,LE,81
sebastian_janikowski,K,81
brandon_marshall,WR,81
corey_peters,DT,81
weston_richburg,C,81
matt_haack,P,80
ryan_allen,P,80
henry_anderson,RE,80
duron_harmon,FS,80
chris_ivory,RB,80
buster_skrine,CB,80
brandon_carr,CB,80
javon_hargrave,DT,80
marlon_humphrey,CB,80
matthew_judon,LOLB,80
dre_kirkpatrick,CB,80
juju_smith-schuster,WR,80
tj_watt,ROLB,80
briean_boddy-calhoun,CB,80
tj_carrie,CB,80
matthias_farley,SS,80
ej_gaines,CB,80
denzel_ward,CB,80
blake_bortles,QB,80
bradley_chubb,RE,80
corey_davis,WR,80
ben_jones,C,80
josh_kline,RG,80
brandon_mcmanus,K,80
darian_stewart,SS,80
dede_westbrook,WR,80
wesley_woodyard,MLB,80
david_amerson,CB,80
harrison_butker,K,80
mario_edwards,DT,80
justin_ellis,DT,80
derwin_james,SS,80
derrick_johnson,MLB,80
russell_okung,LT,80
mitchell_schwartz,RT,80
tavon_austin,RB,80
dan_bailey,K,80
derek_barnett,RE,80
tyrone_crawford,RE,80
nick_foles,QB,80
byron_jones,CB,80
haloti_ngata,DT,80
matthew_ioannidis,LE,80
sam_martin,P,80
mario_addison,RE,80
bryce_callahan,CB,80
kyle_fuller,CB,80
graham_gano,K,80
eddie_jackson,FS,80
shaq_thompson,LOLB,80
trae_waynes,CB,80
kwon_alexander,MLB,80
austin_hooper,TE,80
sheldon_rankins,DT,80
mitch_unrein,DT,80
benjamin_watson,TE,80
jameis_winston,QB,80
greg_zuerlein,K,80
shaquill_griffin,CB,80
rodger_saffold_iii,LG,80
cooper_kupp,WR,80
bradley_pinion,P,80
justin_pugh,RG,80
jamar_taylor,CB,80
minkah_fitzpatrick,CB,79
bobby_mccain,CB,79
kelvin_beachum,LT,79
isaiah_crowell,RB,79
quincy_enunwa,WR,79
stephen_hauschka,K,79
jordan_jenkins,LOLB,79
bilal_powell,RB,79
joe_thuney,LG,79
jordan_berry,P,79
chris_boswell,K,79
john_brown,WR,79
darqueze_dennard,CB,79
joe_flacco,QB,79
cordy_glenn,LT,79
willie_henry,LE,79
george_iloka,FS,79
lamar_jackson,QB,79
michael_johnson,RE,79
tyler_kroft,TE,79
brandon_lafell,WR,79
vance_mcdonald,TE,79
ronnie_stanley,LT,79
tavon_young,CB,79
corey_coleman,WR,79
aaron_colvin,CB,79
zach_cunningham,MLB,79
damarious_randall,FS,79
garett_bolles,LT,79
keelan_cole,WR,79
brett_kern,P,79
bennie_logan,DT,79
marcus_mariota,QB,79
donte_moncrief,WR,79
domata_peko_sr,DT,79
tank_carradine,RE,79
gabe_jackson,RG,79
reggie_ragland,MLB,79
spencer_ware,RB,79
charcandrick_west,RB,79
damien_williams,RB,79
kerwynn_williams,RB,79
mike_williams,WR,79
kony_ealy,RE,79
jourdan_lewis,CB,79
terrance_williams,WR,79
stefen_wisniewski,LG,79
jonathan_allen,RE,79
quinton_dunbar,CB,79
mike_adams,SS,79
prince_amukamara,CB,79
leonard_floyd,ROLB,79
charles_leno,LT,79
eric_kendricks,MLB,79
kyle_long,RG,79
ryan_quigley,P,79
chris_godwin,WR,79
oj_howard,TE,79
adam_humphries,WR,79
andy_levitre,LG,79
wil_lutz,K,79
david_onyemata,DT,79
brian_poole,CB,79
vita_vea,DT,79
arik_armstead,LE,79
budda_baker,SS,79
sam_bradford,QB,79
rob_havenstein,RT,79
dion_jordan,RE,79
andy_lee,P,79
jarran_reed,DT,79
charles_harris,RE,78
ryan_tannehill,QB,78
lorenzo_alexander,LOLB,78
teddy_bridgewater,QB,78
rex_burkhead,RB,78
morris_claiborne,CB,78
vontae_davis,CB,78
lawrence_guy,DT,78
marcus_maye,FS,78
josh_mccown,QB,78
cairo_santos,K,78
ramon_foster,LG,78
mike_hilton,CB,78
hayden_hurst,TE,78
anthony_levine_sr,SS,78
patrick_ricard,RB,78
alejandro_villanueva,LT,78
vince_williams,MLB,78
jordan_willis,RE,78
clayton_geathers,FS,78
ryan_grant,WR,78
tj_green,SS,78
malik_hooker,FS,78
kareem_jackson,CB,78
shane_lechler,P,78
benardrick_mckinney,MLB,78
jack_mewhort,RG,78
corey_moore,FS,78
emmanuel_ogbah,LE,78
jabrill_peppers,SS,78
john_simon,LOLB,78
todd_davis,MLB,78
cody_davis,FS,78
shelby_harris,LE,78
josh_lambo,K,78
jermey_parnell,RT,78
tj_yeldon,RB,78
forrest_lamp,RG,78
denzel_perryman,ROLB,78
caleb_sturgis,K,78
will_hernandez,LG,78
josh_doctson,WR,78
kenny_golladay,WR,78
derrius_guice,RB,78
kerry_hyder,LE,78
lance_kendricks,TE,78
morgan_moses,RT,78
jake_ryan,MLB,78
orlando_scandrick,CB,78
preston_smith,ROLB,78
tramon_williams,CB,78
james_bradberry,CB,78
kai_forbath,K,78
eddie_goldman,DT,78
nick_kwiatkoski,MLB,78
terence_newman,CB,78
michael_palardy,P,78
torrey_smith,WR,78
kendall_wright,WR,78
ryan_jensen,C,78
craig_robertson,ROLB,78
noah_spence,RE,78
justin_britt,C,78
jaron_brown,WR,78
phil_dawson,K,78
mike_mcglinchey,RT,78
barkevious_mingo,LOLB,78
josh_rosen,QB,78
john_sullivan,C,78
solomon_thomas,RE,78
aj_derby,TE,77
mike_gesicki,TE,77
tony_lippett,CB,77
laremy_tunsil,LT,77
albert_wilson,WR,77
dion_dawkins,LT,77
lac_edwards,P,77
mike_gillislee,RB,77
jeremy_kerley,WR,77
shaq_lawson,LE,77
jordan_matthews,WR,77
sony_michel,RB,77
will_tye,TE,77
isaiah_wynn,LT,77
tyson_alualu,RE,77
clint_boling,LG,77
andy_dalton,QB,77
jesse_james,TE,77
denico_autry,RE,77
seth_devalve,TE,77
bruce_ellington,WR,77
darren_fells,TE,77
margus_hunt,LE,77
christian_kirksey,ROLB,77
marlon_mack,RB,77
larry_ogunjobi,DT,77
rigoberto_sanchez,P,77
jc_tretter,C,77
abry_jones,DT,77
brandon_marshall,MLB,77
shane_ray,ROLB,77
ryan_succop,K,77
allen_bailey,LE,77
jatavis_brown,ROLB,77
gareon_conley,CB,77
patrick_mahomes_ii,QB,77
brandon_mebane,DT,77
kolton_miller,RT,77
reggie_nelson,FS,77
steven_nelson,CB,77
seth_roberts,WR,77
taco_charlton,LE,77
corey_clement,RB,77
rhett_ellison,TE,77
leighton_vander_esch,LOLB,77
dallas_goedert,TE,77
sidney_jones_iv,CB,77
john_jerry,RG,77
xavier_woods,FS,77
jaire_alexander,CB,77
mason_crosby,K,77
jarrad_davis,MLB,77
taylor_decker,LT,77
quandre_diggs,CB,77
devon_kennard,ROLB,77
kevin_king,CB,77
corey_linsley,C,77
daron_payne,DT,77
ashawn_robinson,DT,77
luke_willson,TE,77
daniel_carlson,K,77
dj_moore,WR,77
riley_reiff,LT,77
dion_sims,TE,77
chandler_catanzaro,K,77
brandon_coleman,WR,77
vernon_hargreaves_iii,CB,77
ronald_jones_ii,RB,77
charles_sims_iii,RB,77
calvin_ridley,WR,77
manti_teo,MLB,77
larry_warford,RG,77
mark_barron,MLB,77
adrian_colbert,FS,77
ed_dickson,TE,77
michael_dickson,P,77
gerald_everett,TE,77
tyler_higbee,TE,77
george_kittle,TE,77
jd_mckissic,RB,77
jj_nelson,WR,77
jimmie_ward,FS,77
frank_gore,RB,76
tj_mcdonald,FS,76
terrence_brooks,SS,76
james_develin,RB,76
jeremy_hill,RB,76
jonathan_jones,CB,76
star_lotulelei,DT,76
matt_milano,ROLB,76
kyle_van_noy,ROLB,76
cordarrelle_patterson,WR,76
darryl_roberts,CB,76
chris_baker,DT,76
orlando_brown,LT,76
randy_bullock,K,76
willie_snead_iv,WR,76
john_ross,WR,76
jacoby_brissett,QB,76
nick_chubb,RB,76
jamie_collins_sr,LOLB,76
ryan_kelly,C,76
joe_schobert,MLB,76
devontae_booker,RB,76
taven_bryan,DT,76
sua_cravens,SS,76
rashaan_evans,MLB,76
corey_grant,RB,76
clinton_mcdonald,RE,76
derrick_morgan,LOLB,76
taywan_taylor,WR,76
chris_conley,WR,76
eric_fisher,LT,76
virgil_green,TE,76
maurice_hurst,DT,76
doug_martin,RB,76
jalen_richard,RB,76
frostee_rucker,DT,76
giorgio_tavecchio,K,76
jaylen_watkins,SS,76
maliek_collins,DT,76
randy_gregory,RE,76
jeff_heath,SS,76
eli_manning,QB,76
richard_rodgers,TE,76
charles_tapper,LE,76
connor_williams,LG,76
dustin_hopkins,K,76
tj_jones,WR,76
montae_nicholson,FS,76
samaje_perine,RB,76
frank_ragnow,C,76
cornelius_washington,LE,76
kenjon_barner,RB,76
ross_cockrell,CB,76
ben_gedeon,LOLB,76
ryan_kalil,C,76
aaron_lynch,LOLB,76
pat_odonnell,P,76
cody_parkey,K,76
mike_remmers,RT,76
kevon_seymour,CB,76
adam_shaheen,TE,76
jarius_wright,WR,76
trey_hendrickson,LE,76
pj_williams,CB,76
maurice_alexander,SS,76
matt_breida,RB,76
deone_bucannon,ROLB,76
brice_butler,WR,76
justin_coleman,CB,76
markus_golden,LE,76
dj_humphries,LT,76
mike_iupati,LG,76
byron_maxwell,CB,76
bradley_mcdougald,FS,76
jason_myers,K,76
rashaad_penny,RB,76
dante_pettis,WR,76
malcolm_smith,ROLB,76
trent_taylor,WR,76
korey_toomer,MLB,76
andre_branch,RE,75
gavin_escobar,TE,75
xavien_howard,CB,75
david_bass,LOLB,75
sam_darnold,QB,75
phillip_dorsett,WR,75
tremaine_edmunds,MLB,75
andre_holmes,WR,75
zay_jones,WR,75
malcolm_mitchell,WR,75
terrelle_pryor_sr,WR,75
mark_andrews,TE,75
nick_boyle,TE,75
preston_brown,MLB,75
carl_davis,RE,75
billy_price,C,75
tarell_basham,RE,75
dylan_cole,MLB,75
christian_covington,RE,75
donta_foreman,RB,75
zane_gonzalez,K,75
ryan_griffin,TE,75
tyquan_lewis,RE,75
terrance_mitchell,CB,75
justin_reid,SS,75
braden_smith,RG,75
adam_gotsis,RE,75
harold_landry,ROLB,75
tajae_sharpe,WR,75
quinton_spain,LG,75
courtland_sutton,WR,75
drew_kaser,P,75
obi_melifonwu,SS,75
mike_pouncey,C,75
demarcus_robinson,WR,75
ahtyba_rubin,DT,75
anthony_sherman,RB,75
johnny_townsend,P,75
anthony_brown,CB,75
riley_dixon,P,75
rasul_douglas,CB,75
donnel_pumphrey,RB,75
aldrick_rosas,K,75
jaylon_smith,MLB,75
deonte_thompson,WR,75
josh_jackson,CB,75
aaron_jones,RB,75
robert_kelley,RB,75
dean_lowry,LE,75
jk_scott,P,75
jamaal_williams,RB,75
sylvester_williams,DT,75
pat_elflein,C,75
mike_hughes,CB,75
crevon_leblanc,CB,75
beau_allen,DT,75
kendell_beckwith,LOLB,75
marcus_davenport,LE,75
brandon_fusco,RG,75
william_gholston,LE,75
terrell_mcclain,DT,75
terrance_west,RB,75
chris_carson,RB,75
garrett_celek,TE,75
dominique_easley,RE,75
samson_ebukam,LOLB,75
morgan_fox,LE,75
nazair_jones,DT,75
ricky_seals-jones,TE,75
benson_mayowa,RE,75
haason_reddick,LOLB,75
jon_ryan,P,75
ahkello_witherspoon,CB,75
davon_godchaux,DT,74
jordan_phillips,DT,74
akeem_spence,DT,74
cordrea_tankersley,CB,74
josh_allen,QB,74
corey_bojorquez,P,74
travaris_cadet,RB,74
vladimir_ducasse,RG,74
marquis_flowers,ROLB,74
lorenzo_mauldin_iv,ROLB,74
taiwan_jones,RB,74
deatrich_wise,RE,74
spencer_long,C,74
eric_rowe,CB,74
colton_schmidt,P,74
ardarius_stewart,WR,74
javorius_allen,RB,74
jessie_bates_iii,FS,74
tyler_boyd,WR,74
kenneth_dixon,RB,74
terrell_edmunds,SS,74
patrick_onwuasor,MLB,74
breshad_perriman,WR,74
zadarius_smith,ROLB,74
cj_uzomah,TE,74
james_washington,WR,74
maxx_williams,TE,74
britton_colquitt,P,74
austin_corbett,RG,74
nyheim_hines,RB,74
austin_howard,RT,74
kevin_johnson,CB,74
carl_nassib,LE,74
chester_rogers,WR,74
matt_slauson,LG,74
jake_butt,TE,74
logan_cooke,P,74
dj_hayden,CB,74
jeff_heuerman,TE,74
austin_johnson,LE,74
kendrick_lewis,FS,74
will_parks,FS,74
leshaun_sims,CB,74
jonnu_smith,TE,74
jared_veldheer,RT,74
jace_amaro,TE,74
dan_feeney,LG,74
dee_ford,ROLB,74
dexter_mcdonald,CB,74
ty_mcgill,LE,74
adrian_phillips,FS,74
ryan_switzer,WR,74
shane_tripucka,P,74
deandre_washington,RB,74
xavier_williams,DT,74
shareece_wright,CB,74
eli_apple,CB,74
wayne_gallman,RB,74
alec_ogletree,MLB,74
mason_foster,MLB,74
davon_house,CB,74
cam_johnson,LOLB,74
christian_jones,LOLB,74
josh_jones,SS,74
nevin_lawson,CB,74
deshawn_shead,CB,74
teez_tabor,CB,74
jonathan_bullard,RE,74
vernon_butler,DT,74
james_daniels,C,74
anthony_harris,FS,74
donte_jackson,CB,74
anthony_miller,WR,74
captain_munnerlyn,CB,74
curtis_samuel,WR,74
mitchell_trubisky,QB,74
alex_anzalone,ROLB,74
vonn_bell,SS,74
justin_bethel,CB,74
kurt_coleman,SS,74
justin_hardy,WR,74
derrick_shelby,LE,74
ronald_blair_iii,RE,74
robert_nkemdiche,DT,74
aldrick_robinson,WR,74
aq_shipley,C,74
kwaun_williams,CB,74
kiko_alonso,ROLB,73
jakeem_grant,WR,73
daniel_kilgore,C,73
raekwon_mcmillan,MLB,73
jason_sanders,K,73
russell_bodine,C,73
kenny_britt,WR,73
adam_butler,DT,73
darron_lee,MLB,73
josh_martin,ROLB,73
john_miller,LG,73
kevin_minter,MLB,73
nick_oleary,TE,73
thomas_rawls,RB,73
elandon_roberts,MLB,73
courtney_upshaw,LE,73
clive_walford,TE,73
jon_bostic,MLB,73
maurice_canady,CB,73
james_conner,RB,73
sean_davis,FS,73
xavier_grimble,TE,73
kevin_huber,P,73
james_hurst,LG,73
albert_mcclellan,LOLB,73
nico_siragusa,LG,73
tim_williams,ROLB,73
pierre_desir,CB,73
kaimi_fairbairn,K,73
jamie_meder,DT,73
braxton_miller,WR,73
chris_smith,RE,73
justin_vogel,P,73
kevin_dodd,LOLB,73
royce_freeman,RB,73
carlos_henderson,WR,73
ben_koyack,TE,73
niles_paul,TE,73
cam_robinson,LT,73
luke_stocker,TE,73
roberto_aguayo,K,73
pj_hall,DT,73
demetrius_harris,TE,73
tyrone_holmes,LE,73
jarvis_jenkins,LE,73
craig_mager,CB,73
mitch_morse,C,73
uchenna_nwosu,LOLB,73
daniel_sorensen,SS,73
breeland_speaks,ROLB,73
eddie_vanderdoes,DT,73
daryl_worley,CB,73
michael_gallup,WR,73
william_gay,CB,73
geoff_swaim,TE,73
damien_wilson,LOLB,73
marquess_wilson,WR,73
kyler_fackrell,ROLB,73
kerryon_johnson,RB,73
miles_killebrew,SS,73
stacy_mcgee,LE,73
fabian_moreau,CB,73
brian_quick,WR,73
michael_roberts,TE,73
quinten_rollins,CB,73
lane_taylor,LG,73
levine_toilolo,TE,73
sam_acho,ROLB,73
mackensie_alexander,CB,73
josh_bellamy,WR,73
marcus_cooper_sr,CB,73
wes_horton,RE,73
david_morgan_ii,TE,73
kyle_love,DT,73
brian_robison,LE,73
danorris_searcy,SS,73
laquon_treadwell,WR,73
kevin_white,WR,73
jay_bromley,DT,73
chris_conte,FS,73
ryan_fitzpatrick,QB,73
mj_stewart,CB,73
damontae_kazee,FS,73
zach_line,RB,73
isaiah_oliver,CB,73
ryan_smith,CB,73
evan_smith,LG,73
jeremiah_attaochu,ROLB,73
josh_bynes,MLB,73
mike_davis,RB,73
dontae_johnson,CB,73
christian_kirk,WR,73
jeff_locke,P,73
earl_mitchell,DT,73
olsen_pierre,DT,73
josh_reynolds,WR,73
andre_smith,RT,73
ethan_westbrooks,LE,73
ramik_wilson,MLB,73
stephone_anthony,LOLB,72
brock_osweiler,QB,72
rafael_bush,FS,72
duke_dawson,CB,72
phillip_gaines,CB,72
jacob_hollister,TE,72
kevin_pierre-louis,LOLB,72
elijah_mcguire,RB,72
jordan_mills,RT,72
troy_niklas,TE,72
tenny_palepoi,DT,72
derek_rivers,ROLB,72
deon_simon,DT,72
eddie_yarbrough,LE,72
tyus_bowser,LOLB,72
bud_dupree,LOLB,72
ryan_glasgow,DT,72
justin_hunter,WR,72
mark_walton,RB,72
mason_rudolph,QB,72
coty_sensabaugh,CB,72
brent_urban,RE,72
johnson_bademosi,CB,72
ibraheim_campbell,FS,72
trevon_coley,DT,72
keke_coutee,WR,72
nate_hairston,CB,72
joel_heath,RE,72
senio_kelemete,RG,72
darius_leonard,MLB,72
chris_mccain,RE,72
hassan_ridgeway,DT,72
kemoko_turay,ROLB,72
carlos_watkins,LE,72
quincy_wilson,CB,72
tramaine_brock_sr,CB,72
dj_chark,WR,72
will_compton,MLB,72
james_oshaughnessy,TE,72
dawuane_smoot,LE,72
demarcus_walker,LE,72
joe_barksdale,RT,72
kyle_emanuel,LOLB,72
derrick_nnadi,DT,72
darius_philon,DT,72
lorenzo_carter,ROLB,72
lael_collins,RT,72
kavon_frazier,SS,72
bj_goodson,MLB,72
brett_jones,C,72
roger_lewis,WR,72
cody_latimer,WR,72
justin_march-lillard,ROLB,72
kareem_martin,LOLB,72
josh_mauro,RE,72
russell_shepard,WR,72
michael_thomas,SS,72
paul_worrilow,LOLB,72
ryan_anderson,ROLB,72
deshone_kizer,QB,72
damiere_byrd,WR,72
bennie_fowler_iii,WR,72
ladarius_gunter,CB,72
daeshon_hall,RE,72
john_jenkins,DT,72
matt_kalil,LT,72
brian_oneill,LT,72
david_parry,DT,72
marcus_sherels,CB,72
michael_hoomanawanui,TE,72
mitchell_loewen,DT,72
andrus_peat,LG,72
jacquizz_rodgers,RB,72
eric_saubert,TE,72
boston_scott,RB,72
ito_smith,RB,72
trequan_smith,WR,72
donovan_smith,LT,72
sweezy,RG,72
stevie_tuikolovatu,DT,72
blidi_wreh-wilson,CB,72
jonathan_cooper,LG,72
sheldon_day,DT,72
sam_ficken,K,72
dj_fluker,RG,72
mike_glennon,QB,72
shaquem_griffin,ROLB,72
tom_johnson,DT,72
tj_logan,RB,72
cassius_marsh,LE,72
malik_mcdowell,DT,72
sam_shields,CB,72
shamar_stephen,DT,72
laken_tomlinson,LG,72
kalen_ballage,RB,71
james_carpenter,LG,71
xavier_cooper,RE,71
brandon_copeland,LE,71
charles_johnson,WR,71
cyrus_jones,CB,71
khari_lee,TE,71
jordan_leggett,TE,71
aj_mccarron,QB,71
rontez_miles,FS,71
harrison_phillips,DT,71
rashard_robinson,CB,71
eric_tomlinson,TE,71
jj_wilcox,FS,71
andrew_billings,DT,71
jordan_dangerfield,FS,71
robert_griffin_iii,QB,71
sam_hubbard,LE,71
vince_mayle,TE,71
dan_mccullers,DT,71
chris_moore,WR,71
vincent_rey,MLB,71
keivarae_russell,CB,71
nick_vigil,LOLB,71
lt_walton,LE,71
matt_wile,P,71
stephen_anderson,TE,71
brandon_dunn,DT,71
chris_hubbard,RT,71
anthony_walker,ROLB,71
ricardo_louis,WR,71
nick_martin,C,71
christine_michael,RB,71
rakeem_nunez-roches,DT,71
brennan_scarlett,ROLB,71
chad_thomas,RE,71
robert_turbin,RB,71
aj_cann,RG,71
rashad_greene_sr,WR,71
daesean_hamilton,WR,71
zach_kerr,LE,71
james_cowser,LOLB,71
leon_hall,CB,71
treyvon_hester,DT,71
akeem_hunt,RB,71
justin_jackson,RB,71
nicholas_morrow,ROLB,71
keith_reaser,CB,71
isaac_rochell,LE,71
lee_smith,TE,71
deanthony_thomas,WR,71
timothy_wright,TE,71
mack_hollins,WR,71
datone_jones,DT,71
kyle_lauletta,QB,71
jamize_olawale,RB,71
bo_scarbrough,RB,71
rod_smith,RB,71
darian_thompson,FS,71
hal_vaitai,LT,71
kerry_wynn,LE,71
montravius_adams,RE,71
geronimo_allison,WR,71
nick_bellore,MLB,71
vince_biegel,LOLB,71
graham_glasgow,C,71
josh_hawkins,CB,71
ziggy_hood,DT,71
jeremiah_ledbetter,DT,71
keith_marshall,RB,71
sean_mcgrath,TE,71
ty_nsekhe,LT,71
lenzy_pipkins,CB,71
phil_taylor_sr,DT,71
zach_vigil,MLB,71
daniel_brown,TE,71
nick_easton,LG,71
colin_jones,FS,71
tavarres_king,WR,71
bobby_massie,RT,71
trevor_siemian,QB,71
nick_williams,RE,71
peyton_barber,RB,71
will_clarke_vi,RE,71
jack_crawford,DT,71
carlton_davis,CB,71
jayrone_elliott,LOLB,71
justin_evans,FS,71
josh_huff,WR,71
hauoli_kikaha,RE,71
aj_klein,LOLB,71
leon_mcfadden,CB,71
duke_riley,LOLB,71
tom_savage,QB,71
deadrin_senat,DT,71
keith_tandy,SS,71
evan_boehm,RG,71
jamon_brown,RG,71
amara_darboh,WR,71
will_dissly,TE,71
chase_edmonds,RB,71
cj_goodwin,CB,71
troy_hill,CB,71
marcus_smith_ii,RE,71
matt_longacre,ROLB,71
cj_prosise,RB,71
nick_vannett,TE,71
fred_warner,MLB,71
dekoda_watson,LOLB,71
joe_williams,RB,71
chase_allen,MLB,70
jerome_baker,LOLB,70
leonte_carroo,WR,70
isaiah_ford,WR,70
vincent_taylor,DT,70
jonathan_woodard,LE,70
braxton_berrios,WR,70
juston_burris,CB,70
trenton_cannon,RB,70
terrence_fede,LE,70
ted_karras,RG,70
deon_lacey,LOLB,70
kelcie_mccray,SS,70
marcus_murphy,RB,70
owa_odighizuwa,RE,70
nathan_shepherd,RE,70
rod_streater,WR,70
travis_swanson,C,70
logan_thomas,TE,70
vincent_valentine,DT,70
laadrian_waddle,LT,70
adolphus_washington,DT,70
anthony_averett,CB,70
bj_finney,LG,70
jake_fisher,RT,70
trey_hopkins,RG,70
malik_jefferson,ROLB,70
bronson_kaufusi,RE,70
alex_lewis,RT,70
josh_malone,WR,70
chris_wormley,DT,70
kenny_young,MLB,70
jordan_akins,TE,70
jeff_allen,RG,70
angelo_blackson,LE,70
caleb_brantley,DT,70
antonio_callaway,WR,70
treston_decoud,CB,70
najee_goode,LOLB,70
rashard_higgins,WR,70
antonio_morrison,MLB,70
nate_orchard,LE,70
mycole_pruitt,TE,70
drew_stanton,QB,70
jordan_wilkins,RB,70
blair_brown,MLB,70
dane_cruikshank,CB,70
troy_fumagalli,TE,70
blaine_gabbert,QB,70
ronnie_harrison,SS,70
david_king,RE,70
brendan_langley,CB,70
paxton_lynch,QB,70
stansly_maponga_sr,ROLB,70
isaiah_mckenzie,WR,70
jalen_myrick,CB,70
tyler_patmon,CB,70
carroll_phillips,RE,70
jordan_taylor,WR,70
austin_traylor,TE,70
jarrod_wilson,SS,70
isaac_yiadom,CB,70
shilique_calhoun,LOLB,70
derek_carrier,TE,70
robert_golden,FS,70
johnny_holton,WR,70
arden_key,LE,70
denver_kirkland,LG,70
emmanuel_lamur,ROLB,70
kyle_wilber,ROLB,70
andrew_adams,FS,70
dorance_armstrong,RE,70
donte_deayon,CB,70
nathan_gerry,ROLB,70
john_greco,RG,70
kamu_grugier-hill,LOLB,70
bj_hill,LE,70
blake_jarwin,TE,70
steven_means,LE,70
corey_nelson,ROLB,70
patrick_omameh,LG,70
josh_sweat,RE,70
joe_thomas,MLB,70
chance_warmack,LG,70
bw_webb,CB,70
markus_wheaton,WR,70
cedrick_wilson,WR,70
demetri_goodson,CB,70
brett_hundley,QB,70
shawn_lauvao,LG,70
marquez_valdes-scantling,WR,70
martrell_spaight,MLB,70
zach_zenner,RB,70
marlon_brown,WR,70
benny_cunningham,RB,70
corn_elder,CB,70
jalyn_holmes,DT,70
dorian_johnson,RG,70
jaleel_johnson,DT,70
tyler_larsen,C,70
david_mayo,MLB,70
jordan_morgan,LG,70
ian_thomas,TE,70
john_timu,MLB,70
earl_watford,RG,70
fozzy_whittaker,RB,70
ben_garland,LG,70
marvin_hall,WR,70
george_johnson,RE,70
josh_robinson,SS,70
nathan_stupar,LOLB,70
cj_beathard,QB,70
bene_benwikere,CB,70
kendrick_bourne,WR,70
justin_davis,RB,70
rudy_ford,FS,70
joshua_garnett,RG,70
rasheem_green,RE,70
rodney_gunter,DT,70
bryce_hager,MLB,70
dj_jones,DT,70
john_kelly,RB,70
tre_madden,RB,70
ejuan_price,ROLB,70
tedric_thompson,SS,70
walt_aikens,CB,69
thomas_duarte,TE,69
marqueis_gray,TE,69
mike_hull,MLB,69
durham_smythe,TE,69
gabe_wright,DT,69
jawhaun_bentley,MLB,69
keion_crossen,CB,69
nate_ebner,SS,69
ryan_groy,C,69
chad_hansen,WR,69
christopher_herndon_iv,TE,69
brian_hoyer,QB,69
jason_king,LG,69
parry_nickerson,CB,69
jordan_richards,SS,69
brandon_shell,RT,69
devin_smith,WR,69
julian_stanford,ROLB,69
wyatt_teller,RG,69
lucky_whitehead,WR,69
brian_winters,RG,69
brian_allen,CB,69
matt_barkley,QB,69
darrius_heyward-bey,WR,69
andrew_brown,DT,69
cody_core,WR,69
kamalei_correa,MLB,69
joshua_dobbs,QB,69
matt_feiler,RG,69
dashaun_phillips,CB,69
jaleel_scott,WR,69
josh_shaw,FS,69
cameron_sutton,CB,69
tyrell_adams,LOLB,69
devon_cajuste,TE,69
darrell_daniels,TE,69
denzelle_good,RT,69
jermaine_grace,ROLB,69
joe_haeg,RG,69
kenny_moore_ii,CB,69
jeff_janis,WR,69
darius_kilgo,DT,69
ross_travis,TE,69
dj_white,CB,69
howard_wilson,CB,69
eli_ankou,DT,69
michael_bennett,DT,69
don_carey,FS,69
max_garcia,LG,69
deon_king,ROLB,69
kapron_lewis-moore,LE,69
jaydon_mickens,WR,69
kevin_pamphile,LG,69
kalan_reed,CB,69
tye_smith,CB,69
phillip_supernaw,TE,69
brandon_thomas,RG,69
pharaoh_brown,TE,69
dylan_cantrell,WR,69
dwayne_harris,WR,69
justin_jones,DT,69
marquel_lee,MLB,69
ej_manuel,QB,69
brandon_parker,LT,69
tremon_smith,CB,69
damion_square,DT,69
kyzir_white,ROLB,69
frank_zombo,ROLB,69
ereck_flowers,RT,69
rico_gathers,TE,69
mark_herzlich,MLB,69
avonte_maddox,CB,69
travis_rudolph,WR,69
dalton_schultz,TE,69
bryce_treggs,WR,69
jamal_agnew,CB,69
troy_apke,FS,69
tavaris_barnes,RE,69
trevor_davis,WR,69
jonathan_freeny,ROLB,69
dashawn_hand,RE,69
kevin_hogan,QB,69
jmon_moore,WR,69
trey_quinn,WR,69
jeremy_sprinkle,TE,69
tracy_walker,FS,69
cameron_artis-payne,RB,69
aviante_collins,RT,69
tom_compton,RG,69
bryan_cox,LE,69
rashaan_gaulden,FS,69
cj_ham,RB,69
roy_robertson-harris,LE,69
marquis_haynes,LE,69
sherrick_mcmanis,CB,69
taquan_mizzell,RB,69
ifeadi_odenigbo,RE,69
stephen_weatherly,RE,69
antwione_williams,ROLB,69
jermon_bushrod,RG,69
jack_cichy,ROLB,69
javien_elliott,CB,69
adarius_glanton,MLB,69
woodrow_hamilton,DT,69
kemal_ishmael,ROLB,69
justin_watson,WR,69
dj_alexander,LOLB,69
malcolm_brown,RB,69
blake_countess,SS,69
eli_harold,LOLB,69
delano_hill,SS,69
germain_ifedi,RT,69
branden_jackson,LE,69
quinton_jefferson,LE,69
don_jones,FS,69
gabe_martin,LE,69
tanner_mcevoy,WR,69
tarvarius_moore,FS,69
mike_person,C,69
ethan_pocic,LG,69
jullian_taylor,DT,69
brandon_williams,CB,69
chad_williams,WR,69
cornell_armstrong,CB,68
trae_elston,SS,68
jordan_lucas,CB,68
bryce_petty,QB,68
brandon_bolden,RB,68
antonio_garcia,LT,68
geneo_grissom,RE,68
jonotthan_harrison,RG,68
ramon_humber,ROLB,68
ben_ijalana,LT,68
ryan_izzo,TE,68
taron_johnson,CB,68
harvey_langi,LOLB,68
eric_lee,LOLB,68
ray-ray_mccloud,WR,68
siran_neal,SS,68
marshall_newhouse,LT,68
mike_pennel,RE,68
nathan_peterman,QB,68
matthew_slater,WR,68
keith_towbridge,TE,68
stanley_jean-baptiste,CB,68
cethan_carter,RB,68
anthony_chickillo,LOLB,68
jeff_driskel,QB,68
lj_fort,MLB,68
davontae_harris,CB,68
ryan_hewitt,RB,68
jordan_lasley,WR,68
roosevelt_nix,RB,68
cedric_ogbuehi,LT,68
stevan_ridley,RB,68
jaylen_samuels,RB,68
auden_tate,WR,68
alfred_blue,RB,68
deon_cain,WR,68
spencer_drango,LG,68
duke_ejiofor,LOLB,68
reece_fountain,WR,68
zaire_franklin,ROLB,68
ben_heeney,MLB,68
seantrel_henderson,RT,68
joe_webb_iii,QB,68
ufomba_kamalu,LOLB,68
matt_lengel,TE,68
grover_stewart,DT,68
zaire_anderson,MLB,68
jayon_brown,MLB,68
chad_kelly,QB,68
lerentee_mccray,LOLB,68
connor_mcgovern,RG,68
jeremiah_poutasi,LG,68
akrum_wadley,RB,68
josh_wells,LT,68
marcell_ateman,WR,68
braedon_bowman,TE,68
stefan_charles,RE,68
sean_culkin,TE,68
ukeme_eligwe,MLB,68
justin_hamilton,DT,68
rayshawn_jenkins,SS,68
tanoh_kpassagnon,LOLB,68
eric_murray,SS,68
nick_nelson,CB,68
james_onwualu,LOLB,68
will_redmond,CB,68
geno_smith,QB,68
armani_watts,FS,68
ray-ray_armstrong,MLB,68
noah_brown,WR,68
cameron_fleming,RT,68
chris_lewis-harris,CB,68
chris_maragos,FS,68
avery_moss,LOLB,68
lewis_neal,DT,68
elijah_qualls,DT,68
wendell_smallwood,RB,68
destiny_vaeao,DT,68
davis_webb,QB,68
kentrell_brice,FS,68
oren_burks,MLB,68
geron_christian,LT,68
tyrell_crosby,LT,68
joshua_holsey,CB,68
anthony_lanier_ii,LE,68
arie_kouandjio,LG,68
james_looney,DT,68
jalen_reeves-maybin,ROLB,68
alex_mccalister,RE,68
chase_roullier,C,68
greg_stroman,CB,68
tashawn_bower,RE,68
deandre_houston-carson,FS,68
tyler_conklin,TE,68
danny_isidora,RG,68
joel_iyiegbuniwe,MLB,68
bilal_nichols,DT,68
amini_silatolu,LT,68
javon_wims,WR,68
chris_banjo,SS,68
alex_cappa,LG,68
trey_edmunds,RB,68
justin_hardee,CB,68
devante_harris,CB,68
daniel_lasco,RB,68
kamrin_moore,CB,68
al-quadin_muhammad,RE,68
austin_pasztor,RT,68
ty_sambrailo,LT,68
matt_schaub,QB,68
jordan_whitehead,SS,68
bryson_albright,RE,68
alex_carter,CB,68
sebastian_joseph-day,DT,68
antone_exum,SS,68
george_fant,RT,68
cole_hikutini,TE,68
scooby_wright_iii,MLB,68
richie_james,WR,68
micah_kiser,MLB,68
elijah_lee,ROLB,68
cory_littleton,MLB,68
greg_mabin,CB,68
mark_nzeocha,ROLB,68
ogbonnia_okoronkwo,ROLB,68
dj_reed,CB,68
tanzel_smart,RE,68
kentavius_street,LE,68
neiko_thorpe,CB,68
cole_wick,TE,68
isaac_asiata,LG,67
david_fales,QB,67
ted_larsen,RG,67
breon_borders,CB,67
jason_croom,TE,67
patrick_dimarco,RB,67
dylan_donahue,ROLB,67
obum_gwacham,ROLB,67
neville_hewitt,MLB,67
lj_mccray_ii,SS,67
dean_marlowe,FS,67
lafayette_pitts,CB,67
austin_proehl,WR,67
matt_tobin,RT,67
keion_adams,ROLB,67
marcus_allen,SS,67
deshon_elliott,FS,67
jordan_evans,LOLB,67
clayton_fejedelem,SS,67
jerald_hawkins,LT,67
tyler_matakevich,MLB,67
kai_nacua,FS,67
chukwuma_okorafor,RT,67
darius_phillips,CB,67
mason_schreck,TE,67
zach_sieler,LE,67
genard_avery,LOLB,67
sammie_coates,WR,67
shon_coleman,LT,67
justin_currie,FS,67
jeremiah_george,MLB,67
michael_jordan,CB,67
jermaine_kelly,CB,67
peter_kalambayi,ROLB,67
josh_keyes,ROLB,67
martinas_rankin,LT,67
damion_ratley,WR,67
caraun_reid,DT,67
greg_robinson,LT,67
derron_smith,SS,67
donald_stephenson,RT,67
erik_swoope,TE,67
simeon_thomas,CB,67
daren_bates,MLB,67
michael_campanaro,WR,67
leon_jacobs,LOLB,67
josey_jewell,MLB,67
cody_kessler,QB,67
cyrus_kouandjio,LT,67
deiontrez_mount,LOLB,67
nate_palmer,MLB,67
gimel_president,ROLB,67
marcus_rush,LOLB,67
sammy_seamster,CB,67
billy_turner,RG,67
aaron_wallace,LOLB,67
deshawn_williams,DT,67
vadal_alexander,RT,67
fadol_brown,RE,67
jehu_chesson,WR,67
michael_davis,CB,67
parker_ehinger,LG,67
jon_feliciano,RG,67
chad_henne,QB,67
hayes_pullard_iii,MLB,67
dorian_odaniel,MLB,67
terrance_smith,MLB,67
azeem_victor,MLB,67
josh_adams,RB,67
jerell_adams,TE,67
shelton_gibson,WR,67
marqueston_huff,FS,67
rj_mcintosh,DT,67
joshua_perkins,TE,67
matt_pryor,RG,67
laroy_reynolds,MLB,67
robert_thomas,DT,67
joe_walker,MLB,67
jihad_ward,DT,67
chad_wheeler,LT,67
marquez_white,CB,67
trey_williams,RB,67
antwaun_woods,DT,67
kofi_amichia,RG,67
alex_barrett,LE,67
nick_bawden,RB,67
adam_bisnowaty,RT,67
equanimeous_st_brown,WR,67
tj_clemmings,RT,67
marwin_evans,SS,67
toby_johnson,DT,67
wesley_johnson,LG,67
steve_longa,LOLB,67
justin_mccray,RG,67
christian_ringo,DT,67
jason_spriggs,LT,67
dwayne_washington,RB,67
kenny_wiggins,LG,67
ade_aruna,LE,67
evan_baylis,TE,67
ben_braunecker,TE,67
kentrell_brothers,MLB,67
stacy_coley,WR,67
chase_daniel,QB,67
lorenzo_doss,CB,67
kylie_fitts,LOLB,67
doran_grant,CB,67
isaiah_irving,ROLB,67
ben_jacobs,LOLB,67
jayron_kearse,SS,67
matthew_mccants,LT,67
zach_moore,RE,67
taylor_moton,RT,67
jared_norris,LOLB,67
kendrick_norton,DT,67
dezmen_southward,SS,67
bradley_sowell,LT,67
devante_bond,LOLB,67
riley_bullough,LOLB,67
garrett_griffin,TE,67
natrell_jamerson,FS,67
mike_liedtke,RT,67
pat_oconnor,LE,67
logan_paulsen,TE,67
garrison_smith,DT,67
christian_campbell,CB,67
mason_cole,C,67
john_franklin-myers,RE,67
garry_gilliam,RT,67
will_holden,LT,67
cornelius_lucas,LT,67
raheem_mostert,RB,67
taurean_nixon,CB,67
joseph_noteboom,LT,67
kevin_peterson,CB,67
pita_taumoepenu,LOLB,67
jesse_davis,RG,66
terence_garvin,ROLB,66
cameron_malveaux,LE,66
luke_bowanko,C,66
jeremy_clark,CB,66
cole_croston,LG,66
dakota_dozier,LG,66
folorunso_fatukasi,DT,66
rickey_hatley,DT,66
tanner_vallejo,MLB,66
deondre_wesley,LT,66
alex_erickson,WR,66
bryce_harris,LT,66
jaylen_hill,CB,66
ryan_malleck,TE,66
tony_mcrae,CB,66
alex_redmond,RG,66
josh_tupou,DT,66
christian_westerman,LG,66
jarveon_williams,RB,66
james_burgess,MLB,66
julien_davenport,LT,66
kurtis_drummond,SS,66
marcus_hardison,DT,66
anthony_johnson,LE,66
kendall_lamm,LT,66
chris_milton,CB,66
jay_prosch,RB,66
david_quessenberry,LG,66
jordan_thomas,TE,66
chris_thompson,WR,66
dee_virgin,CB,66
danny_vitale,RB,66
jeremy_vujnovich,LG,66
deandrew_white,WR,66
kasen_williams,WR,66
tommy_bohanon,RB,66
josh_carraway,ROLB,66
xavier_sua-filo,RG,66
demontre_hurst,SS,66
andy_janovich,RB,66
will_richardson,RT,66
dennis_kelly,RT,66
corey_levin,RG,66
scott_orndoff,TE,66
donald_payne,ROLB,66
william_poehls,RT,66
chris_reed,LG,66
tyler_shatley,C,66
dymonte_thomas,FS,66
brynden_trawick,FS,66
julius_warmsley,RE,66
menelik_watson,RT,66
algernon_brown,RB,66
cameron_erving,LT,66
leon_mcquay_iii,SS,66
cardale_jones,QB,66
shalom_luani,FS,66
spencer_pulley,C,66
jeff_richards,CB,66
david_sharpe,LT,66
nelson_spruce,WR,66
jylan_ware,RT,66
derek_watt,RB,66
bryan_witzmann,RT,66
chris_covington,ROLB,66
aj_francis,LE,66
grant_haley,CB,66
matt_jones,RB,66
ryan_omalley,TE,66
joe_ostman,RE,66
brian_price,DT,66
kalif_raymond,WR,66
kristjan_sokoli,RG,66
david_wells,TE,66
teddy_williams,CB,66
tony_bergstrom,LG,66
kapri_bibbs,RB,66
donatello_brown,CB,66
deshazor_everett,SS,66
shaun_dion_hamilton,MLB,66
danny_johnson,CB,66
cole_madison,RG,66
brian_mihalik,LT,66
lucas_patrick,LG,66
tim_settle,DT,66
hakeem_valles,TE,66
charles_washington,FS,66
deangelo_yancey,WR,66
josh_andrews,LG,66
jermaine_carter,MLB,66
rashaad_coward,RE,66
demetrious_cox,SS,66
colby_gossett,LG,66
rashod_hill,LT,66
chris_manhertz,TE,66
jack_tocho,SS,66
eric_wilson,LOLB,66
caleb_benenoch,RT,66
jamil_douglas,RG,66
josh_leribeus,C,66
cameron_lynch,ROLB,66
arthur_maulet,CB,66
michael_ola,LT,66
foyesade_oluokun,MLB,66
wes_schweitzer,RG,66
brian_allen,C,66
willie_beavers,RT,66
chunky_clements,DT,66
deandre_elliott,CB,66
tre_flowers,SS,66
jamarco_jones,LT,66
justin_lawler,LE,66
rees_odhiambo,RG,66
jordan_roos,LG,66
garrett_sickels,LOLB,66
mike_tyson,SS,66
trevon_young,ROLB,66
torry_mctyer,CB,65
quentin_poling,ROLB,65
maurice_smith,SS,65
sam_young,LT,65
malachi_dupre,WR,65
ulrick_john,LT,65
derrick_jones,CB,65
brandon_king,FS,65
xavier_woodson-luster,MLB,65
charone_peake,WR,65
adam_redmond,LG,65
christian_sam,MLB,65
nat_berhe,SS,65
bam_bradley,MLB,65
chuck_clark,FS,65
jermaine_eluemunor,RG,65
brian_hill,RB,65
landry_jones,QB,65
hardy_nickerson,MLB,65
matt_skura,C,65
deyshawn_bond,C,65
tyler_ervin,RB,65
josh_ferguson,RB,65
avery_gennesy,RG,65
latroy_lewis,ROLB,65
greg_mancz,C,65
skai_moore,ROLB,65
jamal_carter,SS,65
jj_dielman,C,65
luke_falk,QB,65
rico_gafford,CB,65
jerrol_garcia-williams,MLB,65
quenton_meeks,CB,65
brian_parker,TE,65
kyle_peko,DT,65
cody_wichmann,LG,65
connor_cook,QB,65
jordan_devey,C,65
makinton_dorleant,CB,65
alex_ellis,TE,65
brandon_facyson,CB,65
dillon_gordon,LT,65
scott_quessenberry,C,65
ian_silberman,LG,65
darrel_williams,RB,65
richard_ash,DT,65
devante_bausby,CB,65
taylor_hart,RT,65
bruce_hector,DT,65
damien_mama,RG,65
marcus_martin,LG,65
curtis_riley,FS,65
isaac_seumalo,C,65
shane_smith,RB,65
byron_bell,RT,65
matt_cassel,QB,65
joe_dahl,LG,65
maurice_harris,WR,65
byron_marshall,RB,65
colt_mccoy,QB,65
kyle_murphy,RT,65
corey_robinson,RT,65
jeremiah_valoaga,RE,65
jonathan_anderson,MLB,65
alex_armah,RB,65
deon_bush,SS,65
blaine_clausell,LT,65
devante_downs,MLB,65
rashard_fant,CB,65
deiondre_hall,SS,65
holton_hill,CB,65
michael_joseph,CB,65
cole_luke,CB,65
jeremiah_sirles,LG,65
antony_auclair,TE,65
jt_barrett,QB,65
austin_carr,WR,65
adam_gettis,RG,65
sean_harlow,C,65
isaiah_johnson,FS,65
davonte_lambert,DT,65
rick_leonard,RT,65
tommylee_lewis,WR,65
ricky_ortiz,RB,65
anthony_winbush,RE,65
austin_blythe,LG,65
aaron_burbridge,WR,65
jeremy_cash,ROLB,65
marqui_christian,FS,65
pharoh_cooper,WR,65
brock_coyle,MLB,65
jamil_demby,LG,65
jake_eldrenkamp,RG,65
marcell_harris,SS,65
joey_hunt,C,65
larry_rose_iii,RB,65
marcus_johnson,WR,65
isaiah_johnson,FS,65
jacob_martin,LOLB,65
tarvarus_mcfadden,CB,65
jeremy_mcnichols,RB,65
david_moore,WR,65
johnny_mundt,TE,65
pace_murphy,RT,65
edmond_robinson,ROLB,65
rashad_ross,WR,65
john_wetzel,LT,65
darrell_williams,LT,65
taveze_calhoun,CB,64
senorise_perry,RB,64
eric_smith,RT,64
quan_bray,WR,64
nicholas_grigsby,MLB,64
conor_mcdermott,RT,64
brent_qvale,RT,64
brandon_bell,MLB,64
moritz_boehringer,TE,64
bradley_bozeman,C,64
bobby_hart,RT,64
lavon_hooks,LE,64
tj_johnson,C,64
keith_kelsey,MLB,64
darious_williams,CB,64
brandon_wilson,SS,64
matthew_adams,MLB,64
tyreek_burwell,LT,64
matthew_dayes,RB,64
geoff_gray,RG,64
desmond_harrison,LT,64
ronald_martin,FS,64
denzel_rice,CB,64
deontay_burnett,WR,64
dee_delaney,CB,64
brooks_ellis,MLB,64
deangelo_henderson,RB,64
sam_jones,RG,64
joshua_kalu,CB,64
allen_lazard,WR,64
jordan_leslie,WR,64
elijah_wilkinson,RT,64
nick_williams,WR,64
daniel_braverman,WR,64
geremy_davis,WR,64
breno_giacomini,RT,64
erik_harris,SS,64
albert_havili,LE,64
aj_hendy,SS,64
chris_warren_iii,RB,64
kd_cannon,WR,64
ethan_cooper,LG,64
joe_looney,C,64
romeo_okwara,ROLB,64
hunter_sharp,WR,64
aziz_shittu,DT,64
orion_stewart,SS,64
nate_sudfeld,QB,64
chandon_sullivan,CB,64
mike_white,QB,64
josh_harvey-clemons,MLB,64
simmie_cobbs,WR,64
kendall_donnerson,LOLB,64
andy_jones,WR,64
kyle_kalis,LG,64
bradley_marquez,WR,64
aaron_ripkowski,RB,64
herb_waters,CB,64
mack_brown,RB,64
reshard_cliett,LOLB,64
hroniss_grasu,C,64
hercules_mataafa,LE,64
greg_van_roten,LG,64
kyle_sloter,QB,64
andre_smith,MLB,64
roc_thomas,RB,64
bobo_wilson,WR,64
freddie_martino,WR,64
david_rivers,CB,64
brad_seaton,RT,64
channing_ward,LE,64
victor_bolden,WR,64
henry_krieger-coble,TE,64
korey_cunningham,RT,64
austin_davis,QB,64
dj_foster,RB,64
temarrick_hemingway,TE,64
gabe_holmes,TE,64
deatrick_nichols,CB,64
vinston_painter,LT,64
tyvis_powell,SS,64
tegray_scales,MLB,64
bryce_williams,TE,64
lou_young,CB,64
zach_sterup,RT,63
doug_middleton,SS,63
quincy_adeboyejo,WR,63
joshua_frazier,DT,63
quadree_henderson,WR,63
kent_perkins,LT,63
greg_senat,RT,63
maurquice_shakir,RT,63
rod_taylor,RG,63
bj_bello,MLB,63
leraven_clark,LT,63
mark_glowinski,LG,63
montrel_meander,CB,63
stephen_morris,QB,63
chad_slade,RG,63
kenny_bell,WR,63
sharif_finch,LOLB,63
cj_smith_iii,CB,63
tyler_marz,LT,63
david_williams,RB,63
nick_dzubnar,MLB,63
chris_landrum,RE,63
michael_schofield,LG,63
sam_tevi,LT,63
cole_toner,LG,63
joe_callahan,QB,63
kyle_carter,TE,63
kadeem_edwards,LG,63
aaron_evans,LG,63
chaz_green,LT,63
trevon_johnson,LOLB,63
calvin_munson,MLB,63
eric_pinkins,LOLB,63
stephen_roberts,FS,63
daniel_ross,DT,63
cooper_rush,QB,63
jordan_williams,RE,63
alex_balducci,RG,63
robert_davis,WR,63
reggie_gilbert,LOLB,63
kenny_ladler,SS,63
tyler_lancaster,DT,63
stefan_mcclure,SS,63
chris_odom,ROLB,63
adam_pankey,LT,63
michael_burton,RB,63
mose_frazier,WR,63
eric_kush,C,63
tray_matthews,SS,63
storm_norton,RT,63
brandon_zylstra,WR,63
deante_burton,CB,63
mackendy_cheridor,LE,63
john_fullington,LG,63
nigel_harris,MLB,63
devaroe_lawrence,DT,63
bernard_reedy,WR,63
leonard_wester,LT,63
isaiah_battle,LT,63
derrick_coleman,RB,63
jalston_fowler,RB,63
alec_james,LE,63
steven_mitchell,WR,63
erik_magnuson,RG,63
emmanuel_moseley,CB,63
matthew_oplinger,LOLB,63
elijhaa_penny,RB,63
jacob_pugh,ROLB,63
greg_pyke,LG,63
beau_sandland,TE,63
mike_thomas,WR,63
darrell_williams,RT,63
jake_brendel,C,62
kaelin_clay,WR,62
danny_etling,QB,62
josh_james,LT,62
brandon_reilly,WR,62
andrew_donnal,LG,62
jarvion_franklin,RB,62
jake_mcgee,TE,62
justin_murray,RT,62
marcus_tucker,WR,62
logan_woodside,QB,62
dres_anderson,WR,62
kj_brent,WR,62
brad_kaaya,QB,62
austin_reiter,C,62
brandon_weeden,QB,62
keishawn_bierria,MLB,62
matt_dickerson,LE,62
darius_jackson,RE,62
kc_mcdermott,LT,62
marcus_rios,CB,62
john_theus,RT,62
josh_walker,LG,62
ethan_wolf,TE,62
zachary_crabtree,RT,62
russell_hansbrough,RB,62
marcus_kemp,WR,62
artavis_scott,WR,62
nic_shimonek,QB,62
sean_chandler,FS,62
jon_halapio,C,62
jordan_mailata,LT,62
toby_weathersby,LT,62
devante_mays,RB,62
rolan_milligan,SS,62
conor_sheehy,LE,62
dan_skipper,RT,62
fish_smithson,FS,62
isaiah_williams,LG,62
dejon_allen,LT,62
chad_beebe,WR,62
blake_bell,TE,62
kyle_friend,C,62
trevon_mathis,CB,62
ryan_nall,RB,62
kurt_benkert,QB,62
marcelis_branch,FS,62
daniel_brunskill,RT,62
will_clapp,C,62
reggie_davis,WR,62
godwin_igwebuike,SS,62
sharrod_neasman,FS,62
dennis_gardeck,ROLB,62
travin_howard,MLB,62
akeem_king,FS,62
sean_mannion,QB,62
tavierre_thomas,CB,62
avery_young,RG,62
cayson_collins,ROLB,61
connor_hilland,LG,61
rashawn_scott,WR,61
ben_braden,LG,61
gus_edwards,RB,61
jake_rodgers,LT,61
jamar_summers,CB,61
davin_bellamy,LOLB,61
anthony_fabiano,C,61
kyle_fuller,LG,61
charley_hughlett,TE,61
marquez_williams,RB,61
darius_jennings,WR,61
tanner_lee,QB,61
tim_patrick,WR,61
shane_wynn,WR,61
brett_boyko,RT,61
donavon_clark,RG,61
cole_hunt,TE,61
matt_mcgloin,QB,61
trenton_scott,LT,61
nick_becton,RT,61
amba_etta-tawo,WR,61
darrell_greene,RG,61
joel_lanning,ROLB,61
trevor_bates,MLB,61
jace_billingsley,WR,61
quin_blanding,SS,61
tyler_catalina,RG,61
dillon_day,C,61
greer_martini,MLB,61
pete_robertson,LOLB,61
jermaine_whitehead,SS,61
tanner_gentry,WR,61
bunmi_rotimi,RE,61
dontez_byrd,WR,61
jon_cunningham,DT,61
travin_dural,WR,61
emmanuel_ellerbee,ROLB,61
matt_gono,RT,61
tyson_graham,SS,61
ryan_griffin,QB,61
jterius_jones,LOLB,61
jake_lampman,WR,61
jacob_tuioti-mariner,DT,61
cameron_tom,C,61
salesi_uhatafe,LG,61
brandon_allen,QB,61
moubarak_djeri,LE,61
dominique_hatfield,CB,61
will_house,RG,61
max_mccaffrey,WR,61
alex_mcgough,QB,61
ezekiel_turner,SS,61
andrew_vollert,TE,61
claudy_mathieu,LE,60
matthew_thomas,MLB,60
fitzgerald_toussaint,RB,60
kendal_vickers,LE,60
montay_crockett,WR,60
matt_diaz,LT,60
david_fluellen,RB,60
brandon_wilds,RB,60
keon_hatcher,WR,60
dee_liner,RE,60
keith_smith,RB,60
dmontre_wade,CB,60
marquis_bundy,WR,60
tyrell_chavis,RE,60
bryce_johnson,RG,60
jeremy_reaves,FS,60
jameill_showers,FS,60
antwuan_davis,CB,60
raven_greene,FS,60
demetrius_rhaney,C,60
jake_rudock,QB,60
tyler_bray,QB,60
cornelius_edison,C,60
taylor_hearn,RG,60
elijah_hood,RB,60
jamaal_jones,WR,60
dieugot_joseph,LT,60
justin_crawford,RB,60
russell_gage,WR,60
taysom_hill,QB,60
givens_price,LG,60
emmanuel_smith,LOLB,60
josh_allen,C,60
vontarrius_dora,LOLB,60
aj_howard,SS,60
daniel_munyer,C,60
owen_obasuyi,DT,60
alvin_jones,MLB,59
josh_woodrum,QB,59
damon_webb_ii,SS,59
djuan_hines,MLB,59
tejan_koroma,C,59
kahlil_mckenzie,LG,59
thurston_armbrister,MLB,59
nick_gates,LT,59
darius_jackson,RB,59
jon_toth,C,59
joe_kerridge,RB,59
kyle_meadows,RT,59
beau_nunn,LG,59
demarcus_ayers,WR,59
austin_duke,WR,59
alan_cross,TE,59
dalton_crossan,RB,59
richard_jarvis,MLB,59
austin_johnson,RB,59
aaron_neary,C,59
david_steinmetz,LT,58
joseph_cheek,RG,58
parker_cothren,DT,58
austin_fleer,RT,58
evan_berry,WR,58
krishawn_hogan,WR,58
nick_deluca,MLB,58
nico_falah,C,58
ben_niemann,MLB,58
michael_clark,WR,58
garrett_gilbert,QB,58
carlton_agudosi,WR,58
lawrence_thomas,RB,57
alex_thompson,C,57
fred_lauina,LG,57
andrew_depaola,TE,57
chris_gonzalez,RG,57
garrett_grayson,QB,57
jc_hassenauer,C,57
keenan_reynolds,WR,57
don_muhlbach,TE,56
tim_white,WR,55
isaac_whitney,WR,55
taylor_heinicke,QB,55
tra_carson,RB,54
clark_harris,TE,54
nick_sundberg,C,54
zak_deossie,TE,52
josh_harris,TE,52
kevin_mcdermott,TE,51
john_denney,TE,48
beau_brinkley,TE,47
carson_tinker,TE,47
mike_windt,TE,47
jj_jansen,TE,47
tyler_ott,TE,47
reid_ferguson,TE,46
lp_ladouceur,TE,46
jake_mcquaide,TE,46
aaron_brewer,TE,44
thomas_hennessy,TE,43
james_winchester,TE,43
rick_lovato,TE,43
kyle_nelson,TE,43
casey_kreiter,TE,42
morgan_cox,TE,41
jon_weeks,TE,41
patrick_scales,TE,41
kameron_canaday,TE,40
hunter_bradley,TE,39
joe_cardona,TE,38
drew_ferris,TE,38
luke_rhodes,TE,36
zach_wood,TE,35
