name,pos,pts_ppr_cbs,pts_cbs,pts_nfl,pts_fox,pts_espn
aaron_rodgers,QB,347.0,361.0,328.33,283.2,313.3
deshaun_watson,QB,341.0,357.0,334.74,,274.6
tom_brady,QB,339.0,349.0,312.2,218.3,313.9
russell_wilson,QB,318.0,336.0,303.58,325.2,289.3
andrew_luck,QB,315.0,331.0,300.65,274.6,284.4
drew_brees,QB,310.0,327.0,297.08,295.2,269.4
cam_newton,QB,309.0,324.0,279.36,304.4,299.2
ben_roethlisberger,QB,307.0,322.0,293.32,255.6,274.4
alex_smith,QB,305.0,316.0,280.74,262.6,285.9
carson_wentz,QB,304.0,314.0,242.89,216.9,278.7
kirk_cousins,QB,298.0,311.0,261.29,256.0,271.5
jimmy_garoppolo,QB,298.0,309.0,286.42,41.7,261.5
patrick_mahomes,QB,288.0,301.0,233.02,,273.0
jared_goff,QB,285.0,298.0,268.87,94.3,255.9
matthew_stafford,QB,284.0,297.0,269.94,264.4,273.7
dak_prescott,QB,281.0,295.0,236.49,254.1,250.2
matt_ryan,QB,278.0,292.0,266.83,275.7,270.4
philip_rivers,QB,276.0,291.0,280.71,279.8,271.4
eli_manning,QB,272.0,288.0,209.34,268.2,237.7
blake_bortles,QB,270.0,284.0,245.56,271.4,248.7
marcus_mariota,QB,265.0,283.0,252.31,249.9,266.8
case_keenum,QB,257.0,271.0,240.15,124.6,246.6
derek_carr,QB,249.0,263.0,227.63,260.5,245.8
ryan_tannehill,QB,243.0,263.0,247.03,223.3,248.8
mitchell_trubisky,QB,241.0,255.0,191.82,,260.6
andy_dalton,QB,226.0,241.0,230.22,243.1,252.6
jameis_winston,QB,215.0,230.0,,253.7,227.4
joe_flacco,QB,214.0,229.0,206.68,251.4,199.1
tyrod_taylor,QB,198.0,215.0,168.31,252.0,240.5
sam_darnold,QB,198.0,208.0,214.9,,207.8
josh_rosen,QB,126.0,135.0,75.13,,
sam_bradford,QB,113.0,122.0,164.08,215.1,
josh_allen,QB,108.0,117.0,201.48,,
baker_mayfield,QB,80.0,86.0,72.71,,
nathan_peterman,QB,49.0,55.0,17.39,,
ryan_fitzpatrick,QB,28.0,32.0,242.28,218.1,
nick_foles,QB,15.0,15.0,22.48,19.2,
lamar_jackson,QB,10.0,10.0,0.0,,
cj_beathard,QB,1.0,1.0,5.79,,
deshone_kizer,QB,1.0,1.0,7.04,,
jacoby_brissett,QB,1.0,1.0,9.95,12.5,
trevor_siemian,QB,1.0,1.0,8.19,221.8,
brock_osweiler,QB,1.0,1.0,,213.0,
ryan_griffin,QB,1.0,1.0,0.0,,
josh_mccown,QB,0.0,0.0,7.35,78.5,
matt_schaub,QB,0.0,0.0,3.04,,
chase_daniel,QB,0.0,0.0,4.36,,
chad_henne,QB,0.0,0.0,3.45,,
geno_smith,QB,0.0,0.0,4.51,,
cooper_rush,QB,0.0,0.0,5.6,,
cody_kessler,QB,0.0,0.0,5.55,100.5,
cody_kessler,QB,0.0,0.0,5.55,100.5,
austin_davis,QB,0.0,0.0,0.0,,
austin_davis,QB,0.0,0.0,0.0,,
brian_hoyer,QB,0.0,0.0,8.18,82.5,
brian_hoyer,QB,0.0,0.0,8.18,82.5,
robert_griffin_iii,QB,0.0,0.0,,68.1,
robert_griffin_iii,QB,0.0,0.0,,68.1,
mason_rudolph,QB,0.0,0.0,,,
mason_rudolph,QB,0.0,0.0,,,
tanner_lee,QB,0.0,0.0,0.0,,
tanner_lee,QB,0.0,0.0,0.0,,
taylor_heinicke,QB,0.0,0.0,6.67,,
taylor_heinicke,QB,0.0,0.0,6.67,,
teddy_bridgewater,QB,0.0,0.0,9.53,,
teddy_bridgewater,QB,0.0,0.0,9.53,,
jameill_showers,QB,0.0,0.0,,,
jameill_showers,QB,0.0,0.0,,,
colt_mccoy,QB,0.0,0.0,3.95,,
colt_mccoy,QB,0.0,0.0,3.95,,
aj_mccarron,QB,0.0,0.0,4.73,,
aj_mccarron,QB,0.0,0.0,4.73,,
kyle_lauletta,QB,0.0,0.0,7.15,,
kyle_lauletta,QB,0.0,0.0,7.15,,
matt_cassel,QB,0.0,0.0,3.27,12.1,
todd_gurley,RB,351.0,289.0,287.69,213.7,325.4
david_johnson,RB,296.0,227.0,255.66,279.3,323.5
leveon_bell,RB,296.0,218.0,258.57,227.8,347.7
ezekiel_elliott,RB,264.0,214.0,236.78,252.9,301.5
alvin_kamara,RB,263.0,198.0,195.1,,291.2
saquon_barkley,RB,258.0,198.0,197.72,,280.8
christian_mccaffrey,RB,249.0,193.0,168.4,,259.7
kareem_hunt,RB,245.0,188.0,227.39,,258.0
melvin_gordon,RB,236.0,188.0,223.55,168.3,264.4
leonard_fournette,RB,222.0,174.0,220.8,,257.4
devonta_freeman,RB,220.0,169.0,188.4,216.8,233.1
dalvin_cook,RB,212.0,166.0,209.72,,262.0
lesean_mccoy,RB,204.0,147.0,213.15,204.8,251.8
joe_mixon,RB,172.0,137.0,158.53,,205.4
royce_freeman,RB,169.0,136.0,186.83,,203.6
tevin_coleman,RB,167.0,136.0,122.06,109.5,
kenyan_drake,RB,165.0,135.0,172.72,22.3,200.1
lamar_miller,RB,164.0,135.0,157.95,233.9,
jordan_howard,RB,164.0,133.0,187.66,183.5,202.9
alex_collins,RB,160.0,129.0,190.87,32.2,190.9
mark_ingram,RB,153.0,128.0,90.3,183.0,
derrick_henry,RB,151.0,124.0,188.92,79.8,
jay_ajayi,RB,151.0,116.0,165.08,163.2,
kerryon_johnson,RB,148.0,108.0,127.7,,
chris_thompson,RB,141.0,108.0,103.18,95.0,
tarik_cohen,RB,139.0,105.0,83.37,,
james_white,RB,138.0,102.0,103.87,65.6,
rex_burkhead,RB,137.0,101.0,111.27,33.1,
carlos_hyde,RB,133.0,101.0,161.03,150.9,
matt_breida,RB,131.0,96.0,128.2,,
duke_johnson,RB,128.0,96.0,122.37,105.7,
isaiah_crowell,RB,126.0,95.0,92.09,156.1,
jamaal_williams,RB,125.0,92.0,165.58,,
dion_lewis,RB,123.0,91.0,126.57,32.1,
marshawn_lynch,RB,116.0,89.0,131.09,,
peyton_barber,RB,114.0,88.0,169.2,38.4,
marlon_mack,RB,113.0,86.0,158.6,,
ty_montgomery,RB,113.0,86.0,79.3,83.9,
alfred_morris,RB,113.0,84.0,137.01,47.5,
sony_michel,RB,113.0,82.0,47.2,,
bilal_powell,RB,113.0,82.0,146.14,119.3,
theo_riddick,RB,111.0,81.0,74.78,113.7,
corey_clement,RB,110.0,79.0,72.16,,
devontae_booker,RB,105.0,78.0,83.21,151.7,
austin_ekeler,RB,105.0,77.0,60.32,,
chris_carson,RB,102.0,76.0,133.04,,
giovani_bernard,RB,102.0,76.0,126.6,109.3,
jordan_wilkins,RB,101.0,75.0,41.17,,
rashaad_penny,RB,99.0,75.0,48.26,,
nyheim_hines,RB,97.0,73.0,72.21,,
nick_chubb,RB,96.0,69.0,34.8,,
spencer_ware,RB,93.0,68.0,41.59,190.2,
adrian_peterson,RB,91.0,68.0,145.83,40.2,
frank_gore,RB,90.0,66.0,64.78,191.6,
darren_sproles,RB,85.0,64.0,65.26,97.5,
donta_foreman,RB,85.0,64.0,0.0,,
cj_prosise,RB,84.0,64.0,39.18,31.0,
cj_anderson,RB,83.0,62.0,111.67,90.9,
wayne_gallman,RB,77.0,60.0,62.26,,
jalen_richard,RB,74.0,60.0,31.65,30.6,
latavius_murray,RB,73.0,57.0,73.57,167.8,
doug_martin,RB,72.0,54.0,88.74,104.6,
legarrette_blount,RB,71.0,54.0,73.64,178.3,
kyle_juszczyk,RB,70.0,54.0,50.97,40.6,
aaron_jones,RB,69.0,52.0,0.0,,
ronald_jones,RB,68.0,51.0,73.11,,
james_conner,RB,68.0,51.0,20.79,,
marcus_murphy,RB,66.0,48.0,12.31,,
tj_yeldon,RB,65.0,47.0,95.92,136.2,
rod_smith,RB,63.0,45.0,75.31,,
chase_edmonds,RB,60.0,43.0,32.07,,
chris_ivory,RB,58.0,41.0,44.73,115.0,
corey_grant,RB,57.0,40.0,27.13,9.1,
jeremy_hill,RB,54.0,39.0,65.54,153.8,
rob_kelley,RB,51.0,39.0,14.45,103.7,
raheem_mostert,RB,47.0,35.0,11.91,,
phillip_lindsay,RB,43.0,31.0,31.66,,
mike_gillislee,RB,39.0,31.0,68.35,91.4,
kenneth_dixon,RB,36.0,31.0,89.15,59.1,
cameron_artis-payne,RB,36.0,29.0,6.73,35.2,
malcolm_brown,RB,35.0,21.0,29.87,12.4,
robert_turbin,RB,31.0,20.0,,44.2,
elijah_mcguire,RB,28.0,18.0,29.98,,
wendell_smallwood,RB,26.0,18.0,1.47,37.7,
mike_davis,RB,25.0,15.0,0.0,10.7,
mark_walton,RB,18.0,13.0,40.4,,
jaylen_samuels,RB,18.0,12.0,,,
ameer_abdullah,RB,16.0,11.0,24.74,18.4,
alfred_blue,RB,13.0,9.0,89.05,52.5,
kalen_ballage,RB,13.0,8.0,25.46,,
christine_michael,RB,11.0,8.0,1.71,139.0,
orleans_darkwa,RB,11.0,8.0,0.0,17.6,
jacquizz_rodgers,RB,11.0,8.0,20.29,60.1,
andre_ellington,RB,11.0,7.0,0.0,50.0,
anthony_sherman,RB,10.0,6.0,10.58,,
samaje_perine,RB,10.0,6.0,,,
jamize_olawale,RB,9.0,5.0,5.29,19.6,
deandre_washington,RB,9.0,5.0,,45.0,
benny_cunningham,RB,6.0,4.0,27.08,50.4,
lance_dunbar,RB,6.0,4.0,,14.8,
damien_williams,RB,6.0,4.0,44.28,25.4,
james_develin,RB,6.0,4.0,6.67,4.1,
zach_line,RB,5.0,3.0,7.06,8.8,
dalton_crossan,RB,5.0,3.0,0.0,,
patrick_dimarco,RB,5.0,3.0,11.47,6.3,
stevan_ridley,RB,5.0,3.0,,,
gus_edwards,RB,5.0,3.0,0.0,,
john_kelly,RB,5.0,3.0,35.6,,
mark_thompson,RB,5.0,3.0,,,
andy_janovich,RB,5.0,3.0,8.59,,
david_williams,RB,4.0,2.0,,,
roosevelt_nix-jones,RB,4.0,2.0,,,
ito_smith,RB,4.0,2.0,16.47,,
branden_oliver,RB,4.0,2.0,,,
justin_davis,RB,4.0,2.0,0.0,,
jay_prosch,RB,4.0,2.0,,,
trenton_cannon,RB,4.0,2.0,30.21,,
cj_spiller,RB,3.0,2.0,,7.9,
jalston_fowler,RB,3.0,1.0,0.0,9.1,
trey_edmunds,RB,3.0,1.0,0.0,,
keith_smith,RB,3.0,1.0,5.33,,
shane_smith,RB,2.0,1.0,3.89,,
eddie_lacy,RB,2.0,1.0,0.0,61.1,
derek_watt,RB,2.0,1.0,7.53,,
tion_green,RB,2.0,1.0,0.0,,
fitzgerald_toussaint,RB,1.0,0.0,,18.8,
byron_marshall,RB,1.0,0.0,,,
tyler_ervin,RB,1.0,0.0,0.0,6.2,
daniel_lasco,RB,1.0,0.0,0.0,,
brandon_bolden,RB,1.0,0.0,0.0,,
derrick_coleman,RB,1.0,0.0,4.52,,
marquez_williams,RB,1.0,0.0,,,
michael_burton,RB,1.0,0.0,10.95,2.8,
taiwan_jones,RB,0.0,0.0,4.54,,
matt_dayes,RB,0.0,0.0,0.0,,
brandon_wilson,RB,0.0,0.0,,,
senorise_perry,RB,0.0,0.0,,,
david_fluellen,RB,0.0,0.0,8.1,,
antonio_brown,WR,323.0,211.0,215.44,203.1,321.7
deandre_hopkins,WR,272.0,178.0,174.03,169.0,281.3
odell_beckham,WR,264.0,163.0,159.22,196.6,275.8
julio_jones,WR,260.0,156.0,188.2,218.2,291.7
michael_thomas,WR,257.0,155.0,187.81,116.8,278.2
davante_adams,WR,246.0,152.0,148.09,66.1,251.4
keenan_allen,WR,241.0,146.0,192.51,8.7,278.8
aj_green,WR,239.0,145.0,149.43,133.6,266.3
jarvis_landry,WR,239.0,145.0,138.26,151.5,209.2
stefon_diggs,WR,235.0,139.0,142.22,127.8,227.3
mike_evans,WR,231.0,136.0,141.45,161.9,231.8
demaryius_thomas,WR,224.0,136.0,128.48,143.9,227.2
adam_thielen,WR,222.0,135.0,127.33,79.3,235.9
golden_tate,WR,221.0,133.0,124.19,123.2,215.9
larry_fitzgerald,WR,219.0,130.0,143.32,145.6,241.9
amari_cooper,WR,217.0,130.0,135.6,163.4,222.0
tyreek_hill,WR,216.0,129.0,153.8,74.0,231.3
doug_baldwin,WR,210.0,128.0,147.88,143.8,224.4
ty_hilton,WR,209.0,123.0,112.04,166.5,241.3
josh_gordon,WR,203.0,122.0,143.41,,201.1
michael_crabtree,WR,201.0,117.0,117.75,133.5,194.9
juju_smith-schuster,WR,194.0,116.0,144.69,,200.0
marvin_jones,WR,183.0,116.0,142.16,143.0,204.8
marquise_goodwin,WR,179.0,111.0,136.33,61.4,190.2
robby_anderson,WR,177.0,110.0,111.95,47.9,
sterling_shepard,WR,177.0,107.0,109.48,109.2,
corey_davis,WR,174.0,105.0,105.46,,196.8
emmanuel_sanders,WR,172.0,104.0,94.91,147.0,191.1
pierre_garcon,WR,170.0,103.0,114.05,101.9,
robert_woods,WR,169.0,103.0,138.54,67.6,
cooper_kupp,WR,169.0,101.0,130.33,,
jamison_crowder,WR,168.0,101.0,127.03,91.3,
allen_robinson,WR,167.0,98.0,115.61,144.5,222.0
brandin_cooks,WR,163.0,98.0,122.27,157.2,196.3
julian_edelman,WR,159.0,98.0,0.0,143.6,
nelson_agholor,WR,159.0,98.0,106.57,68.7,
jordy_nelson,WR,158.0,98.0,72.35,173.7,
chris_hogan,WR,155.0,97.0,106.5,71.4,198.5
sammy_watkins,WR,152.0,93.0,96.87,69.3,
will_fuller,WR,148.0,93.0,89.92,,
devin_funchess,WR,147.0,93.0,121.37,65.3,
mohamed_sanu,WR,146.0,93.0,103.13,93.4,
kenny_stills,WR,145.0,91.0,94.81,118.4,
randall_cobb,WR,145.0,90.0,101.49,118.5,
calvin_ridley,WR,145.0,89.0,46.77,,
geronimo_allison,WR,144.0,88.0,61.81,5.0,
john_brown,WR,143.0,87.0,70.44,116.1,
quincy_enunwa,WR,143.0,87.0,95.28,129.1,
josh_doctson,WR,142.0,86.0,89.18,8.0,
courtland_sutton,WR,140.0,86.0,45.65,,
ted_ginn,WR,138.0,86.0,121.8,87.6,
tyrell_williams,WR,138.0,86.0,101.58,134.6,
michael_gallup,WR,137.0,84.0,36.58,,
dede_westbrook,WR,136.0,84.0,85.74,,
keelan_cole,WR,136.0,83.0,103.89,,
desean_jackson,WR,136.0,82.0,101.44,140.4,
allen_hurns,WR,136.0,82.0,90.13,83.1,
paul_richardson,WR,135.0,82.0,64.56,32.5,
kenny_golladay,WR,135.0,81.0,103.34,,
kelvin_benjamin,WR,132.0,80.0,101.36,119.8,
alshon_jeffery,WR,129.0,79.0,108.82,135.3,
antonio_callaway,WR,129.0,79.0,29.93,,
dj_moore,WR,128.0,77.0,93.2,,
seth_roberts,WR,125.0,76.0,,82.2,
adam_humphries,WR,124.0,74.0,75.51,63.3,
devante_parker,WR,124.0,73.0,100.06,124.8,
ryan_grant,WR,121.0,72.0,88.35,19.3,
chester_rogers,WR,121.0,70.0,48.3,31.6,
christian_kirk,WR,120.0,70.0,43.93,,
albert_wilson,WR,117.0,70.0,53.38,40.8,
donte_moncrief,WR,116.0,66.0,69.49,60.9,
jermaine_kearse,WR,115.0,66.0,89.22,87.4,
cameron_meredith,WR,114.0,65.0,100.88,62.1,
mike_wallace,WR,112.0,65.0,102.24,112.5,
chad_williams,WR,111.0,65.0,66.76,,
brandon_marshall,WR,111.0,65.0,44.9,160.4,
tyler_lockett,WR,110.0,65.0,77.76,76.7,
travis_benjamin,WR,108.0,63.0,81.81,135.9,
laquon_treadwell,WR,106.0,63.0,27.49,16.4,
dj_chark,WR,104.0,61.0,37.04,,
chris_conley,WR,104.0,61.0,68.0,60.0,
cole_beasley,WR,103.0,60.0,57.83,99.8,
john_ross,WR,103.0,60.0,91.98,,
trent_taylor,WR,102.0,60.0,61.5,,
trequan_smith,WR,100.0,60.0,41.28,,
tj_jones,WR,100.0,58.0,41.91,,
chris_godwin,WR,99.0,57.0,73.08,,
jj_nelson,WR,97.0,57.0,58.29,60.7,
danny_amendola,WR,95.0,56.0,129.89,81.6,
cordarrelle_patterson,WR,94.0,54.0,39.04,58.6,
phillip_dorsett,WR,93.0,54.0,56.13,100.8,
terrelle_pryor,WR,93.0,53.0,44.9,,
anthony_miller,WR,90.0,51.0,41.93,,
zay_jones,WR,88.0,51.0,64.32,,
taylor_gabriel,WR,84.0,50.0,58.22,37.2,
mike_williams,WR,84.0,50.0,31.43,,
willie_snead,WR,83.0,48.0,26.97,115.6,
terrance_williams,WR,83.0,48.0,74.59,88.6,
taywan_taylor,WR,81.0,45.0,22.51,,
cody_latimer,WR,80.0,44.0,52.24,11.1,
bruce_ellington,WR,79.0,42.0,67.34,,
jaron_brown,WR,78.0,42.0,43.0,19.1,
tyler_boyd,WR,77.0,41.0,88.06,72.6,
chris_moore,WR,73.0,41.0,30.92,9.4,
james_washington,WR,70.0,40.0,102.22,,
dante_pettis,WR,69.0,40.0,39.61,,
kevin_white,WR,64.0,40.0,82.52,35.9,
andre_holmes,WR,63.0,36.0,16.15,35.2,
curtis_samuel,WR,62.0,35.0,35.06,,
josh_reynolds,WR,60.0,34.0,21.04,,
mack_hollins,WR,59.0,34.0,20.75,,
torrey_smith,WR,58.0,32.0,52.21,109.2,
jakeem_grant,WR,58.0,32.0,36.32,2.6,
hunter_sharp,WR,54.0,31.0,,,
jeremy_kerley,WR,54.0,31.0,54.71,109.1,
sammie_coates,WR,53.0,29.0,10.25,72.8,
keke_coutee,WR,50.0,24.0,29.21,,
justin_hardy,WR,39.0,23.0,22.72,36.0,
jmon_moore,WR,30.0,15.0,,,
daesean_hamilton,WR,29.0,15.0,29.65,,
brandon_lafell,WR,29.0,15.0,79.54,111.2,
rashard_higgins,WR,20.0,14.0,44.54,22.0,
justin_hunter,WR,20.0,9.0,,42.2,
tajae_sharpe,WR,19.0,9.0,55.33,87.8,
eli_rogers,WR,16.0,8.0,,58.8,
josh_bellamy,WR,16.0,8.0,20.7,44.3,
kendrick_bourne,WR,15.0,6.0,42.87,,
damiere_byrd,WR,15.0,6.0,21.76,,
demarcus_robinson,WR,13.0,6.0,22.44,,
tavon_austin,WR,13.0,5.0,,99.0,
travis_rudolph,WR,12.0,5.0,,,
deanthony_thomas,WR,11.0,5.0,,12.1,
austin_carr,WR,10.0,5.0,3.34,,
corey_fuller,WR,10.0,5.0,,4.5,
markus_wheaton,WR,10.0,5.0,,48.2,
marquez_valdes-scantling,WR,10.0,5.0,27.61,,
equanimeous_st_brown,WR,10.0,5.0,,,
nick_williams,WR,10.0,5.0,,,
jarius_wright,WR,9.0,4.0,,4.8,
trey_quinn,WR,9.0,4.0,26.73,,
richie_james,WR,9.0,4.0,,,
justin_watson,WR,9.0,4.0,15.3,,
wendall_williams,WR,9.0,4.0,,6.0,
daurice_fountain,WR,9.0,4.0,0.0,,
geremy_davis,WR,9.0,4.0,5.91,,
harry_douglas,WR,9.0,4.0,,28.8,
charone_peake,WR,9.0,4.0,,8.7,
alex_erickson,WR,9.0,3.0,0.0,7.4,
jordan_lasley,WR,8.0,3.0,19.76,,
ed_eagan,WR,8.0,3.0,,,
mike_thomas,WR,8.0,3.0,,2.8,
reggie_davis,WR,7.0,3.0,0.0,,
josh_malone,WR,7.0,3.0,28.02,,
ryan_switzer,WR,7.0,3.0,12.05,,
russell_gage,WR,7.0,3.0,22.78,,
marcus_johnson,WR,7.0,3.0,17.15,,
auden_tate,WR,7.0,3.0,28.0,,
shelton_gibson,WR,7.0,3.0,7.05,,
freddie_martino,WR,7.0,3.0,9.46,6.5,
javon_wims,WR,7.0,3.0,,,
tommylee_lewis,WR,6.0,3.0,6.68,5.2,
ray-ray_mccloud,WR,6.0,2.0,,,
maurice_harris,WR,6.0,2.0,10.94,10.1,
chris_matthews,WR,6.0,2.0,,,
darrius_heyward-bey,WR,6.0,2.0,4.01,32.2,
jd_mckissic,WR,6.0,2.0,36.54,,
shane_wynn,WR,6.0,2.0,,,
cody_core,WR,5.0,2.0,0.0,6.7,
trevor_davis,WR,5.0,2.0,13.11,,
pharoh_cooper,WR,4.0,1.0,14.06,18.9,
marvin_hall,WR,4.0,1.0,9.21,,
brittan_golden,WR,4.0,1.0,,11.3,
jeff_janis,WR,4.0,1.0,,12.8,
chris_thompson,WR,3.0,1.0,,,
noah_brown,WR,3.0,1.0,0.0,,
jordan_taylor,WR,3.0,1.0,,15.6,
andre_roberts,WR,3.0,0.0,0.56,22.6,
ced_wilson,WR,3.0,0.0,,,
arrelious_benn,WR,3.0,0.0,0.0,13.4,
ardarius_stewart,WR,2.0,0.0,,,
kalif_raymond,WR,2.0,0.0,,,
dwayne_harris,WR,1.0,0.0,3.79,25.5,
vince_mayle,WR,1.0,0.0,,,
isaiah_mckenzie,WR,0.0,0.0,18.8,,
justin_hardee,WR,0.0,0.0,0.0,,
eric_weems,WR,0.0,-1.0,,2.7,
travis_kelce,TE,229.0,141.0,137.91,119.3,217.3
rob_gronkowski,TE,214.0,139.0,159.93,100.1,251.1
zach_ertz,TE,186.0,111.0,121.99,90.4,212.1
evan_engram,TE,162.0,95.0,109.94,,
delanie_walker,TE,162.0,94.0,115.81,127.3,
jordan_reed,TE,162.0,94.0,96.78,96.0,
kyle_rudolph,TE,161.0,93.0,86.82,76.8,
jimmy_graham,TE,159.0,91.0,89.74,98.9,
trey_burton,TE,156.0,90.0,76.05,27.0,
greg_olsen,TE,146.0,86.0,112.31,144.8,
jack_doyle,TE,144.0,83.0,99.61,63.0,
george_kittle,TE,141.0,82.0,94.91,,
charles_clay,TE,139.0,81.0,82.94,82.9,
jared_cook,TE,130.0,75.0,92.15,51.5,
austin_seferian-jenkins,TE,127.0,74.0,61.0,32.4,
david_njoku,TE,127.0,74.0,56.31,,
eric_ebron,TE,126.0,73.0,103.98,87.8,
benjamin_watson,TE,125.0,73.0,77.8,,
cameron_brate,TE,123.0,73.0,83.47,82.9,
vance_mcdonald,TE,116.0,72.0,74.8,46.3,
vernon_davis,TE,115.0,71.0,68.73,48.7,
ricky_seals-jones,TE,111.0,69.0,98.25,,
tyler_eifert,TE,109.0,67.0,94.02,48.2,
mike_gesicki,TE,104.0,67.0,29.27,,
hayden_hurst,TE,102.0,66.0,48.93,,
austin_hooper,TE,101.0,56.0,57.42,40.2,
garrett_celek,TE,101.0,54.0,32.25,50.8,
oj_howard,TE,101.0,51.0,64.19,,
antonio_gates,TE,89.0,51.0,70.96,71.2,
luke_willson,TE,87.0,50.0,32.64,29.0,
jesse_james,TE,87.0,47.0,26.42,56.1,
dallas_goedert,TE,85.0,46.0,34.67,,
tyler_higbee,TE,80.0,45.0,42.46,21.7,
ryan_griffin,TE,79.0,41.0,63.81,52.8,
jeff_heuerman,TE,73.0,40.0,34.64,7.3,
blake_jarwin,TE,71.0,39.0,53.98,,
virgil_green,TE,70.0,39.0,16.7,48.6,
jonnu_smith,TE,69.0,39.0,26.02,,
jermaine_gresham,TE,68.0,36.0,46.07,43.3,
nick_vannett,TE,67.0,35.0,32.09,4.3,
jordan_akins,TE,63.0,34.0,17.65,,
jake_butt,TE,63.0,33.0,60.3,,
dwayne_allen,TE,60.0,33.0,10.39,58.3,
marqueis_gray,TE,59.0,33.0,12.65,29.8,
rhett_ellison,TE,58.0,30.0,32.52,7.8,
marcedes_lewis,TE,53.0,29.0,18.77,25.7,
tyler_kroft,TE,53.0,28.0,22.69,20.4,
david_morgan,TE,49.0,28.0,10.75,,
ed_dickson,TE,49.0,25.0,0.0,18.4,
josh_hill,TE,47.0,21.0,37.35,28.2,
jordan_leggett,TE,39.0,17.0,11.08,,
chris_herndon,TE,39.0,17.0,17.38,,
darren_fells,TE,31.0,16.0,15.65,37.6,
rico_gathers,TE,30.0,15.0,16.04,,
demetrius_harris,TE,29.0,14.0,0.0,19.1,
gerald_everett,TE,28.0,14.0,33.38,,
will_dissly,TE,27.0,13.0,48.02,,
mark_andrews,TE,26.0,13.0,21.29,,
adam_shaheen,TE,26.0,10.0,16.54,,
seth_devalve,TE,19.0,9.0,,15.6,
aj_derby,TE,19.0,8.0,45.17,9.3,
dalton_schultz,TE,18.0,8.0,17.22,,
durham_smythe,TE,18.0,8.0,,,
ian_thomas,TE,17.0,8.0,32.73,,
lance_kendricks,TE,16.0,7.0,11.33,74.3,
troy_niklas,TE,16.0,7.0,,,
dion_sims,TE,15.0,7.0,15.95,53.1,
nick_boyle,TE,14.0,6.0,30.32,,
mychal_rivera,TE,12.0,5.0,,23.9,
neal_sterling,TE,12.0,5.0,,,
ben_koyack,TE,12.0,5.0,0.0,21.8,
jerell_adams,TE,11.0,4.0,0.0,16.7,
erik_swoope,TE,10.0,4.0,17.43,4.0,
luke_stocker,TE,10.0,4.0,5.21,13.2,
brandon_williams,TE,9.0,4.0,,,
maxx_williams,TE,9.0,4.0,15.38,,
cj_uzomah,TE,8.0,4.0,17.72,22.6,
logan_thomas,TE,8.0,3.0,7.87,,
xavier_grimble,TE,8.0,3.0,9.06,19.6,
bucky_hodges,TE,8.0,3.0,0.0,,
eric_tomlinson,TE,8.0,3.0,19.18,,
jeremy_sprinkle,TE,7.0,3.0,5.82,,
jordan_thomas,TE,7.0,3.0,12.85,,
orson_charles,TE,7.0,3.0,,,
mason_schreck,TE,6.0,3.0,,,
jim_dray,TE,6.0,3.0,,2.2,
tyler_conklin,TE,6.0,2.0,14.13,,
eric_saubert,TE,6.0,2.0,5.83,,
gavin_escobar,TE,6.0,2.0,0.0,5.8,
james_oshaughnessy,TE,6.0,2.0,23.0,,
daniel_brown,TE,6.0,2.0,1.26,19.9,
chris_manhertz,TE,6.0,2.0,4.78,,
antony_auclair,TE,6.0,2.0,5.32,,
clay_harbor,TE,6.0,2.0,,,
michael_roberts,TE,6.0,2.0,8.76,,
derek_carrier,TE,5.0,2.0,7.32,,
phillip_supernaw,TE,5.0,1.0,,,
khari_lee,TE,5.0,1.0,,,
niles_paul,TE,4.0,1.0,26.36,3.6,
lee_smith,TE,4.0,0.0,14.67,5.9,
lee_smith,TE,4.0,0.0,14.67,5.9,
darrell_daniels,TE,4.0,0.0,9.1,,
darrell_daniels,TE,4.0,0.0,9.1,,
levine_toilolo,TE,3.0,0.0,21.19,17.3,
levine_toilolo,TE,3.0,0.0,21.19,17.3,
jacob_hollister,TE,2.0,0.0,8.17,,
jacob_hollister,TE,2.0,0.0,8.17,,
troy_fumagalli,TE,2.0,0.0,0.0,,
troy_fumagalli,TE,2.0,0.0,0.0,,
logan_paulsen,TE,2.0,0.0,6.24,17.7,
logan_paulsen,TE,2.0,0.0,6.24,17.7,
ben_braunecker,TE,0.0,0.0,1.83,7.1,
stephen_gostkowski,K,152.0,156.0,131.59,136.6,
greg_zuerlein,K,147.0,152.0,117.68,102.7,
harrison_butker,K,146.0,150.0,112.68,,
robbie_gould,K,145.0,148.0,113.76,70.9,
chris_boswell,K,137.0,142.0,121.25,125.9,
jake_elliott,K,136.0,142.0,119.8,,
justin_tucker,K,135.0,140.0,114.93,126.2,
matt_bryant,K,134.0,140.0,122.98,125.7,
wil_lutz,K,132.0,137.0,124.15,115.9,
adam_vinatieri,K,128.0,134.0,108.66,118.4,
daniel_carlson,K,126.0,130.0,120.51,,
graham_gano,K,123.0,128.0,114.52,115.9,
matt_prater,K,123.0,125.0,111.37,111.4,
josh_lambo,K,120.0,123.0,117.55,99.3,
ryan_succop,K,119.0,121.0,109.68,110.4,
kaimi_fairbairn,K,117.0,121.0,106.11,,
brett_maher,K,116.0,118.0,109.88,,
brandon_mcmanus,K,114.0,117.0,110.73,114.0,
phil_dawson,K,114.0,117.0,114.65,104.1,
mason_crosby,K,110.0,112.0,120.92,120.8,
dustin_hopkins,K,109.0,110.0,117.0,118.5,
sebastian_janikowski,K,106.0,109.0,108.76,117.3,
caleb_sturgis,K,104.0,108.0,120.62,103.6,
mike_nugent,K,103.0,104.0,110.12,91.8,
chandler_catanzaro,K,98.0,100.0,112.26,121.3,
aldrick_rosas,K,93.0,97.0,106.12,,
jason_sanders,K,93.0,95.0,113.87,,
zane_gonzalez,K,92.0,95.0,108.21,,
stephen_hauschka,K,90.0,94.0,99.97,,
randy_bullock,K,85.0,86.0,111.54,36.8,
cody_parkey,K,83.0,85.0,104.95,85.8,
jason_myers,K,39.0,40.0,103.44,100.4,
jaguars,DST,246.0,246.0,,,
titans,DST,224.0,224.0,,,
vikings,DST,220.0,220.0,,,
rams,DST,207.0,207.0,,,
ravens,DST,201.0,201.0,,,
chargers,DST,200.0,200.0,,,
eagles,DST,199.0,199.0,,,
steelers,DST,196.0,196.0,,,
broncos,DST,190.0,190.0,,,
packers,DST,190.0,190.0,,,
cowboys,DST,185.0,185.0,,,
falcons,DST,179.0,179.0,,,
patriots,DST,177.0,177.0,,,
seahawks,DST,176.0,176.0,,,
cardinals,DST,173.0,173.0,,,
bears,DST,163.0,163.0,,,
panthers,DST,161.0,161.0,,,
bills,DST,159.0,159.0,,,
redskins,DST,157.0,157.0,,,
texans,DST,153.0,153.0,,,
saints,DST,153.0,153.0,,,
chiefs,DST,150.0,150.0,,,
lions,DST,147.0,147.0,,,
raiders,DST,144.0,144.0,,,
buccaneers,DST,139.0,139.0,,,
49ers,DST,139.0,139.0,,,
dolphins,DST,138.0,138.0,,,
jets,DST,138.0,138.0,,,
colts,DST,136.0,136.0,,,
giants,DST,128.0,128.0,,,
bengals,DST,127.0,127.0,,,
david_fales,QB,,,9.31,,
sean_mannion,QB,,,8.16,,
brett_hundley,QB,,,8.01,,
joshua_dobbs,QB,,,6.4,,
robert_griffin,QB,,,6.18,,
kevin_hogan,QB,,,5.28,,
brandon_weeden,QB,,,4.38,,
blaine_gabbert,QB,,,4.13,79.7,
chad_kelly,QB,,,2.15,,
joe_webb,QB,,,1.29,,
nate_sudfeld,QB,,,0.75,,
austin_allen,QB,,,0.0,,
brandon_allen,QB,,,0.0,,
kyle_allen,QB,,,0.0,,
matt_barkley,QB,,,0.0,80.6,
jt_barrett,QB,,,0.0,,
kurt_benkert,QB,,,0.0,,
tim_boyle,QB,,,0.0,,
tyler_bray,QB,,,0.0,,
joe_callahan,QB,,,0.0,,
connor_cook,QB,,,0.0,,
jay_cutler,QB,,,0.0,75.0,
danny_etling,QB,,,0.0,,
luke_falk,QB,,,0.0,,
tyler_ferguson,QB,,,0.0,,
garrett_gilbert,QB,,,0.0,,
mike_glennon,QB,,,0.0,,
garrett_grayson,QB,,,0.0,,
christian_hackenberg,QB,,,0.0,,
jack_heneghan,QB,,,0.0,,
taysom_hill,QB,,,0.0,,
josh_johnson,QB,,,0.0,,
cardale_jones,QB,,,0.0,,
landry_jones,QB,,,0.0,27.9,
brad_kaaya,QB,,,0.0,,
colin_kaepernick,QB,,,0.0,203.5,
chad_kanoff,QB,,,0.0,,
chase_litton,QB,,,0.0,,
paxton_lynch,QB,,,0.0,,
ej_manuel,QB,,,0.0,16.0,
matt_mcgloin,QB,,,0.0,10.6,
alex_mcgough,QB,,,0.0,,
javorius_allen,RB,,,87.74,16.3,
jonathan_stewart,RB,,,54.92,133.8,
mike_boone,RB,,,32.6,,
detrez_newsome,RB,,,31.01,,
tj_logan,RB,,,30.52,,
tavon_austin,RB,,,27.51,,
ricky_ortiz,RB,,,11.63,,
deanthony_thomas,RB,,,10.14,,
boston_scott,RB,,,9.01,,
tommy_bohanon,RB,,,8.02,,
roosevelt_nix,RB,,,7.93,,
cj_ham,RB,,,7.27,,
tre_madden,RB,,,4.68,,
alex_armah,RB,,,4.33,,
josh_adams,RB,,,0.0,,
lamar_atkins,RB,,,0.0,,
kenjon_barner,RB,,,0.0,5.9,
nick_bawden,RB,,,0.0,,
kapri_bibbs,RB,,,0.0,17.5,
reggie_bonnafon,RB,,,0.0,,
joel_bouagnon,RB,,,0.0,,
algernon_brown,RB,,,0.0,,
mack_brown,RB,,,0.0,,
travaris_cadet,RB,,,0.0,45.4,
tra_carson,RB,,,0.0,,
cethan_carter,RB,,,0.0,,
martez_carter,RB,,,0.0,,
jamaal_charles,RB,,,0.0,23.5,
jordan_chunn,RB,,,0.0,,
lavon_coleman,RB,,,0.0,,
tim_cook,RB,,,0.0,,
justin_crawford,RB,,,0.0,,
josh_ferguson,RB,,,0.0,41.1,
dimitri_flowers,RB,,,0.0,,
quinton_flowers,RB,,,0.0,,
jarvion_franklin,RB,,,0.0,,
aaron_green,RB,,,0.0,,
derrius_guice,RB,,,0.0,,
russell_hansbrough,RB,,,0.0,,
josh_harris,RB,,,0.0,,
deangelo_henderson,RB,,,0.0,,
brian_hill,RB,,,0.0,,
bronson_hill,RB,,,0.0,,
khalid_hill,RB,,,0.0,,
dontrell_hilliard,RB,,,0.0,,
akeem_hunt,RB,,,0.0,,
justin_jackson,RB,,,0.0,,
malcolm_johnson,RB,,,0.0,7.2,
matt_jones,RB,,,0.0,89.0,
joe_kerridge,RB,,,0.0,,
zach_laskey,RB,,,0.0,,
terrence_magee,RB,,,0.0,,
anthony_manzo-lewis,RB,,,0.0,,
keith_marshall,RB,,,0.0,,
rishard_matthews,WR,,,93.66,89.6,
brandon_zylstra,WR,,,31.61,,
equanimeous_st,WR,,,31.31,,
seth_devalve,WR,,,30.36,,
trent_sherfield,WR,,,29.27,,
tim_patrick,WR,,,28.25,,
chad_hansen,WR,,,26.42,,
robert_foster,WR,,,22.95,,
david_moore,WR,,,21.71,,
russell_shepard,WR,,,20.85,57.7,
damion_ratley,WR,,,20.58,,
kaelin_clay,WR,,,17.03,,
dan_arnold,WR,,,16.27,,
janarion_grant,WR,,,13.52,,
amara_darboh,WR,,,10.93,,
stacy_coley,WR,,,10.16,,
deonte_thompson,WR,,,7.4,20.4,
darius_jennings,WR,,,7.16,,
bradley_marquez,WR,,,5.91,18.3,
rashad_greene,WR,,,4.55,,
deandre_carter,WR,,,3.99,,
matthew_slater,WR,,,1.24,15.0,
jaelon_acklin,WR,,,0.0,,
quincy_adeboyejo,WR,,,0.0,,
carlton_agudosi,WR,,,0.0,,
dres_anderson,WR,,,0.0,,
marcell_ateman,WR,,,0.0,,
demarcus_ayers,WR,,,0.0,6.2,
jeff_badet,WR,,,0.0,,
rasheed_bailey,WR,,,0.0,,
sergio_bailey,WR,,,0.0,,
chad_beebe,WR,,,0.0,,
kenny_bell,WR,,,0.0,,
braxton_berrios,WR,,,0.0,,
evan_berry,WR,,,0.0,,
jace_billingsley,WR,,,0.0,,
saeed_blacknall,WR,,,0.0,,
christian_blake,WR,,,0.0,,
cj_board,WR,,,0.0,,
victor_bolden,WR,,,0.0,,
daniel_braverman,WR,,,0.0,,
quan_bray,WR,,,0.0,5.0,
kj_brent,WR,,,0.0,,
kenny_britt,WR,,,0.0,119.9,
corey_brown,WR,,,0.0,27.5,
fred_brown,WR,,,0.0,,
marlon_brown,WR,,,0.0,,
dez_bryant,WR,,,0.0,134.9,
martavis_bryant,WR,,,0.0,,
marquis_bundy,WR,,,0.0,,
aaron_burbridge,WR,,,0.0,4.6,
deontay_burnett,WR,,,0.0,,
isaiah_burse,WR,,,0.0,10.7,
deante_burton,WR,,,0.0,,
brice_butler,WR,,,0.0,40.4,
dontez_byrd,WR,,,0.0,,
deon_cain,WR,,,0.0,,
michael_campanaro,WR,,,0.0,,
kd_cannon,WR,,,0.0,,
dylan_cantrell,WR,,,0.0,,
leonte_carroo,WR,,,0.0,28.9,
jehu_chesson,WR,,,0.0,,
detrich_clark,WR,,,0.0,,
michael_clark,WR,,,0.0,,
simmie_cobbs,WR,,,0.0,,
brandon_coleman,WR,,,0.0,50.3,
corey_coleman,WR,,,0.0,84.7,
river_cracraft,WR,,,0.0,,
montay_crockett,WR,,,0.0,,
jawill_davis,WR,,,0.0,,
rashard_davis,WR,,,0.0,,
robert_davis,WR,,,0.0,,
eric_decker,WR,,,0.0,26.0,
john_diarse,WR,,,0.0,,
gehrig_dieter,WR,,,0.0,,
austin_duke,WR,,,0.0,,
steven_dunbar,WR,,,0.0,,
malachi_dupre,WR,,,0.0,,
travin_dural,WR,,,0.0,,
malik_earl,WR,,,0.0,,
amba_etta-tawo,WR,,,0.0,,
shay_fields,WR,,,0.0,,
michael_floyd,WR,,,0.0,91.6,
dontez_ford,WR,,,0.0,,
isaiah_ford,WR,,,0.0,,
dj_foster,WR,,,0.0,,
bennie_fowler,WR,,,0.0,17.5,
mose_frazier,WR,,,0.0,,
tanner_gentry,WR,,,0.0,,
laquvionte_gonzalez,WR,,,0.0,,
cj_goodwin,WR,,,0.0,,
devin_gray,WR,,,0.0,,
cyril_grayson,WR,,,0.0,,
trey_griffey,WR,,,0.0,,
cobi_hamilton,WR,,,0.0,,
keon_hatcher,WR,,,0.0,,
jaylen_samuels,TE,,,44.03,,
richard_rodgers,TE,,,13.55,58.1,
jason_croom,TE,,,12.49,,
alan_cross,TE,,,11.37,,
geoff_swaim,TE,,,9.82,8.3,
sean_culkin,TE,,,9.41,,
gabe_holmes,TE,,,8.78,,
alex_ellis,TE,,,8.33,,
cole_wick,TE,,,7.26,3.2,
johnny_mundt,TE,,,7.01,,
ryan_hewitt,TE,,,3.45,,
clark_harris,TE,,,0.89,,
josh_perkins,TE,,,0.51,,
mo_alie-cox,TE,,,0.0,,
julian_allen,TE,,,0.0,,
jace_amaro,TE,,,0.0,13.9,
stephen_anderson,TE,,,0.0,7.2,
brandon_barnes,TE,,,0.0,,
gary_barnidge,TE,,,0.0,88.5,
marcus_baugh,TE,,,0.0,,
evan_baylis,TE,,,0.0,,
blake_bell,TE,,,0.0,2.9,
alec_bloom,TE,,,0.0,,
braedon_bowman,TE,,,0.0,,
billy_brown,TE,,,0.0,,
pharaoh_brown,TE,,,0.0,,
paul_butler,TE,,,0.0,,
emanuel_byrd,TE,,,0.0,,
devon_cajuste,TE,,,0.0,,
kyle_carter,TE,,,0.0,,
asante_cleveland,TE,,,0.0,,
garrett_dickerson,TE,,,0.0,,
thomas_duarte,TE,,,0.0,,
ross_dwelley,TE,,,0.0,,
donnie_ernsberger,TE,,,0.0,,
matt_flanagan,TE,,,0.0,,
coby_fleener,TE,,,0.0,99.2,
jordan_franks,TE,,,0.0,,
manasseh_garner,TE,,,0.0,,
deandre_goolsby,TE,,,0.0,,
alex_gray,TE,,,0.0,,
brandon_greene,TE,,,0.0,,
garrett_griffin,TE,,,0.0,,
david_grinnage,TE,,,0.0,,
temarrick_hemingway,TE,,,0.0,,
hunter_henry,TE,,,0.0,78.2,
cole_hikutini,TE,,,0.0,,
michael_hoomanawanui,TE,,,0.0,,
tyler_hoppes,TE,,,0.0,,
tanner_hudson,TE,,,0.0,,
cole_hunt,TE,,,0.0,,
ryan_izzo,TE,,,0.0,,
ben_johnson,TE,,,0.0,,
nick_keizer,TE,,,0.0,,
henry_krieger-coble,TE,,,0.0,,
matt_lacosse,TE,,,0.0,,
roberto_aguayo,K,,,0.0,104.3,
mike_badgley,K,,,0.0,,
dan_bailey,K,,,0.0,127.0,
taylor_bertolet,K,,,0.0,,
jon_brown,K,,,0.0,,
sam_ficken,K,,,0.0,,
kai_forbath,K,,,0.0,51.4,
garrett_hartley,K,,,0.0,,
marshall_koehn,K,,,0.0,,
younghoe_koo,K,,,0.0,,
david_marvin,K,,,0.0,,
matt_mccrane,K,,,0.0,,
trevor_moore,K,,,0.0,,
eddy_pineiro,K,,,0.0,,
nick_rose,K,,,0.0,,
cairo_santos,K,,,0.0,117.3,
giorgio_tavecchio,K,,,0.0,,
blair_walsh,K,,,0.0,64.1,
jacksonville_jaguars_def,DST,,,113.27,,
new_england_patriots_def,DST,,,112.81,,
minnesota_vikings_def,DST,,,112.46,,
denver_broncos_def,DST,,,109.23,,
miami_dolphins_def,DST,,,108.91,,
green_bay_packers_def,DST,,,107.61,,
arizona_cardinals_def,DST,,,107.51,,
chicago_bears_def____view_videos,DST,,,107.47,,
los_angeles_rams_def____view_videos,DST,,,107.23,,
cincinnati_bengals_def,DST,,,107.1,,
buffalo_bills_def,DST,,,106.77,,
baltimore_ravens_def,DST,,,106.3,,
philadelphia_eagles_def,DST,,,106.19,,
los_angeles_chargers_def,DST,,,105.86,,
detroit_lions_def____view_videos,DST,,,104.11,,
dallas_cowboys_def,DST,,,103.2,,
new_york_jets_def,DST,,,103.15,,
atlanta_falcons_def,DST,,,102.93,,
carolina_panthers_def,DST,,,102.55,,
new_york_giants_def,DST,,,102.53,,
tennessee_titans_def,DST,,,102.2,,
houston_texans_def____view_videos,DST,,,101.74,,
washington_redskins_def,DST,,,101.28,,
seattle_seahawks_def,DST,,,100.66,,
new_orleans_saints_def,DST,,,100.23,,
pittsburgh_steelers_def,DST,,,100.12,,
cleveland_browns_def,DST,,,99.49,,
kansas_city_chiefs_def,DST,,,97.63,,
indianapolis_colts_def,DST,,,97.44,,
oakland_raiders_def,DST,,,97.21,,
san_francisco_49ers_def,DST,,,97.17,,
tampa_bay_buccaneers_def,DST,,,96.68,,
carson_palmer,QB,,,,260.7,
matt_moore,QB,,,,44.7,
bryce_petty,QB,,,,42.5,
tom_savage,QB,,,,26.9,
drew_stanton,QB,,,,18.8,
scott_tolzien,QB,,,,16.5,
demarco_murray,RB,,,,238.4,
jerick_mckinnon,RB,,,,173.4,
rashad_jennings,RB,,,,172.4,
matt_forte,RB,,,,172.1,
terrance_west,RB,,,,150.8,
ryan_mathews,RB,,,,137.8,
thomas_rawls,RB,,,,118.3,
deangelo_williams,RB,,,,110.7,
matt_asiata,RB,,,,98.0,
charcandrick_west,RB,,,,76.1,
jeremy_langford,RB,,,,75.3,
shaun_draughn,RB,,,,65.2,
tim_hightower,RB,,,,63.2,
dwayne_washington,RB,,,,62.0,
justin_forsett,RB,,,,60.7,
james_starks,RB,,,,60.5,
charles_sims,RB,,,,58.6,
paul_perkins,RB,,,,58.5,
mike_tolbert,RB,,,,46.0,
arian_foster,RB,,,,41.4,
zach_zenner,RB,,,,40.3,
fozzy_whittaker,RB,,,,39.2,
kenneth_farrow,RB,,,,37.6,
dujuan_harris,RB,,,,37.5,
kadeem_carey,RB,,,,27.7,
shane_vereen,RB,,,,26.4,
don_jackson,RB,,,,19.8,
bobby_rainey,RB,,,,19.3,
aaron_ripkowski,RB,,,,16.4,
reggie_bush,RB,,,,16.1,
denard_robinson,RB,,,,16.1,
chris_johnson,RB,,,,15.8,
jonathan_grimes,RB,,,,15.7,
ronnie_hillman,RB,,,,15.1,
knile_davis,RB,,,,11.9,
danny_woodhead,RB,,,,11.5,
antone_smith,RB,,,,9.6,
brandon_wilds,RB,,,,9.2,
terron_ward,RB,,,,9.1,
jonathan_williams,RB,,,,8.7,
stepfan_taylor,RB,,,,8.2,
dexter_mccluster,RB,,,,7.0,
marcel_reece,RB,,,,5.4,
juwan_thompson,RB,,,,4.5,
bishop_sankey,RB,,,,4.4,
khiry_robinson,RB,,,,3.9,
cedric_peerman,RB,,,,3.8,
brandon_burks,RB,,,,3.6,
jordan_todman,RB,,,,2.9,
john_kuhn,RB,,,,2.2,
jordan_matthews,WR,,,,139.5,
jeremy_maclin,WR,,,,126.7,
dontrelle_inman,WR,,,,126.2,
terrelle_pryor_sr,WR,,,,125.8,
anquan_boldin,WR,,,,114.9,
will_fuller_v,WR,,,,107.4,
steve_smith_sr,WR,,,,96.0,
ty_montgomery,WR,,,,83.9,
marqise_lee,WR,,,,81.6,
kamar_aiken,WR,,,,79.5,
victor_cruz,WR,,,,76.1,
brian_quick,WR,,,,75.0,
andrew_hawkins,WR,,,,73.5,
breshad_perriman,WR,,,,69.4,
quinton_patton,WR,,,,67.0,
kendall_wright,WR,,,,61.8,
charles_johnson,WR,,,,53.0,
jordan_norwood,WR,,,,51.8,
eddie_royal,WR,,,,47.2,
dorial_green-beckham,WR,,,,44.4,
ricardo_louis,WR,,,,43.9,
rod_streater,WR,,,,37.7,
malcolm_mitchell,WR,,,,37.4,
braxton_miller,WR,,,,35.7,
vincent_jackson,WR,,,,35.1,
jalin_marshall,WR,,,,33.1,
james_wright,WR,,,,29.9,
andre_johnson,WR,,,,28.5,
marquess_wilson,WR,,,,26.9,
keith_mumphery,WR,,,,25.2,
jaelen_strong,WR,,,,20.4,
daniel_brown,WR,,,,19.9,
walt_powell,WR,,,,18.2,
cecil_shorts_iii,WR,,,,17.4,
bryan_walters,WR,,,,17.1,
griff_whalen,WR,,,,17.0,
aldrick_robinson,WR,,,,15.5,
greg_salas,WR,,,,15.1,
rashad_greene_sr,WR,,,,13.9,
neal_sterling,WR,,,,12.4,
darren_waller,WR,,,,11.8,
josh_huff,WR,,,,10.5,
brandon_tate,WR,,,,10.1,
jared_abbrederis,WR,,,,8.9,
jeremy_butler,WR,,,,8.7,
roger_lewis,WR,,,,8.6,
bryce_treggs,WR,,,,8.5,
devin_street,WR,,,,8.3,
paul_turner,WR,,,,8.0,
chris_harper,WR,,,,8.0,
donteea_dye,WR,,,,7.5,
tavarres_king,WR,,,,5.4,
percy_harvin,WR,,,,5.4,
lucky_whitehead,WR,,,,5.2,
byron_marshall,WR,,,,4.8,
brenton_bersin,WR,,,,4.2,
rashad_ross,WR,,,,3.7,
johnny_holton,WR,,,,3.6,
devin_hester,WR,,,,2.0,
jason_witten,TE,,,,91.5,
martellus_bennett,TE,,,,89.2,
dennis_pitta,TE,,,,87.2,
clive_walford,TE,,,,81.2,
will_tye,TE,,,,65.4,
julius_thomas,TE,,,,59.6,
zach_miller,TE,,,,51.6,
cj_fiedorowicz,TE,,,,48.0,
jacob_tamme,TE,,,,42.5,
larry_donnell,TE,,,,33.4,
ladarius_green,TE,,,,28.3,
crockett_gillmore,TE,,,,25.7,
john_phillips,TE,,,,18.1,
jordan_cameron,TE,,,,13.2,
nick_oleary,TE,,,,13.1,
mycole_pruitt,TE,,,,12.9,
brandon_myers,TE,,,,12.9,
brent_celek,TE,,,,12.5,
brandon_bostick,TE,,,,10.6,
kellen_davis,TE,,,,10.4,
brandon_pettigrew,TE,,,,10.3,
sean_mcgrath,TE,,,,10.1,
randall_telfer,TE,,,,6.6,
david_johnson,TE,,,,6.1,
anthony_fasano,TE,,,,4.7,
justin_perillo,TE,,,,2.7,
matt_lengel,TE,,,,2.1,
steven_hauschka,K,,,,127.6,
nick_novak,K,,,,118.4,
nick_folk,K,,,,112.5,
connor_barth,K,,,,109.6,
andrew_franks,K,,,,109.4,
dan_carpenter,K,,,,107.9,
josh_brown,K,,,,38.2,
patrick_murray,K,,,,19.5,
denver,DST,,,,118.6,
new_england,DST,,,,108.4,
kansas_city,DST,,,,105.1,
oakland,DST,,,,104.7,
minnesota,DST,,,,104.5,
philadelphia,DST,,,,99.7,
baltimore,DST,,,,98.5,
carolina,DST,,,,97.1,
green_bay,DST,,,,95.9,
houston,DST,,,,95.8,
los_angeles,DST,,,,94.6,
los_angeles,DST,,,,75.0,
cincinnati,DST,,,,90.4,
seattle,DST,,,,90.3,
dallas,DST,,,,89.8,
tennessee,DST,,,,89.7,
washington,DST,,,,89.6,
arizona,DST,,,,87.8,
pittsburgh,DST,,,,87.5,
atlanta,DST,,,,87.1,
detroit,DST,,,,86.9,
buffalo,DST,,,,85.8,
tampa_bay,DST,,,,85.1,
miami,DST,,,,84.8,
indianapolis,DST,,,,79.7,
new_york,DST,,,,78.6,
new_york,DST,,,,72.0,
chicago,DST,,,,74.8,
jacksonville,DST,,,,68.8,
new_orleans,DST,,,,63.2,
san_francisco,DST,,,,57.3,
cleveland,DST,,,,56.7,
