key,name,pos,team,pass_tds,pass_yds,pass_ints,rush_tds,rush_yds,receptions,reception_tds,reception_yds,two_pts,fumbles,kick_0_19,kick_20_29,kick_30_39,kick_40_49,kick_50,kick_extra_points,df_points_allowed_per_game,df_sacks,df_safeties,df_fumbles,df_tds,df_ints
mahomes_QB_KC,Patrick Mahomes,QB,KC,39,4939,12,2,201,,,,,1,,,,,,,,,,,,
rodgers_QB_GB,Aaron Rodgers,QB,GB,28,4387,8,2,272,,,,,2,,,,,,,,,,,,
luck_QB_IND,Andrew Luck,QB,IND,32,4462,14,1,171,,,,,2,,,,,,,,,,,,
ryan_QB_ATL,Matt Ryan,QB,ATL,28,4716,10,2,122,,,,,1,,,,,,,,,,,,
goff_QB_LAR,Jared Goff,QB,LAR,31,4417,12,1,97,,,,,1,,,,,,,,,,,,
roethlisberger_QB_PIT,Ben Roethlisberger,QB,PIT,29,4920,19,2,86,,,,,1,,,,,,,,,,,,
watson_QB_HOU,Deshaun Watson,QB,HOU,25,4060,16,5,480,,,,,3,,,,,,,,,,,,
newton_QB_CAR,Cam Newton,QB,CAR,25,3816,17,4,620,,,,,1,,,,,,,,,,,,
winston_QB_TB,Jameis Winston,QB,TB,27,4796,20,1,320,,,,,2,,,,,,,,,,,,
wentz_QB_PHI,Carson Wentz,QB,PHI,32,4327,15,0,167,,,,,2,,,,,,,,,,,,
brees_QB_NO,Drew Brees,QB,NO,30,4143,10,2,38,,,,,1,,,,,,,,,,,,
wilson_QB_SEA,Russell Wilson,QB,SEA,31,3457,11,1,368,,,,,2,,,,,,,,,,,,
mayfield_QB_CLE,Baker Mayfield,QB,CLE,31,4383,15,0,155,,,,,2,,,,,,,,,,,,
brady_QB_NE,Tom Brady,QB,NE,29,4457,13,1,39,,,,,1,,,,,,,,,,,,
murray_QB_ARI,Kyler Murray,QB,ARI,24,3754,15,3,575,,,,,4,,,,,,,,,,,,
rivers_QB_LAC,Philip Rivers,QB,LAC,29,4396,13,0,30,,,,,1,,,,,,,,,,,,
prescott_QB_DAL,Dak Prescott,QB,DAL,23,3725,11,6,317,,,,,2,,,,,,,,,,,,
garoppolo_QB_SF,Jimmy Garoppolo,QB,SF,27,4417,17,1,107,,,,,0,,,,,,,,,,,,
allen_QB_BUF,Josh Allen,QB,BUF,18,3198,17,8,722,,,,,2,,,,,,,,,,,,
jackson_QB_BAL,Lamar Jackson,QB,BAL,21,3131,12,5,716,,,,,6,,,,,,,,,,,,
cousins_QB_MIN,Kirk Cousins,QB,MIN,24,4265,14,2,138,,,,,2,,,,,,,,,,,,
trubisky_QB_CHI,Mitchell Trubisky,QB,CHI,24,3625,14,2,363,,,,,2,,,,,,,,,,,,
carr_QB_OAK,Derek Carr,QB,OAK,24,4313,12,1,49,,,,,1,,,,,,,,,,,,
stafford_QB_DET,Matthew Stafford,QB,DET,24,4012,13,0,87,,,,,1,,,,,,,,,,,,
foles_QB_JAX,Nick Foles,QB,JAX,21,4070,14,1,37,,,,,1,,,,,,,,,,,,
darnold_QB_NYJ,Sam Darnold,QB,NYJ,25,3600,19,1,145,,,,,2,,,,,,,,,,,,
mariota_QB_TEN,Marcus Mariota,QB,TEN,20,3174,15,2,386,,,,,2,,,,,,,,,,,,
dalton_QB_CIN,Andy Dalton,QB,CIN,25,3337,17,0,140,,,,,1,,,,,,,,,,,,
flacco_QB_DEN,Joe Flacco,QB,DEN,21,3757,15,0,71,,,,,1,,,,,,,,,,,,
fitzpatrick_QB_MIA,Ryan Fitzpatrick,QB,MIA,21,2869,16,3,294,,,,,1,,,,,,,,,,,,
manning_QB_NYG,Eli Manning,QB,NYG,19,3636,12,1,28,,,,,4,,,,,,,,,,,,
haskins_QB_WSH,Dwayne Haskins,QB,WSH,17,3048,16,1,78,,,,,1,,,,,,,,,,,,
hill_QB_NO,Taysom Hill,QB,NO,1,123,0,1,178,,,,,1,,,,,,,,,,,,
keenum_QB_WSH,Case Keenum,QB,WSH,3,532,3,0,25,,,,,0,,,,,,,,,,,,
jones_QB_NYG,Daniel Jones,QB,NYG,2,400,1,0,9,,,,,0,,,,,,,,,,,,
schaub_QB_ATL,Matt Schaub,QB,ATL,1,151,0,0,3,,,,,0,,,,,,,,,,,,
daniel_QB_CHI,Chase Daniel,QB,CHI,1,142,1,0,7,,,,,0,,,,,,,,,,,,
rosen_QB_MIA,Josh Rosen,QB,MIA,2,316,2,0,19,,,,,1,,,,,,,,,,,,
henne_QB_KC,Chad Henne,QB,KC,1,199,0,0,6,,,,,0,,,,,,,,,,,,
kizer_QB_GB,DeShone Kizer,QB,GB,1,170,0,0,17,,,,,0,,,,,,,,,,,,
bortles_QB_LAR,Blake Bortles,QB,LAR,1,180,0,0,22,,,,,0,,,,,,,,,,,,
rush_QB_DAL,Cooper Rush,QB,DAL,1,94,0,0,16,,,,,0,,,,,,,,,,,,
sudfeld_QB_PHI,Nate Sudfeld,QB,PHI,1,154,0,0,14,,,,,0,,,,,,,,,,,,
minshew_QB_JAX,Gardner Minshew,QB,JAX,1,119,0,0,3,,,,,0,,,,,,,,,,,,
lock_QB_DEN,Drew Lock,QB,DEN,1,115,0,0,4,,,,,0,,,,,,,,,,,,
bridgewater_QB_NO,Teddy Bridgewater,QB,NO,1,167,0,0,8,,,,,0,,,,,,,,,,,,
mccarron_QB_HOU,AJ McCarron,QB,HOU,1,163,0,0,4,,,,,0,,,,,,,,,,,,
smith_QB_SEA,Geno Smith,QB,SEA,1,138,0,0,16,,,,,1,,,,,,,,,,,,
tannehill_QB_TEN,Ryan Tannehill,QB,TEN,1,130,1,0,20,,,,,0,,,,,,,,,,,,
siemian_QB_NYJ,Trevor Siemian,QB,NYJ,1,143,1,0,16,,,,,0,,,,,,,,,,,,
taylor_QB_LAC,Tyrod Taylor,QB,LAC,1,176,1,0,17,,,,,0,,,,,,,,,,,,
stanton_QB_CLE,Drew Stanton,QB,CLE,1,163,1,0,19,,,,,0,,,,,,,,,,,,
driskel_QB_CIN,Jeff Driskel,QB,CIN,1,131,1,0,37,,,,,0,,,,,,,,,,,,
brissett_QB_IND,Jacoby Brissett,QB,IND,1,173,1,0,18,,,,,0,,,,,,,,,,,,
gabbert_QB_TB,Blaine Gabbert,QB,TB,1,232,1,0,2,,,,,0,,,,,,,,,,,,
griffin_QB_BAL,Robert Griffin III,QB,BAL,1,128,1,0,5,,,,,0,,,,,,,,,,,,
barkley_QB_BUF,Matt Barkley,QB,BUF,1,130,1,0,4,,,,,0,,,,,,,,,,,,
dobbs_QB_PIT,Joshua Dobbs,QB,PIT,1,151,1,0,15,,,,,0,,,,,,,,,,,,
mullens_QB_SF,Nick Mullens,QB,SF,1,180,1,0,4,,,,,0,,,,,,,,,,,,
hoyer_QB_NE,Brian Hoyer,QB,NE,1,182,1,0,4,,,,,0,,,,,,,,,,,,
hundley_QB_ARI,Brett Hundley,QB,ARI,1,140,1,0,13,,,,,0,,,,,,,,,,,,
grier_QB_CAR,Will Grier,QB,CAR,1,148,1,0,5,,,,,0,,,,,,,,,,,,
glennon_QB_OAK,Mike Glennon,QB,OAK,1,174,1,0,5,,,,,1,,,,,,,,,,,,
savage_QB_DET,Tom Savage,QB,DET,1,155,1,0,6,,,,,1,,,,,,,,,,,,
mannion_QB_MIN,Sean Mannion,QB,MIN,0,154,0,0,3,,,,,0,,,,,,,,,,,,
barkley_RB_NYG,Saquon Barkley,RB,NYG,,,,10,1220,89,4,684,,4,,,,,,,,,,,,
kamara_RB_NO,Alvin Kamara,RB,NO,,,,9,971,95,4,783,,3,,,,,,,,,,,,
mccaffrey_RB_CAR,Christian McCaffrey,RB,CAR,,,,5,1017,97,5,764,,3,,,,,,,,,,,,
elliott_RB_DAL,Ezekiel Elliott,RB,DAL,,,,7,1326,68,3,536,,4,,,,,,,,,,,,
bell_RB_NYJ,Le'Veon Bell,RB,NYJ,,,,9,921,61,2,459,,3,,,,,,,,,,,,
conner_RB_PIT,James Conner,RB,PIT,,,,10,922,53,1,453,,3,,,,,,,,,,,,
johnson_RB_ARI,David Johnson,RB,ARI,,,,7,773,54,4,503,,3,,,,,,,,,,,,
cook_RB_MIN,Dalvin Cook,RB,MIN,,,,6,929,59,2,450,,3,,,,,,,,,,,,
mixon_RB_CIN,Joe Mixon,RB,CIN,,,,9,1118,42,1,309,,3,,,,,,,,,,,,
johnson_RB_DET,Kerryon Johnson,RB,DET,,,,7,1099,51,1,315,,3,,,,,,,,,,,,
fournette_RB_JAX,Leonard Fournette,RB,JAX,,,,8,855,44,2,377,,3,,,,,,,,,,,,
williams_RB_KC,Damien Williams,RB,KC,,,,8,622,47,5,391,,2,,,,,,,,,,,,
gordon_RB_LAC,Melvin Gordon,RB,LAC,,,,8,642,45,3,439,,2,,,,,,,,,,,,
jones_RB_GB,Aaron Jones,RB,GB,,,,10,912,34,1,251,,2,,,,,,,,,,,,
chubb_RB_CLE,Nick Chubb,RB,CLE,,,,10,1228,14,1,105,,2,,,,,,,,,,,,
freeman_RB_ATL,Devonta Freeman,RB,ATL,,,,6,893,43,2,322,,2,,,,,,,,,,,,
gurley_RB_LAR,Todd Gurley,RB,LAR,,,,8,769,35,3,342,,2,,,,,,,,,,,,
jacobs_RB_OAK,Josh Jacobs,RB,OAK,,,,6,770,42,2,454,,2,,,,,,,,,,,,
miller_RB_HOU,Lamar Miller,RB,HOU,,,,6,976,38,1,284,,3,,,,,,,,,,,,
mack_RB_IND,Marlon Mack,RB,IND,,,,9,970,25,1,176,,2,,,,,,,,,,,,
drake_RB_MIA,Kenyan Drake,RB,MIA,,,,5,582,46,4,408,,2,,,,,,,,,,,,
white_RB_NE,James White,RB,NE,,,,3,324,64,4,556,,1,,,,,,,,,,,,
cohen_RB_CHI,Tarik Cohen,RB,CHI,,,,3,427,57,3,580,,3,,,,,,,,,,,,
carson_RB_SEA,Chris Carson,RB,SEA,,,,8,1054,24,0,155,,3,,,,,,,,,,,,
thompson_RB_WSH,Chris Thompson,RB,WSH,,,,2,396,66,3,527,,2,,,,,,,,,,,,
montgomery_RB_CHI,David Montgomery,RB,CHI,,,,6,776,33,2,317,,3,,,,,,,,,,,,
ingram_RB_BAL,Mark Ingram,RB,BAL,,,,6,918,30,1,210,,2,,,,,,,,,,,,
lindsay_RB_DEN,Phillip Lindsay,RB,DEN,,,,6,837,35,1,246,,2,,,,,,,,,,,,
henry_RB_TEN,Derrick Henry,RB,TEN,,,,9,1054,13,0,104,,2,,,,,,,,,,,,
sanders_RB_PHI,Miles Sanders,RB,PHI,,,,5,556,37,2,340,,3,,,,,,,,,,,,
ekeler_RB_LAC,Austin Ekeler,RB,LAC,,,,3,529,38,3,375,,2,,,,,,,,,,,,
michel_RB_NE,Sony Michel,RB,NE,,,,8,1000,7,0,57,,3,,,,,,,,,,,,
coleman_RB_SF,Tevin Coleman,RB,SF,,,,5,946,12,2,119,,2,,,,,,,,,,,,
howard_RB_PHI,Jordan Howard,RB,PHI,,,,7,682,22,0,152,,2,,,,,,,,,,,,
barber_RB_TB,Peyton Barber,RB,TB,,,,5,814,18,1,83,,2,,,,,,,,,,,,
guice_RB_WSH,Derrius Guice,RB,WSH,,,,5,638,23,1,247,,3,,,,,,,,,,,,
henderson_RB_LAR,Darrell Henderson,RB,LAR,,,,5,610,23,1,234,,2,,,,,,,,,,,,
smith_RB_ATL,Ito Smith,RB,ATL,,,,6,522,35,0,207,,2,,,,,,,,,,,,
penny_RB_SEA,Rashaad Penny,RB,SEA,,,,4,946,11,0,83,,2,,,,,,,,,,,,
murray_RB_NO,Latavius Murray,RB,NO,,,,8,642,15,0,94,,2,,,,,,,,,,,,
lewis_RB_TEN,Dion Lewis,RB,TEN,,,,2,467,46,1,301,,2,,,,,,,,,,,,
samuels_RB_PIT,Jaylen Samuels,RB,PIT,,,,1,333,40,4,312,,1,,,,,,,,,,,,
breida_RB_SF,Matt Breida,RB,SF,,,,3,549,22,2,211,,1,,,,,,,,,,,,
ballage_RB_MIA,Kalen Ballage,RB,MIA,,,,5,747,17,0,121,,6,,,,,,,,,,,,
hines_RB_IND,Nyheim Hines,RB,IND,,,,2,298,45,1,317,,1,,,,,,,,,,,,
harris_RB_NE,Damien Harris,RB,NE,,,,5,579,15,1,158,,2,,,,,,,,,,,,
williams_RB_GB,Jamaal Williams,RB,GB,,,,3,483,27,1,234,,2,,,,,,,,,,,,
mattison_RB_MIN,Alexander Mattison,RB,MIN,,,,4,538,19,1,165,,2,,,,,,,,,,,,
mckinnon_RB_SF,Jerick McKinnon,RB,SF,,,,2,390,32,1,293,,1,,,,,,,,,,,,
jones_RB_TB,Ronald Jones,RB,TB,,,,7,496,15,0,86,,2,,,,,,,,,,,,
hyde_RB_KC,Carlos Hyde,RB,KC,,,,5,493,25,0,152,,2,,,,,,,,,,,,
richard_RB_OAK,Jalen Richard,RB,OAK,,,,1,319,45,0,410,,4,,,,,,,,,,,,
pollard_RB_DAL,Tony Pollard,RB,DAL,,,,3,404,28,1,256,,2,,,,,,,,,,,,
anderson_RB_LAR,C.J. Anderson,RB,LAR,,,,3,639,18,1,124,,2,,,,,,,,,,,,
mccoy_RB_BUF,LeSean McCoy,RB,BUF,,,,3,575,23,0,173,,2,,,,,,,,,,,,
singletary_RB_BUF,Devin Singletary,RB,BUF,,,,3,512,20,1,186,,2,,,,,,,,,,,,
thompson_RB_KC,Darwin Thompson,RB,KC,,,,3,303,24,2,274,,1,,,,,,,,,,,,
freeman_RB_DEN,Royce Freeman,RB,DEN,,,,5,623,9,0,46,,2,,,,,,,,,,,,
hunt_RB_CLE,Kareem Hunt,RB,CLE,,,,3,381,17,2,186,,1,,,,,,,,,,,,
jackson_RB_LAC,Justin Jackson,RB,LAC,,,,4,563,13,0,120,,2,,,,,,,,,,,,
hill_RB_BAL,Justice Hill,RB,BAL,,,,4,455,15,1,134,,2,,,,,,,,,,,,
peterson_RB_WSH,Adrian Peterson,RB,WSH,,,,3,450,15,1,152,,1,,,,,,,,,,,,
blue_RB_JAX,Alfred Blue,RB,JAX,,,,3,442,19,0,134,,1,,,,,,,,,,,,
powell_RB_NYJ,Bilal Powell,RB,NYJ,,,,2,474,16,1,141,,1,,,,,,,,,,,,
davis_RB_CHI,Mike Davis,RB,CHI,,,,3,373,23,0,150,,1,,,,,,,,,,,,
johnson_RB_CLE,Duke Johnson,RB,CLE,,,,1,335,24,1,223,,1,,,,,,,,,,,,
yeldon_RB_BUF,T.J. Yeldon,RB,BUF,,,,1,213,25,2,220,,1,,,,,,,,,,,,
montgomery_RB_NYJ,Ty Montgomery,RB,NYJ,,,,3,303,22,0,180,,2,,,,,,,,,,,,
gore_RB_IND,Frank Gore,RB,IND,,,,2,418,12,1,107,,1,,,,,,,,,,,,
ellington_RB_TB,Andre Ellington,RB,TB,,,,2,97,29,0,302,,1,,,,,,,,,,,,
gallman_RB_NYG,Wayne Gallman,RB,NYG,,,,2,312,24,0,148,,2,,,,,,,,,,,,
mcguire_RB_NYJ,Elijah McGuire,RB,NYJ,,,,2,166,19,2,206,,1,,,,,,,,,,,,
bernard_RB_CIN,Giovani Bernard,RB,CIN,,,,3,284,19,0,128,,1,,,,,,,,,,,,
brown_RB_LAR,Malcolm Brown,RB,LAR,,,,2,419,7,1,54,,1,,,,,,,,,,,,
juszczyk_RB_SF,Kyle Juszczyk,RB,SF,,,,0,36,31,1,333,,2,,,,,,,,,,,,
artispayne_RB_CAR,Cameron Artis-Payne,RB,CAR,,,,4,407,4,0,15,,1,,,,,,,,,,,,
anderson_RB_CIN,Rodney Anderson,RB,CIN,,,,2,251,15,1,129,,1,,,,,,,,,,,,
mckissic_RB_SEA,J.D. McKissic,RB,SEA,,,,1,214,18,2,121,,1,,,,,,,,,,,,
clement_RB_PHI,Corey Clement,RB,PHI,,,,3,266,12,0,120,,1,,,,,,,,,,,,
riddick_RB_DEN,Theo Riddick,RB,DEN,,,,1,171,26,0,182,,1,,,,,,,,,,,,
love_RB_WSH,Bryce Love,RB,WSH,,,,2,304,12,0,114,,1,,,,,,,,,,,,
burkhead_RB_NE,Rex Burkhead,RB,NE,,,,2,167,17,1,156,,1,,,,,,,,,,,,
edwards_RB_BAL,Gus Edwards,RB,BAL,,,,2,464,0,0,4,,1,,,,,,,,,,,,
bolden_RB_NE,Brandon Bolden,RB,NE,,,,6,180,0,0,1,,1,,,,,,,,,,,,
booker_RB_DEN,Devontae Booker,RB,DEN,,,,1,288,16,0,124,,2,,,,,,,,,,,,
snell_RB_PIT,Benny Snell,RB,PIT,,,,2,231,9,0,86,,1,,,,,,,,,,,,
sherman_RB_KC,Anthony Sherman,RB,KC,,,,0,22,15,2,175,,0,,,,,,,,,,,,
martin_RB_OAK,Doug Martin,RB,OAK,,,,2,265,5,0,35,,1,,,,,,,,,,,,
edmonds_RB_ARI,Chase Edmonds,RB,ARI,,,,2,190,10,0,50,,1,,,,,,,,,,,,
develin_RB_NE,James Develin,RB,NE,,,,3,12,11,0,66,,0,,,,,,,,,,,,
foreman_RB_IND,D'Onta Foreman,RB,IND,,,,1,179,5,1,74,,1,,,,,,,,,,,,
logan_RB_ARI,T.J. Logan,RB,ARI,,,,1,68,12,0,73,,0,,,,,,,,,,,,
sproles_RB_PHI,Darren Sproles,RB,PHI,,,,1,106,6,1,63,,0,,,,,,,,,,,,
hilliard_RB_CLE,Dontrell Hilliard,RB,CLE,,,,0,24,14,0,172,,0,,,,,,,,,,,,
bawden_RB_DET,Nick Bawden,RB,DET,,,,1,69,11,0,74,,0,,,,,,,,,,,,
grant_RB_GB,Corey Grant,RB,GB,,,,1,140,8,0,69,,0,,,,,,,,,,,,
zenner_RB_DET,Zach Zenner,RB,DET,,,,2,156,2,0,16,,0,,,,,,,,,,,,
dixon_RB_BAL,Kenneth Dixon,RB,BAL,,,,1,187,3,0,27,,0,,,,,,,,,,,,
hopkins_WR_HOU,DeAndre Hopkins,WR,HOU,,,,0,-4,115,10,1592,,2,,,,,,,,,,,,
adams_WR_GB,Davante Adams,WR,GB,,,,0,0,110,13,1371,,1,,,,,,,,,,,,
jones_WR_ATL,Julio Jones,WR,ATL,,,,0,15,112,6,1696,,2,,,,,,,,,,,,
thomas_WR_NO,Michael Thomas,WR,NO,,,,0,0,125,8,1383,,1,,,,,,,,,,,,
smithschuster_WR_PIT,JuJu Smith-Schuster,WR,PIT,,,,0,10,108,8,1464,,1,,,,,,,,,,,,
beckham_WR_CLE,Odell Beckham,WR,CLE,,,,0,33,95,10,1388,,1,,,,,,,,,,,,
brown_WR_OAK,Antonio Brown,WR,OAK,,,,0,0,102,10,1283,,1,,,,,,,,,,,,
thielen_WR_MIN,Adam Thielen,WR,MIN,,,,0,23,107,7,1372,,1,,,,,,,,,,,,
evans_WR_TB,Mike Evans,WR,TB,,,,0,0,99,6,1516,,1,,,,,,,,,,,,
hill_WR_KC,Tyreek Hill,WR,KC,,,,1,113,79,9,1379,,1,,,,,,,,,,,,
allen_WR_LAC,Keenan Allen,WR,LAC,,,,0,49,99,6,1325,,1,,,,,,,,,,,,
hilton_WR_IND,T.Y. Hilton,WR,IND,,,,0,0,83,6,1421,,1,,,,,,,,,,,,
diggs_WR_MIN,Stefon Diggs,WR,MIN,,,,0,50,99,8,1085,,1,,,,,,,,,,,,
woods_WR_LAR,Robert Woods,WR,LAR,,,,1,117,89,6,1183,,1,,,,,,,,,,,,
edelman_WR_NE,Julian Edelman,WR,NE,,,,0,115,87,7,1113,,1,,,,,,,,,,,,
cooks_WR_LAR,Brandin Cooks,WR,LAR,,,,1,59,81,5,1238,,1,,,,,,,,,,,,
cooper_WR_DAL,Amari Cooper,WR,DAL,,,,0,20,78,9,1066,,1,,,,,,,,,,,,
kupp_WR_LAR,Cooper Kupp,WR,LAR,,,,0,30,78,9,1003,,1,,,,,,,,,,,,
godwin_WR_TB,Chris Godwin,WR,TB,,,,0,0,80,6,1045,,1,,,,,,,,,,,,
golladay_WR_DET,Kenny Golladay,WR,DET,,,,0,10,75,5,1089,,1,,,,,,,,,,,,
ridley_WR_ATL,Calvin Ridley,WR,ATL,,,,0,27,69,9,856,,1,,,,,,,,,,,,
landry_WR_CLE,Jarvis Landry,WR,CLE,,,,1,47,79,5,905,,1,,,,,,,,,,,,
boyd_WR_CIN,Tyler Boyd,WR,CIN,,,,0,3,74,6,949,,1,,,,,,,,,,,,
lockett_WR_SEA,Tyler Lockett,WR,SEA,,,,0,56,61,7,913,,1,,,,,,,,,,,,
jeffery_WR_PHI,Alshon Jeffery,WR,PHI,,,,0,0,67,6,878,,1,,,,,,,,,,,,
fuller_WR_HOU,Will Fuller,WR,HOU,,,,0,5,62,6,881,,1,,,,,,,,,,,,
kirk_WR_ARI,Christian Kirk,WR,ARI,,,,0,38,66,5,909,,1,,,,,,,,,,,,
green_WR_CIN,A.J. Green,WR,CIN,,,,0,0,60,7,852,,1,,,,,,,,,,,,
jones_WR_DET,Marvin Jones,WR,DET,,,,0,0,60,7,829,,1,,,,,,,,,,,,
williams_WR_LAC,Mike Williams,WR,LAC,,,,1,19,47,9,739,,1,,,,,,,,,,,,
pettis_WR_SF,Dante Pettis,WR,SF,,,,0,-3,51,7,877,,1,,,,,,,,,,,,
sanu_WR_ATL,Mohamed Sanu,WR,ATL,,,,0,34,69,4,861,,1,,,,,,,,,,,,
anderson_WR_NYJ,Robby Anderson,WR,NYJ,,,,0,-2,53,8,814,,2,,,,,,,,,,,,
westbrook_WR_JAX,Dede Westbrook,WR,JAX,,,,0,84,65,6,763,,2,,,,,,,,,,,,
fitzgerald_WR_ARI,Larry Fitzgerald,WR,ARI,,,,0,0,69,6,721,,1,,,,,,,,,,,,
moore_WR_CAR,D.J. Moore,WR,CAR,,,,0,180,59,4,902,,4,,,,,,,,,,,,
coutee_WR_HOU,Keke Coutee,WR,HOU,,,,0,1,71,4,790,,1,,,,,,,,,,,,
lee_WR_JAX,Marqise Lee,WR,JAX,,,,0,17,70,3,840,,1,,,,,,,,,,,,
watkins_WR_KC,Sammy Watkins,WR,KC,,,,0,36,57,5,825,,1,,,,,,,,,,,,
sanders_WR_DEN,Emmanuel Sanders,WR,DEN,,,,1,43,67,3,768,,1,,,,,,,,,,,,
shepard_WR_NYG,Sterling Shepard,WR,NYG,,,,0,27,65,3,838,,1,,,,,,,,,,,,
robinson_WR_CHI,Allen Robinson,WR,CHI,,,,0,9,58,4,855,,1,,,,,,,,,,,,
allison_WR_GB,Geronimo Allison,WR,GB,,,,0,0,58,4,854,,1,,,,,,,,,,,,
hamilton_WR_DEN,DaeSean Hamilton,WR,DEN,,,,0,0,66,6,654,,1,,,,,,,,,,,,
williams_WR_OAK,Tyrell Williams,WR,OAK,,,,0,10,58,4,818,,1,,,,,,,,,,,,
washington_WR_PIT,James Washington,WR,PIT,,,,0,0,57,4,817,,1,,,,,,,,,,,,
moncrief_WR_PIT,Donte Moncrief,WR,PIT,,,,0,0,54,5,775,,1,,,,,,,,,,,,
davis_WR_TEN,Corey Davis,WR,TEN,,,,0,43,59,4,769,,1,,,,,,,,,,,,
jackson_WR_PHI,DeSean Jackson,WR,PHI,,,,1,39,51,4,764,,1,,,,,,,,,,,,
wilson_WR_MIA,Albert Wilson,WR,MIA,,,,0,23,54,5,720,,1,,,,,,,,,,,,
tate_WR_NYG,Golden Tate,WR,NYG,,,,0,28,67,3,716,,1,,,,,,,,,,,,
sutton_WR_DEN,Courtland Sutton,WR,DEN,,,,0,0,45,5,784,,0,,,,,,,,,,,,
stills_WR_MIA,Kenny Stills,WR,MIA,,,,0,0,47,6,708,,1,,,,,,,,,,,,
harry_WR_NE,N'Keal Harry,WR,NE,,,,0,12,54,4,754,,2,,,,,,,,,,,,
valdesscantling_WR_GB,Marquez Valdes-Scantling,WR,GB,,,,0,30,52,3,796,,1,,,,,,,,,,,,
jones_WR_BUF,Zay Jones,WR,BUF,,,,0,0,50,7,584,,1,,,,,,,,,,,,
funchess_WR_IND,Devin Funchess,WR,IND,,,,0,0,52,5,677,,1,,,,,,,,,,,,
amendola_WR_DET,Danny Amendola,WR,DET,,,,0,0,70,3,611,,1,,,,,,,,,,,,
campbell_WR_IND,Parris Campbell,WR,IND,,,,0,11,48,5,703,,2,,,,,,,,,,,,
crowder_WR_NYJ,Jamison Crowder,WR,NYJ,,,,0,41,53,4,685,,1,,,,,,,,,,,,
agholor_WR_PHI,Nelson Agholor,WR,PHI,,,,0,33,55,4,641,,1,,,,,,,,,,,,
parker_WR_MIA,DeVante Parker,WR,MIA,,,,0,0,47,4,714,,0,,,,,,,,,,,,
callaway_WR_CLE,Antonio Callaway,WR,CLE,,,,0,7,48,5,651,,1,,,,,,,,,,,,
higgins_WR_CLE,Rashard Higgins,WR,CLE,,,,0,1,47,5,654,,1,,,,,,,,,,,,
samuel_WR_SF,Deebo Samuel,WR,SF,,,,0,12,46,4,722,,2,,,,,,,,,,,,
samuel_WR_CAR,Curtis Samuel,WR,CAR,,,,3,178,40,4,469,,1,,,,,,,,,,,,
miller_WR_CHI,Anthony Miller,WR,CHI,,,,0,24,37,8,514,,0,,,,,,,,,,,,
brown_WR_BUF,John Brown,WR,BUF,,,,0,5,41,5,671,,0,,,,,,,,,,,,
goodwin_WR_SF,Marquise Goodwin,WR,SF,,,,0,27,38,5,667,,0,,,,,,,,,,,,
moore_WR_SEA,David Moore,WR,SEA,,,,0,5,40,6,612,,1,,,,,,,,,,,,
richardson_WR_WSH,Paul Richardson,WR,WSH,,,,0,10,45,4,640,,0,,,,,,,,,,,,
enunwa_WR_NYJ,Quincy Enunwa,WR,NYJ,,,,0,0,53,3,643,,1,,,,,,,,,,,,
metcalf_WR_SEA,D.K. Metcalf,WR,SEA,,,,0,12,37,6,604,,1,,,,,,,,,,,,
doctson_WR_WSH,Josh Doctson,WR,WSH,,,,0,-2,49,3,633,,0,,,,,,,,,,,,
brown_WR_BAL,Marquise Brown,WR,BAL,,,,0,108,37,5,615,,2,,,,,,,,,,,,
foster_WR_BUF,Robert Foster,WR,BUF,,,,0,0,38,4,651,,0,,,,,,,,,,,,
gallup_WR_DAL,Michael Gallup,WR,DAL,,,,0,0,41,3,645,,0,,,,,,,,,,,,
hardman_WR_KC,Mecole Hardman,WR,KC,,,,0,9,35,5,590,,1,,,,,,,,,,,,
ginn_WR_NO,Ted Ginn,WR,NO,,,,0,60,42,4,543,,1,,,,,,,,,,,,
gabriel_WR_CHI,Taylor Gabriel,WR,CHI,,,,0,60,49,3,525,,1,,,,,,,,,,,,
smith_WR_NO,Tre'Quan Smith,WR,NO,,,,0,6,37,5,512,,0,,,,,,,,,,,,
thomas_WR_NE,Demaryius Thomas,WR,NE,,,,0,0,43,4,524,,0,,,,,,,,,,,,
snead_WR_BAL,Willie Snead,WR,BAL,,,,0,10,50,3,517,,1,,,,,,,,,,,,
perriman_WR_TB,Breshad Perriman,WR,TB,,,,0,2,33,2,665,,0,,,,,,,,,,,,
boykin_WR_BAL,Miles Boykin,WR,BAL,,,,0,12,36,4,537,,1,,,,,,,,,,,,
humphries_WR_TEN,Adam Humphries,WR,TEN,,,,0,13,50,3,460,,1,,,,,,,,,,,,
kearse_WR_DET,Jermaine Kearse,WR,DET,,,,0,0,52,2,492,,1,,,,,,,,,,,,
cobb_WR_DAL,Randall Cobb,WR,DAL,,,,0,9,45,3,479,,1,,,,,,,,,,,,
dorsett_WR_NE,Phillip Dorsett,WR,NE,,,,0,27,38,4,424,,0,,,,,,,,,,,,
latimer_WR_NYG,Cody Latimer,WR,NYG,,,,0,0,32,3,524,,0,,,,,,,,,,,,
bourne_WR_SF,Kendrick Bourne,WR,SF,,,,0,0,35,3,433,,0,,,,,,,,,,,,
chark_WR_JAX,D.J. Chark,WR,JAX,,,,0,0,40,2,507,,3,,,,,,,,,,,,
beasley_WR_BUF,Cole Beasley,WR,BUF,,,,0,0,41,2,429,,0,,,,,,,,,,,,
grant_WR_OAK,Ryan Grant,WR,OAK,,,,0,0,40,2,418,,0,,,,,,,,,,,,
robinson_WR_CAR,Aldrick Robinson,WR,CAR,,,,0,0,24,6,327,,0,,,,,,,,,,,,
robinson_WR_KC,Demarcus Robinson,WR,KC,,,,0,0,29,4,394,,0,,,,,,,,,,,,
reynolds_WR_LAR,Josh Reynolds,WR,LAR,,,,0,30,28,4,376,,0,,,,,,,,,,,,
inman_WR_NE,Dontrelle Inman,WR,NE,,,,0,0,32,3,412,,0,,,,,,,,,,,,
brown_WR_TEN,A.J. Brown,WR,TEN,,,,0,12,32,3,424,,1,,,,,,,,,,,,
hogan_WR_CAR,Chris Hogan,WR,CAR,,,,0,6,31,3,382,,0,,,,,,,,,,,,
kelce_TE_KC,Travis Kelce,TE,KC,,,,,,91,9,1255,,1,,,,,,,,,,,,
ertz_TE_PHI,Zach Ertz,TE,PHI,,,,,,104,8,1084,,1,,,,,,,,,,,,
kittle_TE_SF,George Kittle,TE,SF,,,,,,70,4,1087,,1,,,,,,,,,,,,
ebron_TE_IND,Eric Ebron,TE,IND,,,,,,65,9,728,,1,,,,,,,,,,,,
cook_TE_NO,Jared Cook,TE,NO,,,,,,69,7,849,,1,,,,,,,,,,,,
howard_TE_TB,O.J. Howard,TE,TB,,,,,,62,7,914,,1,,,,,,,,,,,,
engram_TE_NYG,Evan Engram,TE,NYG,,,,,,70,5,873,,1,,,,,,,,,,,,
henry_TE_LAC,Hunter Henry,TE,LAC,,,,,,57,5,733,,1,,,,,,,,,,,,
njoku_TE_CLE,David Njoku,TE,CLE,,,,,,57,5,658,,1,,,,,,,,,,,,
walker_TE_TEN,Delanie Walker,TE,TEN,,,,,,59,3,675,,1,,,,,,,,,,,,
hooper_TE_ATL,Austin Hooper,TE,ATL,,,,,,67,3,642,,1,,,,,,,,,,,,
reed_TE_WSH,Jordan Reed,TE,WSH,,,,,,64,3,654,,1,,,,,,,,,,,,
mcdonald_TE_PIT,Vance McDonald,TE,PIT,,,,,,54,4,684,,1,,,,,,,,,,,,
graham_TE_GB,Jimmy Graham,TE,GB,,,,,,57,4,614,,1,,,,,,,,,,,,
andrews_TE_BAL,Mark Andrews,TE,BAL,,,,,,44,4,657,,0,,,,,,,,,,,,
rudolph_TE_MIN,Kyle Rudolph,TE,MIN,,,,,,56,4,559,,1,,,,,,,,,,,,
doyle_TE_IND,Jack Doyle,TE,IND,,,,,,60,3,561,,2,,,,,,,,,,,,
hockenson_TE_DET,T.J. Hockenson,TE,DET,,,,,,52,4,534,,2,,,,,,,,,,,,
fant_TE_DEN,Noah Fant,TE,DEN,,,,,,48,4,546,,1,,,,,,,,,,,,
brate_TE_TB,Cameron Brate,TE,TB,,,,,,43,6,417,,1,,,,,,,,,,,,
burton_TE_CHI,Trey Burton,TE,CHI,,,,,,46,4,503,,1,,,,,,,,,,,,
goedert_TE_PHI,Dallas Goedert,TE,PHI,,,,,,39,6,398,,0,,,,,,,,,,,,
olsen_TE_CAR,Greg Olsen,TE,CAR,,,,,,40,4,413,,0,,,,,,,,,,,,
swaim_TE_JAX,Geoff Swaim,TE,JAX,,,,,,47,2,454,,0,,,,,,,,,,,,
thomas_TE_CAR,Ian Thomas,TE,CAR,,,,,,44,3,404,,0,,,,,,,,,,,,
waller_TE_OAK,Darren Waller,TE,OAK,,,,,,42,2,471,,1,,,,,,,,,,,,
sternberger_TE_GB,Jace Sternberger,TE,GB,,,,,,42,3,447,,1,,,,,,,,,,,,
dissly_TE_SEA,Will Dissly,TE,SEA,,,,,,29,5,416,,0,,,,,,,,,,,,
witten_TE_DAL,Jason Witten,TE,DAL,,,,,,42,3,384,,1,,,,,,,,,,,,
clay_TE_ARI,Charles Clay,TE,ARI,,,,,,45,2,414,,1,,,,,,,,,,,,
herndon_TE_NYJ,Chris Herndon,TE,NYJ,,,,,,31,4,413,,0,,,,,,,,,,,,
eifert_TE_CIN,Tyler Eifert,TE,CIN,,,,,,40,2,423,,0,,,,,,,,,,,,
gesicki_TE_MIA,Mike Gesicki,TE,MIA,,,,,,38,3,385,,2,,,,,,,,,,,,
watson_TE_NE,Benjamin Watson,TE,NE,,,,,,33,2,404,,0,,,,,,,,,,,,
davis_TE_WSH,Vernon Davis,TE,WSH,,,,,,29,2,439,,0,,,,,,,,,,,,
lacosse_TE_NE,Matt LaCosse,TE,NE,,,,,,33,2,377,,0,,,,,,,,,,,,
uzomah_TE_CIN,C.J. Uzomah,TE,CIN,,,,,,35,2,346,,0,,,,,,,,,,,,
thomas_TE_HOU,Jordan Thomas,TE,HOU,,,,,,29,3,313,,0,,,,,,,,,,,,
oliver_TE_JAX,Josh Oliver,TE,JAX,,,,,,33,2,338,,1,,,,,,,,,,,,
hurst_TE_BAL,Hayden Hurst,TE,BAL,,,,,,26,3,324,,0,,,,,,,,,,,,
aliecox_TE_IND,Mo Alie-Cox,TE,IND,,,,,,21,3,350,,0,,,,,,,,,,,,
ellison_TE_NYG,Rhett Ellison,TE,NYG,,,,,,30,2,319,,0,,,,,,,,,,,,
everett_TE_LAR,Gerald Everett,TE,LAR,,,,,,26,3,289,,0,,,,,,,,,,,,
dickson_TE_SEA,Ed Dickson,TE,SEA,,,,,,25,3,285,,0,,,,,,,,,,,,
heuerman_TE_DEN,Jeff Heuerman,TE,DEN,,,,,,30,2,279,,0,,,,,,,,,,,,
higbee_TE_LAR,Tyler Higbee,TE,LAR,,,,,,27,2,303,,0,,,,,,,,,,,,
sealsjones_TE_ARI,Ricky Seals-Jones,TE,ARI,,,,,,26,2,276,,0,,,,,,,,,,,,
warring_TE_HOU,Kahale Warring,TE,HOU,,,,,,24,2,262,,1,,,,,,,,,,,,
vannett_TE_SEA,Nick Vannett,TE,SEA,,,,,,25,2,210,,0,,,,,,,,,,,,
smith_TE_MIN,Irv Smith,TE,MIN,,,,,,25,2,235,,1,,,,,,,,,,,,
akins_TE_HOU,Jordan Akins,TE,HOU,,,,,,22,1,279,,0,,,,,,,,,,,,
james_TE_DET,Jesse James,TE,DET,,,,,,24,1,255,,0,,,,,,,,,,,,
oshaughnessy_TE_JAX,James O'Shaughnessy,TE,JAX,,,,,,25,1,239,,0,,,,,,,,,,,,
sample_TE_CIN,Drew Sample,TE,CIN,,,,,,22,2,208,,1,,,,,,,,,,,,
pruitt_TE_TEN,MyCole Pruitt,TE,TEN,,,,,,19,2,208,,0,,,,,,,,,,,,
kroft_TE_BUF,Tyler Kroft,TE,BUF,,,,,,21,2,194,,0,,,,,,,,,,,,
jarwin_TE_DAL,Blake Jarwin,TE,DAL,,,,,,20,2,207,,0,,,,,,,,,,,,
celek_TE_SF,Garrett Celek,TE,SF,,,,,,11,3,178,,0,,,,,,,,,,,,
williams_TE_ARI,Maxx Williams,TE,ARI,,,,,,23,1,182,,0,,,,,,,,,,,,
green_TE_LAC,Virgil Green,TE,LAC,,,,,,17,2,204,,1,,,,,,,,,,,,
shaheen_TE_CHI,Adam Shaheen,TE,CHI,,,,,,17,2,163,,0,,,,,,,,,,,,
willson_TE_OAK,Luke Willson,TE,OAK,,,,,,21,1,175,,0,,,,,,,,,,,,
allen_TE_MIA,Dwayne Allen,TE,MIA,,,,,,21,1,174,,0,,,,,,,,,,,,
croom_TE_BUF,Jason Croom,TE,BUF,,,,,,19,1,220,,2,,,,,,,,,,,,
hill_TE_NO,Josh Hill,TE,NO,,,,,,20,1,185,,1,,,,,,,,,,,,
anderson_TE_NE,Stephen Anderson,TE,NE,,,,,,16,1,203,,0,,,,,,,,,,,,
conklin_TE_MIN,Tyler Conklin,TE,MIN,,,,,,16,1,185,,0,,,,,,,,,,,,
stocker_TE_ATL,Luke Stocker,TE,ATL,,,,,,13,2,150,,0,,,,,,,,,,,,
lewis_TE_GB,Marcedes Lewis,TE,GB,,,,,,12,2,150,,0,,,,,,,,,,,,
harris_TE_CLE,Demetrius Harris,TE,CLE,,,,,,11,2,136,,0,,,,,,,,,,,,
griffin_TE_NO,Garrett Griffin,TE,NO,,,,,,12,2,98,,0,,,,,,,,,,,,
carrier_TE_OAK,Derek Carrier,TE,OAK,,,,,,12,2,110,,0,,,,,,,,,,,,
tonyan_TE_GB,Robert Tonyan,TE,GB,,,,,,11,1,187,,0,,,,,,,,,,,,
boyle_TE_BAL,Nick Boyle,TE,BAL,,,,,,16,1,136,,0,,,,,,,,,,,,
griffin_TE_NYJ,Ryan Griffin,TE,NYJ,,,,,,13,1,154,,0,,,,,,,,,,,,
gentry_TE_PIT,Zach Gentry,TE,PIT,,,,,,14,1,138,,0,,,,,,,,,,,,
tomlinson_TE_NYJ,Eric Tomlinson,TE,NYJ,,,,,,13,1,130,,0,,,,,,,,,,,,
hudson_TE_TB,Tanner Hudson,TE,TB,,,,,,12,1,142,,0,,,,,,,,,,,,
devalve_TE_CLE,Seth DeValve,TE,CLE,,,,,,11,1,150,,0,,,,,,,,,,,,
paulsen_TE_ATL,Logan Paulsen,TE,ATL,,,,,,13,1,127,,0,,,,,,,,,,,,
rodgers_TE_PHI,Richard Rodgers,TE,PHI,,,,,,12,1,139,,0,,,,,,,,,,,,
knox_TE_BUF,Dawson Knox,TE,BUF,,,,,,13,1,127,,0,,,,,,,,,,,,
arnold_TE_NO,Dan Arnold,TE,NO,,,,,,12,1,143,,0,,,,,,,,,,,,
toilolo_TE_SF,Levine Toilolo,TE,SF,,,,,,11,1,153,,0,,,,,,,,,,,,
moreau_TE_OAK,Foster Moreau,TE,OAK,,,,,,12,1,120,,0,,,,,,,,,,,,
auclair_TE_TB,Antony Auclair,TE,TB,,,,,,12,1,118,,0,,,,,,,,,,,,
mack_TE_NO,Alize Mack,TE,NO,,,,,,12,1,115,,0,,,,,,,,,,,,
nauta_TE_DET,Isaac Nauta,TE,DET,,,,,,12,1,112,,0,,,,,,,,,,,,
johnson_RB_NE,Jakob Johnson,RB,NE,,,,,,12,1,125,,0,,,,,,,,,,,,
kendricks_TE_NE,Lance Kendricks,TE,NE,,,,,,12,1,115,,0,,,,,,,,,,,,
grimble_TE_PIT,Xavier Grimble,TE,PIT,,,,,,12,1,150,,1,,,,,,,,,,,,
smith_TE_SF,Kaden Smith,TE,SF,,,,,,11,1,124,,0,,,,,,,,,,,,
manhertz_TE_CAR,Chris Manhertz,TE,CAR,,,,,,9,1,146,,0,,,,,,,,,,,,
koyack_TE_JAX,Ben Koyack,TE,JAX,,,,,,12,1,95,,0,,,,,,,,,,,,
bell_TE_SF,Blake Bell,TE,SF,,,,,,11,1,123,,0,,,,,,,,,,,,
morgan_TE_MIN,David Morgan,TE,MIN,,,,,,12,1,98,,0,,,,,,,,,,,,
hemingway_TE_CAR,Temarrick Hemingway,TE,CAR,,,,,,11,1,110,,0,,,,,,,,,,,,
franks_TE_CIN,Jordan Franks,TE,CIN,,,,,,10,1,122,,0,,,,,,,,,,,,
simonson_TE_NYG,Scott Simonson,TE,NYG,,,,,,11,1,99,,0,,,,,,,,,,,,
dwelley_TE_SF,Ross Dwelley,TE,SF,,,,,,11,1,105,,0,,,,,,,,,,,,
ravens_DST_BAL,Ravens,DST,BAL,,,,,,,,,,,,,,,,,19.6,35.0,0,10,3.358,18
bills_DST_BUF,Bills,DST,BUF,,,,,,,,,,,,,,,,,22.0,40.8,0,13,3.137,18
vikings_DST_MIN,Vikings,DST,MIN,,,,,,,,,,,,,,,,,20.8,54.7,0,11,2.616,14
saints_DST_NO,Saints,DST,NO,,,,,,,,,,,,,,,,,19.9,40.1,0,15,3.238,15
bears_DST_CHI,Bears,DST,CHI,,,,,,,,,,,,,,,,,19.3,43.0,0,13,2.977,15
jaguars_DST_JAX,Jaguars,DST,JAX,,,,,,,,,,,,,,,,,20.0,39.7,0,11,3.052,16
chargers_DST_LAC,Chargers,DST,LAC,,,,,,,,,,,,,,,,,19.5,41.2,0,13,3.058,13
patriots_DST_NE,Patriots,DST,NE,,,,,,,,,,,,,,,,,18.6,32.5,0,12,3.328,17
cowboys_DST_DAL,Cowboys,DST,DAL,,,,,,,,,,,,,,,,,20.6,39.2,0,12,2.838,14
titans_DST_TEN,Titans,DST,TEN,,,,,,,,,,,,,,,,,20.6,39.2,0,11,2.772,14
eagles_DST_PHI,Eagles,DST,PHI,,,,,,,,,,,,,,,,,19.5,41.2,0,10,2.575,13
redskins_DST_WSH,Redskins,DST,WSH,,,,,,,,,,,,,,,,,22.7,46.9,0,15,2.975,14
broncos_DST_DEN,Broncos,DST,DEN,,,,,,,,,,,,,,,,,22.3,44.0,0,15,2.947,15
rams_DST_LAR,Rams,DST,LAR,,,,,,,,,,,,,,,,,22.3,39.0,0,14,3.387,17
packers_DST_GB,Packers,DST,GB,,,,,,,,,,,,,,,,,22.5,49.3,0,12,2.898,15
texans_DST_HOU,Texans,DST,HOU,,,,,,,,,,,,,,,,,21.3,36.6,0,17,3.24,15
chiefs_DST_KC,Chiefs,DST,KC,,,,,,,,,,,,,,,,,21.3,42.8,0,15,3.317,13
colts_DST_IND,Colts,DST,IND,,,,,,,,,,,,,,,,,21.2,43.8,0,14,2.92,14
cardinals_DST_ARI,Cardinals,DST,ARI,,,,,,,,,,,,,,,,,25.5,51.9,1,11,2.469,12
steelers_DST_PIT,Steelers,DST,PIT,,,,,,,,,,,,,,,,,21.6,47.9,0,11,2.66,14
panthers_DST_CAR,Panthers,DST,CAR,,,,,,,,,,,,,,,,,25.4,36.8,0,15,3.167,14
browns_DST_CLE,Browns,DST,CLE,,,,,,,,,,,,,,,,,21.5,31.8,0,14,3.33,17
seahawks_DST_SEA,Seahawks,DST,SEA,,,,,,,,,,,,,,,,,22.1,35.5,0,16,3.18,13
jets_DST_NYJ,Jets,DST,NYJ,,,,,,,,,,,,,,,,,25.4,37.8,0,11,3.337,15
ers_DST_SF,49ers,DST,SF,,,,,,,,,,,,,,,,,24.5,47.5,0,9,2.723,13
lions_DST_DET,Lions,DST,DET,,,,,,,,,,,,,,,,,21.6,46.4,0,11,2.604,11
buccaneers_DST_TB,Buccaneers,DST,TB,,,,,,,,,,,,,,,,,27.0,38.5,0,12,2.442,11
falcons_DST_ATL,Falcons,DST,ATL,,,,,,,,,,,,,,,,,24.3,34.5,0,9,2.684,15
bengals_DST_CIN,Bengals,DST,CIN,,,,,,,,,,,,,,,,,25.4,31.8,0,11,2.675,14
dolphins_DST_MIA,Dolphins,DST,MIA,,,,,,,,,,,,,,,,,27.3,29.2,0,10,2.92,15
giants_DST_NYG,Giants,DST,NYG,,,,,,,,,,,,,,,,,22.2,30.6,0,9,2.656,16
raiders_DST_OAK,Raiders,DST,OAK,,,,,,,,,,,,,,,,,28.1,21.0,0,8,2.91,16
zuerlein_K_LAR,Greg Zuerlein,K,LAR,,,,,,,,,,,0.257,9.9,9.9,7.4,5.4,34,,,,,,
gould_K_SF,Robbie Gould,K,SF,,,,,,,,,,,0.256,7.9,11.6,10.2,2.32,32,,,,,,
tucker_K_BAL,Justin Tucker,K,BAL,,,,,,,,,,,0.24,9.1,8.6,8,4.22,32,,,,,,
gostkowski_K_NE,Stephen Gostkowski,K,NE,,,,,,,,,,,0.246,9.8,9.7,7.1,2.26,31,,,,,,
lutz_K_NO,Wil Lutz,K,NO,,,,,,,,,,,0.44,6.5,8.9,10,2.44,30,,,,,,
catanzaro_K_NYJ,Chandler Catanzaro,K,NYJ,,,,,,,,,,,0.381,6.9,10.6,6.4,4.19,30,,,,,,
fairbairn_K_HOU,Ka'imi Fairbairn,K,HOU,,,,,,,,,,,0.427,6.5,8.9,9.1,3.26,29,,,,,,
butker_K_KC,Harrison Butker,K,KC,,,,,,,,,,,0.222,8.4,10.3,6.7,2.39,29,,,,,,
prater_K_DET,Matt Prater,K,DET,,,,,,,,,,,0.397,6.5,10.1,6.1,3.71,29,,,,,,
vinatieri_K_IND,Adam Vinatieri,K,IND,,,,,,,,,,,0.191,7.6,6.2,5.5,4.06,37,,,,,,
badgley_K_LAC,Mike Badgley,K,LAC,,,,,,,,,,,0.216,6.7,8.1,9.2,2.7,28,,,,,,
joseph_K_CLE,Greg Joseph,K,CLE,,,,,,,,,,,0.194,5.7,9.2,7.1,1.43,36,,,,,,
myers_K_SEA,Jason Myers,K,SEA,,,,,,,,,,,0.175,4.81,8.2,7,3.58,35,,,,,,
maher_K_DAL,Brett Maher,K,DAL,,,,,,,,,,,0.213,8.5,6.9,6.2,4.53,28,,,,,,
crosby_K_GB,Mason Crosby,K,GB,,,,,,,,,,,0.206,5.7,7.8,8.7,3.92,27,,,,,,
boswell_K_PIT,Chris Boswell,K,PIT,,,,,,,,,,,0.182,5.9,7.4,7.4,2.16,35,,,,,,
gano_K_CAR,Graham Gano,K,CAR,,,,,,,,,,,0.179,5.7,7.2,6.6,2.99,35,,,,,,
tavecchio_K_ATL,Giorgio Tavecchio,K,ATL,,,,,,,,,,,0.203,6.5,6.6,7.4,4.31,26,,,,,,
elliott_K_PHI,Jake Elliott,K,PHI,,,,,,,,,,,0.196,6,7.7,8.2,2.58,25,,,,,,
pineiro_K_CHI,Eddy Pineiro,K,CHI,,,,,,,,,,,0.23,6.4,7.4,6.4,2.53,31,,,,,,
gay_K_TB,Matt Gay,K,TB,,,,,,,,,,,0.217,6.1,6.9,6.1,2.39,33,,,,,,
rosas_K_NYG,Aldrick Rosas,K,NYG,,,,,,,,,,,0.186,7.1,8.6,5.3,3.06,25,,,,,,
hopkins_K_WSH,Dustin Hopkins,K,WSH,,,,,,,,,,,0.265,5.8,6.3,8.3,3.18,25,,,,,,
succop_K_TEN,Ryan Succop,K,TEN,,,,,,,,,,,0.185,5.1,8.8,6.5,2.24,27,,,,,,
carlson_K_OAK,Daniel Carlson,K,OAK,,,,,,,,,,,0.181,4.99,5.9,7.7,3.85,24,,,,,,
lambo_K_JAX,Josh Lambo,K,JAX,,,,,,,,,,,0.185,5.1,8.8,5.3,3.92,24,,,,,,
hauschka_K_BUF,Stephen Hauschka,K,BUF,,,,,,,,,,,0.171,4.69,7.6,6.2,3.63,23,,,,,,
bailey_K_MIN,Dan Bailey,K,MIN,,,,,,,,,,,0.308,5.5,9.1,5.5,1.85,23,,,,,,
bullock_K_CIN,Randy Bullock,K,CIN,,,,,,,,,,,0.17,5.1,7.9,6.2,1.98,22,,,,,,
gonzalez_K_ARI,Zane Gonzalez,K,ARI,,,,,,,,,,,0.143,3.94,6.8,4.27,3.05,27,,,,,,
mcmanus_K_DEN,Brandon McManus,K,DEN,,,,,,,,,,,0.157,4.89,6.8,5.8,2.1,21,,,,,,
sanders_K_MIA,Jason Sanders,K,MIA,,,,,,,,,,,0.154,6.2,5,6.6,1.07,20,,,,,,
vizcaino_K_CIN,Tristan Vizcaino,K,CIN,,,,,,,,,,,,,,,,0,,,,,,
murphy_K_ARI,Cole Murphy,K,ARI,,,,,,,,,,,,,,,,0,,,,,,
andersen_K_TB,Phillip Andersen,K,TB,,,,,,,,,,,,,,,,0,,,,,,
