name,pos,team,fpts,average_yards_per_reception,average_yards_per_rush,defensive_fumbles_recovered,defensive_touchdowns,extra_points_attempted,extra_points_made,fantasy_points,fantasy_points_per_game,field_goal_attempts,field_goals_1-19_yard_attempts,field_goals_1-19_yards,field_goals_20-29_yard_attempts,field_goals_20-29_yards,field_goals_30-39_yard_attempts,field_goals_30-39_yards,field_goals_40-49_yard_attempts,field_goals_40-49_yards,field_goals_50+_yards,field_goals_50+_yards_attempts,field_goals_made,forced_fumbles,fumbles_lost,games_played,interceptions,interceptions_thrown,longest_field_goal,net_passing_yards_allowed,pass_attempts,pass_completions,passer_rating,passing_yards,passing_yards_per_game,points_allowed,points_allowed_per_game,receiving_touchdowns,receiving_yards,receptions,rushing_attempts,rushing_touchdowns,rushing_yards,rushing_yards_allowed,sacks,safeties,tackles,targets,total_yards_allowed,touchdowns_passes,yards_against_per_game,yards_per_game
Patrick Mahomes,QB,KC,417,,4.1,,,,,417,26.1,,,,,,,,,,,,,,1,16,,12,,,569,375,106.8,4956,309.8,,,,,,50,2,204,,,,,,,38,,
Andrew Luck,QB,IND,345,,3.4,,,,,345,21.6,,,,,,,,,,,,,,2,16,,15,,,600,400,95.9,4455,278.4,,,,,,51,1,171,,,,,,,32,,
Aaron Rodgers,QB,GB,341,,6.1,,,,,341,21.3,,,,,,,,,,,,,,2,16,,8,,,599,380,95.0,4398,274.9,,,,,,45,2,275,,,,,,,27,,
Matt Ryan,QB,ATL,341,,3.8,,,,,341,21.3,,,,,,,,,,,,,,1,16,,10,,,590,402,100.6,4673,292.1,,,,,,32,2,123,,,,,,,28,,
Ben Roethlisberger,QB,PIT,340,,2.8,,,,,340,21.3,,,,,,,,,,,,,,1,16,,19,,,670,442,90.4,4937,308.6,,,,,,31,2,86,,,,,,,29,,
Jameis Winston,QB,TB,339,,5.4,,,,,339,21.2,,,,,,,,,,,,,,2,16,,20,,,561,373,95.1,4825,301.6,,,,,,58,1,311,,,,,,,28,,
Deshaun Watson,QB,HOU,339,,4.8,,,,,339,21.2,,,,,,,,,,,,,,3,16,,16,,,511,343,94.4,4065,254.1,,,,,,100,5,480,,,,,,,25,,
Cam Newton,QB,CAR,336,,5.2,,,,,336,21.0,,,,,,,,,,,,,,1,16,,17,,,525,361,92.1,3822,238.9,,,,,,116,4,608,,,,,,,25,,
Baker Mayfield,QB,CLE,335,,3.3,,,,,335,20.9,,,,,,,,,,,,,,1,16,,15,,,587,386,96.2,4562,285.1,,,,,,41,0,137,,,,,,,31,,
Jared Goff,QB,LAR,331,,2.4,,,,,331,20.7,,,,,,,,,,,,,,1,16,,12,,,564,360,96.6,4399,274.9,,,,,,40,1,97,,,,,,,30,,
Tom Brady,QB,NE,331,,1.7,,,,,331,20.7,,,,,,,,,,,,,,1,16,,13,,,604,394,94.8,4461,278.8,,,,,,23,1,38,,,,,,,30,,
Drew Brees,QB,NO,330,,1.1,,,,,330,20.6,,,,,,,,,,,,,,1,16,,10,,,543,400,106.1,4150,259.4,,,,,,34,2,38,,,,,,,30,,
Russell Wilson,QB,SEA,326,,5.8,,,,,326,20.4,,,,,,,,,,,,,,2,16,,11,,,436,287,103.3,3468,216.8,,,,,,64,1,368,,,,,,,31,,
Philip Rivers,QB,LAC,322,,1.8,,,,,322,20.1,,,,,,,,,,,,,,1,16,,13,,,530,353,100.9,4409,275.6,,,,,,19,0,35,,,,,,,30,,
Carson Wentz,QB,PHI,319,,3.4,,,,,319,19.9,,,,,,,,,,,,,,2,16,,15,,,577,398,97.4,4337,271.1,,,,,,49,0,167,,,,,,,30,,
Kyler Murray,QB,ARI,313,,5.7,,,,,313,19.6,,,,,,,,,,,,,,4,16,,16,,,565,348,83.0,3689,230.6,,,,,,101,3,577,,,,,,,24,,
Jimmy Garoppolo,QB,SF,308,,2.7,,,,,308,19.3,,,,,,,,,,,,,,0,16,,17,,,531,349,95.1,4416,276.0,,,,,,39,1,107,,,,,,,27,,
Dak Prescott,QB,DAL,307,,4.7,,,,,307,19.2,,,,,,,,,,,,,,2,16,,11,,,506,344,94.9,3735,233.4,,,,,,67,6,315,,,,,,,22,,
Josh Allen,QB,BUF,301,,7.4,,,,,301,18.8,,,,,,,,,,,,,,2,16,,17,,,480,273,74.8,3173,198.3,,,,,,98,8,720,,,,,,,18,,
Kirk Cousins,QB,MIN,298,,3.1,,,,,298,18.6,,,,,,,,,,,,,,2,16,,14,,,590,413,95.0,4296,268.5,,,,,,46,2,143,,,,,,,25,,
Lamar Jackson,QB,BAL,293,,4.6,,,,,293,18.3,,,,,,,,,,,,,,5,16,,12,,,498,291,79.8,3073,192.1,,,,,,157,5,718,,,,,,,20,,
Mitchell Trubisky,QB,CHI,289,,6.0,,,,,289,18.1,,,,,,,,,,,,,,2,16,,15,,,500,329,90.8,3645,227.8,,,,,,61,2,364,,,,,,,24,,
Derek Carr,QB,OAK,289,,2.1,,,,,289,18.1,,,,,,,,,,,,,,1,16,,12,,,576,400,96.3,4309,269.3,,,,,,23,1,49,,,,,,,24,,
Matthew Stafford,QB,DET,278,,2.7,,,,,278,17.4,,,,,,,,,,,,,,1,16,,13,,,575,384,91.8,4007,250.4,,,,,,24,0,65,,,,,,,25,,
Nick Foles,QB,JAC,260,,1.4,,,,,260,16.3,,,,,,,,,,,,,,1,16,,14,,,574,380,88.9,4080,255.0,,,,,,26,1,37,,,,,,,21,,
Sam Darnold,QB,NYJ,252,,3.2,,,,,252,15.8,,,,,,,,,,,,,,2,16,,19,,,526,318,81.2,3605,225.3,,,,,,45,1,146,,,,,,,24,,
Andy Dalton,QB,CIN,246,,5.0,,,,,246,15.4,,,,,,,,,,,,,,1,16,,17,,,521,313,81.0,3313,207.1,,,,,,28,0,140,,,,,,,25,,
Joe Flacco,QB,DEN,240,,2.9,,,,,240,15.0,,,,,,,,,,,,,,1,16,,15,,,561,349,83.2,3761,235.1,,,,,,27,0,79,,,,,,,21,,
Marcus Mariota,QB,TEN,240,,5.5,,,,,240,15.0,,,,,,,,,,,,,,2,16,,15,,,434,292,88.9,3178,198.6,,,,,,69,2,382,,,,,,,19,,
Eli Manning,QB,NYG,239,,2.1,,,,,239,14.9,,,,,,,,,,,,,,4,16,,13,,,542,361,89.8,3894,243.4,,,,,,14,1,30,,,,,,,20,,
Dwayne Haskins,QB,WAS,180,,3.6,,,,,180,11.3,,,,,,,,,,,,,,1,16,,15,,,418,260,80.1,2844,177.8,,,,,,20,1,72,,,,,,,16,,
Ryan Fitzpatrick,QB,MIA,134,,4.9,,,,,134,8.4,,,,,,,,,,,,,,1,16,,11,,,262,163,79.5,1749,109.3,,,,,,38,2,186,,,,,,,12,,
Josh Rosen,QB,MIA,70,,6.6,,,,,70,4.4,,,,,,,,,,,,,,2,16,,7,,,175,108,79.6,1154,72.1,,,,,,11,0,72,,,,,,,8,,
Case Keenum,QB,WAS,37,,3.4,,,,,37,2.3,,,,,,,,,,,,,,0,16,,4,,,112,71,79.7,745,46.6,,,,,,9,0,31,,,,,,,4,,
Taysom Hill,QB,NO,33,,4.7,,,,,33,2.1,,,,,,,,,,,,,,1,16,,0,,,16,12,117.4,123,7.7,,,,,,38,1,177,,,,,,,1,,
Matt Schaub,QB,ATL,16,,1.5,,,,,16,1.0,,,,,,,,,,,,,,0,16,,0,,,24,17,101.2,151,9.4,,,,,,2,0,3,,,,,,,1,,
Blaine Gabbert,QB,TB,14,,2.0,,,,,14,0.9,,,,,,,,,,,,,,0,16,,1,,,36,21,89.7,277,17.3,,,,,,1,0,2,,,,,,,2,,
Chase Daniel,QB,CHI,11,,1.8,,,,,11,0.7,,,,,,,,,,,,,,0,16,,1,,,20,13,81.7,142,8.9,,,,,,4,0,7,,,,,,,1,,
Chad Henne,QB,KC,9,,1.5,,,,,9,0.6,,,,,,,,,,,,,,0,16,,0,,,23,15,107.0,199,12.4,,,,,,4,0,6,,,,,,,1,,
DeShone Kizer,QB,GB,9,,5.7,,,,,9,0.6,,,,,,,,,,,,,,0,16,,0,,,24,15,97.7,171,10.7,,,,,,3,0,17,,,,,,,1,,
Blake Bortles,QB,LAR,9,,4.4,,,,,9,0.6,,,,,,,,,,,,,,0,16,,0,,,23,15,103.4,179,11.2,,,,,,5,0,22,,,,,,,1,,
Cooper Rush,QB,DAL,8,,5.3,,,,,8,0.5,,,,,,,,,,,,,,0,16,,0,,,18,11,93.3,94,5.9,,,,,,3,0,16,,,,,,,1,,
Robert Griffin III,QB,BAL,8,,5.0,,,,,8,0.5,,,,,,,,,,,,,,0,16,,0,,,21,12,90.8,127,7.9,,,,,,1,0,5,,,,,,,1,,
Nate Sudfeld,QB,PHI,8,,3.5,,,,,8,0.5,,,,,,,,,,,,,,0,16,,0,,,23,14,95.2,154,9.6,,,,,,4,0,14,,,,,,,1,,
Gardner Minshew,QB,JAC,8,,3.0,,,,,8,0.5,,,,,,,,,,,,,,0,16,,0,,,18,11,99.1,119,7.4,,,,,,1,0,3,,,,,,,1,,
Drew Lock,QB,DEN,8,,4.0,,,,,8,0.5,,,,,,,,,,,,,,0,16,,0,,,17,11,103.8,115,7.2,,,,,,1,0,4,,,,,,,1,,
Teddy Bridgewater,QB,NO,8,,1.6,,,,,8,0.5,,,,,,,,,,,,,,0,16,,0,,,22,16,109.7,168,10.5,,,,,,5,0,8,,,,,,,1,,
AJ McCarron,QB,HOU,8,,0.8,,,,,8,0.5,,,,,,,,,,,,,,0,16,,0,,,21,14,105.9,163,10.2,,,,,,5,0,4,,,,,,,1,,
Geno Smith,QB,SEA,7,,3.2,,,,,7,0.4,,,,,,,,,,,,,,1,16,,0,,,18,12,108.3,139,8.7,,,,,,5,0,16,,,,,,,1,,
Ryan Tannehill,QB,TEN,7,,5.0,,,,,7,0.4,,,,,,,,,,,,,,0,16,,1,,,18,12,83.1,130,8.1,,,,,,4,0,20,,,,,,,1,,
Trevor Siemian,QB,NYJ,7,,4.0,,,,,7,0.4,,,,,,,,,,,,,,0,16,,1,,,21,13,78.1,143,8.9,,,,,,4,0,16,,,,,,,1,,
Tyrod Taylor,QB,LAC,7,,4.3,,,,,7,0.4,,,,,,,,,,,,,,0,16,,1,,,21,14,88.8,177,11.1,,,,,,4,0,17,,,,,,,1,,
Drew Stanton,QB,CLE,7,,4.8,,,,,7,0.4,,,,,,,,,,,,,,0,16,,1,,,24,15,80.6,172,10.8,,,,,,4,0,19,,,,,,,1,,
Jeff Driskel,QB,CIN,7,,7.4,,,,,7,0.4,,,,,,,,,,,,,,0,16,,1,,,21,12,71.5,130,8.1,,,,,,5,0,37,,,,,,,1,,
Daniel Jones,QB,NYG,7,,5.0,,,,,7,0.4,,,,,,,,,,,,,,0,16,,1,,,29,19,83.0,203,12.7,,,,,,1,0,5,,,,,,,1,,
Jacoby Brissett,QB,IND,7,,4.5,,,,,7,0.4,,,,,,,,,,,,,,0,16,,1,,,24,16,84.2,173,10.8,,,,,,4,0,18,,,,,,,1,,
Matt Barkley,QB,BUF,6,,0.8,,,,,6,0.4,,,,,,,,,,,,,,0,16,,1,,,19,11,74.5,130,8.1,,,,,,5,0,4,,,,,,,1,,
Joshua Dobbs,QB,PIT,6,,3.8,,,,,6,0.4,,,,,,,,,,,,,,0,16,,1,,,27,18,77.9,151,9.4,,,,,,4,0,15,,,,,,,1,,
Nick Mullens,QB,SF,6,,1.0,,,,,6,0.4,,,,,,,,,,,,,,0,16,,1,,,22,14,85.6,181,11.3,,,,,,4,0,4,,,,,,,1,,
Brian Hoyer,QB,NE,6,,0.8,,,,,6,0.4,,,,,,,,,,,,,,0,16,,1,,,24,16,85.8,182,11.4,,,,,,5,0,4,,,,,,,1,,
Brett Hundley,QB,ARI,6,,4.3,,,,,6,0.4,,,,,,,,,,,,,,0,16,,1,,,22,13,74.1,140,8.8,,,,,,3,0,13,,,,,,,1,,
Will Grier,QB,CAR,6,,5.0,,,,,6,0.4,,,,,,,,,,,,,,0,16,,1,,,22,14,79.4,148,9.3,,,,,,1,0,5,,,,,,,1,,
Mike Glennon,QB,OAK,4,,1.3,,,,,4,0.3,,,,,,,,,,,,,,1,16,,1,,,23,16,88.0,174,10.9,,,,,,4,0,5,,,,,,,1,,
Tom Savage,QB,DET,4,,1.3,,,,,4,0.3,,,,,,,,,,,,,,1,16,,1,,,24,15,77.4,154,9.6,,,,,,4,0,5,,,,,,,1,,
Sean Mannion,QB,MIN,2,,0.8,,,,,2,0.1,,,,,,,,,,,,,,0,16,,0,,,24,15,81.1,155,9.7,,,,,,4,0,3,,,,,,,0,,
Saquon Barkley,RB,NYG,343,7.7,4.6,,,,,343,21.4,,,,,,,,,,,,,,4,16,,,,,,,,,,,,4,697,91,266,10,1231,,,,,118,,,,43.6
Alvin Kamara,RB,NO,327,8.3,4.5,,,,,327,20.4,,,,,,,,,,,,,,3,16,,,,,,,,,,,,4,784,95,214,9,966,,,,,118,,,,49.0
Ezekiel Elliott,RB,DAL,321,7.9,4.7,,,,,321,20.1,,,,,,,,,,,,,,4,16,,,,,,,,,,,,3,571,72,321,8,1497,,,,,90,,,,35.7
Christian McCaffrey,RB,CAR,319,7.9,5.2,,,,,319,19.9,,,,,,,,,,,,,,3,16,,,,,,,,,,,,5,782,99,203,5,1045,,,,,111,,,,48.9
Melvin Gordon,RB,LAC,288,9.7,4.3,,,,,288,18.0,,,,,,,,,,,,,,3,16,,,,,,,,,,,,4,561,58,229,12,991,,,,,76,,,,35.1
Le'Veon Bell,RB,NYJ,242,7.5,4.2,,,,,242,15.1,,,,,,,,,,,,,,3,16,,,,,,,,,,,,2,455,61,222,9,923,,,,,78,,,,28.4
James Conner,RB,PIT,234,8.5,4.4,,,,,234,14.6,,,,,,,,,,,,,,3,16,,,,,,,,,,,,1,451,53,208,10,922,,,,,65,,,,28.2
David Johnson,RB,ARI,228,9.4,3.7,,,,,228,14.3,,,,,,,,,,,,,,3,16,,,,,,,,,,,,4,514,55,209,7,776,,,,,79,,,,32.1
Dalvin Cook,RB,MIN,227,7.7,4.6,,,,,227,14.2,,,,,,,,,,,,,,3,16,,,,,,,,,,,,2,454,59,208,6,964,,,,,72,,,,28.4
Joe Mixon,RB,CIN,215,7.2,4.9,,,,,215,13.4,,,,,,,,,,,,,,3,16,,,,,,,,,,,,1,294,41,231,8,1120,,,,,52,,,,18.4
Leonard Fournette,RB,JAC,206,8.6,3.6,,,,,206,12.9,,,,,,,,,,,,,,3,16,,,,,,,,,,,,2,377,44,239,8,855,,,,,50,,,,23.6
Kerryon Johnson,RB,DET,201,6.4,4.6,,,,,201,12.6,,,,,,,,,,,,,,3,16,,,,,,,,,,,,1,330,52,197,7,907,,,,,62,,,,20.6
Aaron Jones,RB,GB,197,7.5,5.3,,,,,197,12.3,,,,,,,,,,,,,,2,16,,,,,,,,,,,,1,254,34,175,10,921,,,,,46,,,,15.9
Josh Jacobs,RB,OAK,193,10.6,4.4,,,,,193,12.1,,,,,,,,,,,,,,2,16,,,,,,,,,,,,2,454,43,176,6,772,,,,,40,,,,28.4
Todd Gurley,RB,LAR,193,9.7,4.4,,,,,193,12.1,,,,,,,,,,,,,,2,16,,,,,,,,,,,,3,340,35,174,8,770,,,,,49,,,,21.3
Phillip Lindsay,RB,DEN,188,7.0,5.3,,,,,188,11.8,,,,,,,,,,,,,,2,16,,,,,,,,,,,,1,253,36,187,7,982,,,,,49,,,,15.8
Nick Chubb,RB,CLE,186,7.4,5.3,,,,,186,11.6,,,,,,,,,,,,,,2,16,,,,,,,,,,,,1,111,15,215,10,1129,,,,,20,,,,6.9
Damien Williams,RB,KC,182,8.3,4.6,,,,,182,11.4,,,,,,,,,,,,,,2,16,,,,,,,,,,,,4,316,38,136,8,621,,,,,47,,,,19.8
Derrick Henry,RB,TEN,182,7.9,4.8,,,,,182,11.4,,,,,,,,,,,,,,3,16,,,,,,,,,,,,0,111,14,245,10,1181,,,,,18,,,,6.9
Marlon Mack,RB,IND,179,6.9,4.6,,,,,179,11.2,,,,,,,,,,,,,,2,16,,,,,,,,,,,,1,173,25,210,9,971,,,,,39,,,,10.8
Lamar Miller,RB,HOU,177,7.5,4.3,,,,,177,11.1,,,,,,,,,,,,,,3,16,,,,,,,,,,,,1,277,37,214,6,927,,,,,46,,,,17.3
James White,RB,NE,174,8.7,4.3,,,,,174,10.9,,,,,,,,,,,,,,1,16,,,,,,,,,,,,4,556,64,74,3,317,,,,,113,,,,34.8
Chris Carson,RB,SEA,172,6.8,4.6,,,,,172,10.8,,,,,,,,,,,,,,3,16,,,,,,,,,,,,0,162,24,230,8,1053,,,,,29,,,,10.1
Tarik Cohen,RB,CHI,172,10.1,4.4,,,,,172,10.8,,,,,,,,,,,,,,3,16,,,,,,,,,,,,3,587,58,98,3,429,,,,,84,,,,36.7
Chris Thompson,RB,WAS,169,8.0,4.4,,,,,169,10.6,,,,,,,,,,,,,,2,16,,,,,,,,,,,,3,528,66,91,2,396,,,,,108,,,,33.0
David Montgomery,RB,CHI,169,9.7,4.2,,,,,169,10.6,,,,,,,,,,,,,,3,16,,,,,,,,,,,,2,320,33,187,6,779,,,,,34,,,,20.0
Mark Ingram,RB,BAL,166,7.0,4.6,,,,,166,10.4,,,,,,,,,,,,,,2,16,,,,,,,,,,,,1,209,30,201,6,920,,,,,44,,,,13.1
Kenyan Drake,RB,MIA,158,8.7,4.3,,,,,158,9.9,,,,,,,,,,,,,,2,16,,,,,,,,,,,,3,373,43,130,4,554,,,,,62,,,,23.3
Devonta Freeman,RB,ATL,155,7.6,4.6,,,,,155,9.7,,,,,,,,,,,,,,2,16,,,,,,,,,,,,1,190,25,196,6,894,,,,,30,,,,11.9
Sony Michel,RB,NE,153,7.5,4.3,,,,,153,9.6,,,,,,,,,,,,,,3,16,,,,,,,,,,,,0,60,8,252,8,1088,,,,,13,,,,3.8
Miles Sanders,RB,PHI,147,9.1,4.2,,,,,147,9.2,,,,,,,,,,,,,,3,16,,,,,,,,,,,,2,338,37,132,5,557,,,,,35,,,,21.1
Tevin Coleman,RB,SF,143,9.2,4.9,,,,,143,8.9,,,,,,,,,,,,,,2,16,,,,,,,,,,,,2,119,13,192,5,944,,,,,18,,,,7.4
Austin Ekeler,RB,LAC,133,9.7,5.0,,,,,133,8.3,,,,,,,,,,,,,,1,16,,,,,,,,,,,,2,341,35,102,3,511,,,,,46,,,,21.3
Derrius Guice,RB,WAS,130,10.6,4.4,,,,,130,8.1,,,,,,,,,,,,,,3,16,,,,,,,,,,,,1,254,24,153,5,670,,,,,25,,,,15.9
Jordan Howard,RB,PHI,127,6.9,3.9,,,,,127,7.9,,,,,,,,,,,,,,2,16,,,,,,,,,,,,0,151,22,176,7,683,,,,,30,,,,9.4
Jerick McKinnon,RB,SF,126,8.6,4.6,,,,,126,7.9,,,,,,,,,,,,,,2,16,,,,,,,,,,,,1,328,38,111,3,509,,,,,50,,,,20.5
Peyton Barber,RB,TB,125,4.7,3.9,,,,,125,7.8,,,,,,,,,,,,,,2,16,,,,,,,,,,,,0,79,17,207,6,800,,,,,22,,,,4.9
Darrell Henderson,RB,LAR,122,10.6,4.7,,,,,122,7.6,,,,,,,,,,,,,,2,16,,,,,,,,,,,,1,232,22,130,5,610,,,,,23,,,,14.5
Latavius Murray,RB,NO,118,6.3,4.0,,,,,118,7.4,,,,,,,,,,,,,,2,16,,,,,,,,,,,,0,94,15,160,8,639,,,,,16,,,,5.9
Rashaad Penny,RB,SEA,117,7.6,4.9,,,,,117,7.3,,,,,,,,,,,,,,2,16,,,,,,,,,,,,0,84,11,183,4,902,,,,,15,,,,5.3
Kareem Hunt,RB,CLE,115,10.8,4.5,,,,,115,12.8,,,,,,,,,,,,,,1,9,,,,,,,,,,,,2,248,23,107,4,484,,,,,29,,,,27.6
Dion Lewis,RB,TEN,114,6.5,3.9,,,,,114,7.1,,,,,,,,,,,,,,2,16,,,,,,,,,,,,1,293,45,112,2,431,,,,,51,,,,18.3
Matt Breida,RB,SF,106,8.9,4.9,,,,,106,6.6,,,,,,,,,,,,,,1,16,,,,,,,,,,,,2,205,23,102,3,498,,,,,27,,,,12.8
Jaylen Samuels,RB,PIT,106,7.8,4.1,,,,,106,6.6,,,,,,,,,,,,,,1,16,,,,,,,,,,,,4,289,37,68,1,279,,,,,42,,,,18.1
Nyheim Hines,RB,IND,105,6.9,3.8,,,,,105,6.6,,,,,,,,,,,,,,1,16,,,,,,,,,,,,1,312,45,78,2,298,,,,,63,,,,19.5
Jamaal Williams,RB,GB,103,8.8,3.8,,,,,103,6.4,,,,,,,,,,,,,,2,16,,,,,,,,,,,,1,237,27,128,3,488,,,,,39,,,,14.8
Carlos Hyde,RB,KC,101,6.2,3.9,,,,,101,6.3,,,,,,,,,,,,,,2,16,,,,,,,,,,,,0,155,25,129,5,501,,,,,36,,,,9.7
Jalen Richard,RB,OAK,100,9.3,4.6,,,,,100,6.3,,,,,,,,,,,,,,4,16,,,,,,,,,,,,0,410,44,69,1,320,,,,,72,,,,25.6
Ito Smith,RB,ATL,98,5.8,3.6,,,,,98,6.1,,,,,,,,,,,,,,2,16,,,,,,,,,,,,0,104,18,145,6,522,,,,,21,,,,6.5
T.J. Yeldon,RB,BUF,96,9.0,4.4,,,,,96,6.0,,,,,,,,,,,,,,1,16,,,,,,,,,,,,2,261,29,78,2,340,,,,,45,,,,16.3
LeSean McCoy,RB,BUF,95,7.4,3.5,,,,,95,5.9,,,,,,,,,,,,,,2,16,,,,,,,,,,,,0,171,23,163,3,574,,,,,30,,,,10.7
Alexander Mattison,RB,MIN,94,8.7,4.1,,,,,94,5.9,,,,,,,,,,,,,,2,16,,,,,,,,,,,,1,157,18,121,4,496,,,,,16,,,,9.8
Ronald Jones,RB,TB,92,6.1,3.4,,,,,92,5.8,,,,,,,,,,,,,,1,16,,,,,,,,,,,,0,85,14,125,7,419,,,,,19,,,,5.3
Damien Harris,RB,NE,91,10.0,4.2,,,,,91,5.7,,,,,,,,,,,,,,2,16,,,,,,,,,,,,1,150,15,122,4,507,,,,,14,,,,9.4
C.J. Anderson,RB,LAR,90,6.8,3.9,,,,,90,5.6,,,,,,,,,,,,,,1,16,,,,,,,,,,,,1,130,19,130,3,503,,,,,28,,,,8.1
Darwin Thompson,RB,KC,90,11.3,4.7,,,,,90,5.6,,,,,,,,,,,,,,1,16,,,,,,,,,,,,2,271,24,59,3,277,,,,,24,,,,16.9
Royce Freeman,RB,DEN,87,5.4,4.0,,,,,87,5.4,,,,,,,,,,,,,,2,16,,,,,,,,,,,,0,43,8,150,5,606,,,,,12,,,,2.7
Justice Hill,RB,BAL,84,8.9,4.6,,,,,84,5.3,,,,,,,,,,,,,,2,16,,,,,,,,,,,,1,133,15,100,4,456,,,,,16,,,,8.3
Kalen Ballage,RB,MIA,84,7.1,5.0,,,,,84,5.3,,,,,,,,,,,,,,5,16,,,,,,,,,,,,0,99,14,119,4,592,,,,,24,,,,6.2
Adrian Peterson,RB,WAS,81,10.1,4.0,,,,,81,5.1,,,,,,,,,,,,,,1,16,,,,,,,,,,,,1,152,15,112,3,449,,,,,21,,,,9.5
Alfred Blue,RB,JAC,77,7.1,3.5,,,,,77,4.8,,,,,,,,,,,,,,1,16,,,,,,,,,,,,0,135,19,127,3,442,,,,,24,,,,8.4
Bilal Powell,RB,NYJ,77,8.8,4.0,,,,,77,4.8,,,,,,,,,,,,,,1,16,,,,,,,,,,,,1,140,16,118,2,475,,,,,24,,,,8.8
Mike Davis,RB,CHI,76,6.6,3.8,,,,,76,4.8,,,,,,,,,,,,,,1,16,,,,,,,,,,,,0,152,23,98,3,374,,,,,31,,,,9.5
Tony Pollard,RB,DAL,75,8.9,4.7,,,,,75,4.7,,,,,,,,,,,,,,2,16,,,,,,,,,,,,1,143,16,86,3,401,,,,,15,,,,8.9
Benny Snell,RB,PIT,74,9.2,4.0,,,,,74,4.6,,,,,,,,,,,,,,1,16,,,,,,,,,,,,1,184,20,73,3,288,,,,,19,,,,11.5
Duke Johnson,RB,CLE,73,9.3,4.9,,,,,73,4.6,,,,,,,,,,,,,,1,16,,,,,,,,,,,,1,232,25,64,1,311,,,,,46,,,,14.5
Ty Montgomery,RB,NYJ,68,8.1,3.4,,,,,68,4.3,,,,,,,,,,,,,,2,16,,,,,,,,,,,,0,178,22,88,3,303,,,,,47,,,,11.1
D'Onta Foreman,RB,HOU,68,16.2,3.2,,,,,68,4.3,,,,,,,,,,,,,,1,16,,,,,,,,,,,,1,97,6,135,3,438,,,,,8,,,,6.1
Gus Edwards,RB,BAL,66,0.0,4.4,,,,,66,4.1,,,,,,,,,,,,,,1,16,,,,,,,,,,,,0,4,0,131,3,581,,,,,0,,,,0.3
Frank Gore,RB,IND,65,9.6,4.2,,,,,65,4.1,,,,,,,,,,,,,,1,16,,,,,,,,,,,,1,106,11,100,2,417,,,,,17,,,,6.6
Wayne Gallman,RB,NYG,62,6.3,3.5,,,,,62,3.9,,,,,,,,,,,,,,2,16,,,,,,,,,,,,0,150,24,90,2,314,,,,,38,,,,9.4
Elijah McGuire,RB,NYJ,62,10.7,3.2,,,,,62,3.9,,,,,,,,,,,,,,1,16,,,,,,,,,,,,2,204,19,52,2,166,,,,,30,,,,12.8
Kyle Juszczyk,FB,SF,62,9.8,4.0,,,,,62,3.9,,,,,,,,,,,,,,2,16,,,,,,,,,,,,1,334,34,9,0,36,,,,,43,,,,20.9
Malcolm Brown,RB,LAR,59,7.7,4.5,,,,,59,3.7,,,,,,,,,,,,,,1,16,,,,,,,,,,,,1,54,7,93,2,419,,,,,12,,,,3.4
Devin Singletary,RB,BUF,59,9.3,4.4,,,,,59,3.7,,,,,,,,,,,,,,1,16,,,,,,,,,,,,1,148,16,62,2,272,,,,,18,,,,9.3
Giovani Bernard,RB,CIN,59,6.8,4.2,,,,,59,3.7,,,,,,,,,,,,,,1,16,,,,,,,,,,,,0,122,18,68,3,284,,,,,27,,,,7.6
Bryce Love,RB,WAS,56,9.5,4.2,,,,,56,3.5,,,,,,,,,,,,,,1,16,,,,,,,,,,,,1,114,12,73,2,304,,,,,13,,,,7.1
Theo Riddick,RB,DET,55,6.4,3.8,,,,,55,3.4,,,,,,,,,,,,,,1,16,,,,,,,,,,,,0,193,30,45,1,169,,,,,50,,,,12.1
J.D. McKissic,RB,SEA,53,7.0,3.9,,,,,53,3.3,,,,,,,,,,,,,,1,16,,,,,,,,,,,,2,126,18,55,1,213,,,,,54,,,,7.9
Rodney Anderson,RB,CIN,52,8.8,4.6,,,,,52,3.3,,,,,,,,,,,,,,1,16,,,,,,,,,,,,1,123,14,55,2,252,,,,,16,,,,7.7
Corey Clement,RB,PHI,51,10.0,4.1,,,,,51,3.2,,,,,,,,,,,,,,1,16,,,,,,,,,,,,0,120,12,65,3,266,,,,,15,,,,7.5
Cameron Artis-Payne,RB,CAR,51,3.8,4.8,,,,,51,3.2,,,,,,,,,,,,,,1,16,,,,,,,,,,,,0,15,4,84,3,399,,,,,6,,,,0.9
Darrel Williams,RB,KC,50,10.5,4.0,,,,,50,3.1,,,,,,,,,,,,,,1,16,,,,,,,,,,,,2,136,13,41,2,162,,,,,15,,,,8.5
Rex Burkhead,RB,NE,49,9.2,3.6,,,,,49,3.1,,,,,,,,,,,,,,1,16,,,,,,,,,,,,1,156,17,46,2,164,,,,,22,,,,9.8
Devontae Booker,RB,DEN,48,7.8,4.9,,,,,48,3.0,,,,,,,,,,,,,,2,16,,,,,,,,,,,,0,124,16,66,1,321,,,,,33,,,,7.8
Spencer Ware,RB,IND,45,9.4,4.2,,,,,45,2.8,,,,,,,,,,,,,,1,16,,,,,,,,,,,,0,113,12,63,2,266,,,,,16,,,,7.1
Brandon Bolden,RB,NE,45,0.0,7.8,,,,,45,2.8,,,,,,,,,,,,,,1,16,,,,,,,,,,,,0,1,0,23,6,180,,,,,1,,,,0.1
Anthony Sherman,RB,KC,39,11.9,3.1,,,,,39,2.4,,,,,,,,,,,,,,0,16,,,,,,,,,,,,2,179,15,7,0,22,,,,,18,,,,11.2
Doug Martin,RB,OAK,34,7.0,4.0,,,,,34,2.1,,,,,,,,,,,,,,1,16,,,,,,,,,,,,0,35,5,67,2,266,,,,,7,,,,2.2
Chase Edmonds,RB,ARI,33,5.1,3.5,,,,,33,2.1,,,,,,,,,,,,,,1,16,,,,,,,,,,,,0,51,10,54,2,191,,,,,13,,,,3.2
Dontrell Hilliard,RB,CLE,27,12.1,4.6,,,,,27,1.7,,,,,,,,,,,,,,0,16,,,,,,,,,,,,0,181,15,5,0,23,,,,,34,,,,11.3
James Develin,FB,NE,26,6.0,1.6,,,,,26,1.6,,,,,,,,,,,,,,0,16,,,,,,,,,,,,0,66,11,7,2,11,,,,,17,,,,4.1
Justin Jackson,RB,LAC,26,9.9,4.1,,,,,26,1.6,,,,,,,,,,,,,,1,16,,,,,,,,,,,,0,69,7,50,1,205,,,,,10,,,,4.3
Nick Bawden,RB,DET,23,6.4,3.7,,,,,23,1.4,,,,,,,,,,,,,,0,16,,,,,,,,,,,,0,77,12,14,1,52,,,,,17,,,,4.8
Corey Grant,RB,JAC,23,8.6,4.8,,,,,23,1.4,,,,,,,,,,,,,,0,16,,,,,,,,,,,,0,69,8,29,1,140,,,,,19,,,,4.3
T.J. Logan,RB,ARI,22,6.1,3.3,,,,,22,1.4,,,,,,,,,,,,,,1,16,,,,,,,,,,,,0,73,12,21,1,69,,,,,22,,,,4.6
Zach Zenner,RB,DET,21,8.0,4.9,,,,,21,1.3,,,,,,,,,,,,,,0,16,,,,,,,,,,,,0,16,2,27,2,132,,,,,5,,,,1.0
Kenneth Dixon,RB,BAL,21,9.0,4.8,,,,,21,1.3,,,,,,,,,,,,,,0,16,,,,,,,,,,,,0,27,3,39,1,188,,,,,6,,,,1.7
Zach Line,FB,NO,21,3.0,3.7,,,,,21,1.3,,,,,,,,,,,,,,0,16,,,,,,,,,,,,2,18,6,14,0,52,,,,,12,,,,1.1
Ameer Abdullah,RB,MIN,20,6.3,3.5,,,,,20,1.3,,,,,,,,,,,,,,0,16,,,,,,,,,,,,0,19,3,27,2,94,,,,,8,,,,1.2
Davante Adams,WR,GB,316,12.6,0.0,,,,,316,19.8,,,,,,,,,,,,,,1,16,,,,,,,,,,,,13,1388,110,0,0,0,,,,,167,,,,86.8
DeAndre Hopkins,WR,HOU,316,13.8,-4.0,,,,,316,19.8,,,,,,,,,,,,,,2,16,,,,,,,,,,,,9,1592,115,1,0,-4,,,,,169,,,,99.5
Julio Jones,WR,ATL,306,15.1,7.5,,,,,306,19.1,,,,,,,,,,,,,,2,16,,,,,,,,,,,,6,1696,112,2,0,15,,,,,166,,,,106.0
Michael Thomas,WR,NO,301,11.1,0.0,,,,,301,18.8,,,,,,,,,,,,,,1,16,,,,,,,,,,,,8,1384,125,0,0,0,,,,,152,,,,86.5
Odell Beckham,WR,CLE,296,14.6,4.1,,,,,296,18.5,,,,,,,,,,,,,,1,16,,,,,,,,,,,,10,1455,100,7,0,29,,,,,162,,,,90.9
JuJu Smith-Schuster,WR,PIT,294,13.4,10.0,,,,,294,18.4,,,,,,,,,,,,,,1,16,,,,,,,,,,,,8,1458,109,1,0,10,,,,,154,,,,91.1
Mike Evans,WR,TB,287,15.3,0.0,,,,,287,17.9,,,,,,,,,,,,,,1,16,,,,,,,,,,,,7,1544,101,0,0,0,,,,,158,,,,96.5
Antonio Brown,WR,OAK,281,12.6,0.0,,,,,281,17.6,,,,,,,,,,,,,,1,16,,,,,,,,,,,,10,1282,102,0,0,0,,,,,156,,,,80.1
Adam Thielen,WR,MIN,279,12.8,6.0,,,,,279,17.4,,,,,,,,,,,,,,1,16,,,,,,,,,,,,7,1382,108,4,0,24,,,,,150,,,,86.4
Keenan Allen,WR,LAC,261,13.4,8.0,,,,,261,16.3,,,,,,,,,,,,,,1,16,,,,,,,,,,,,6,1329,99,7,0,56,,,,,143,,,,83.1
Stefon Diggs,WR,MIN,249,10.9,5.2,,,,,249,15.6,,,,,,,,,,,,,,1,16,,,,,,,,,,,,8,1093,100,10,0,52,,,,,143,,,,68.3
T.Y. Hilton,WR,IND,249,16.9,0.0,,,,,249,15.6,,,,,,,,,,,,,,1,16,,,,,,,,,,,,6,1400,83,0,0,0,,,,,137,,,,87.5
Robert Woods,WR,LAR,244,13.3,7.3,,,,,244,15.3,,,,,,,,,,,,,,1,16,,,,,,,,,,,,6,1179,89,16,1,117,,,,,135,,,,73.7
Julian Edelman,WR,NE,239,12.7,10.2,,,,,239,14.9,,,,,,,,,,,,,,1,16,,,,,,,,,,,,7,1130,89,11,0,112,,,,,127,,,,70.6
Brandin Cooks,WR,LAR,233,15.2,5.9,,,,,233,14.6,,,,,,,,,,,,,,1,16,,,,,,,,,,,,5,1233,81,10,1,59,,,,,121,,,,77.1
A.J. Green,WR,CIN,229,14.1,0.0,,,,,229,14.3,,,,,,,,,,,,,,2,16,,,,,,,,,,,,9,1100,78,0,0,0,,,,,146,,,,68.8
Amari Cooper,WR,DAL,227,13.7,9.5,,,,,227,14.2,,,,,,,,,,,,,,2,16,,,,,,,,,,,,9,1069,78,2,0,19,,,,,120,,,,66.8
Kenny Golladay,WR,DET,225,14.9,8.0,,,,,225,14.1,,,,,,,,,,,,,,1,16,,,,,,,,,,,,6,1195,80,1,0,8,,,,,132,,,,74.7
Cooper Kupp,WR,LAR,223,12.8,6.0,,,,,223,13.9,,,,,,,,,,,,,,1,16,,,,,,,,,,,,9,999,78,5,0,30,,,,,115,,,,62.4
Chris Godwin,WR,TB,213,13.1,0.0,,,,,213,13.3,,,,,,,,,,,,,,1,16,,,,,,,,,,,,6,1064,81,0,0,0,,,,,121,,,,66.5
Alshon Jeffery,WR,PHI,203,13.1,0.0,,,,,203,12.7,,,,,,,,,,,,,,1,16,,,,,,,,,,,,7,969,74,0,0,0,,,,,115,,,,60.6
Calvin Ridley,WR,ATL,200,12.4,4.5,,,,,200,12.5,,,,,,,,,,,,,,1,16,,,,,,,,,,,,9,856,69,6,0,27,,,,,97,,,,53.5
Jarvis Landry,WR,CLE,199,11.4,21.0,,,,,199,12.4,,,,,,,,,,,,,,1,16,,,,,,,,,,,,4,948,83,2,1,42,,,,,130,,,,59.3
Marvin Jones,WR,DET,186,14.3,0.0,,,,,186,11.6,,,,,,,,,,,,,,1,16,,,,,,,,,,,,8,870,61,0,0,0,,,,,105,,,,54.4
Christian Kirk,WR,ARI,181,13.9,12.7,,,,,181,11.3,,,,,,,,,,,,,,1,16,,,,,,,,,,,,5,929,67,3,0,38,,,,,100,,,,58.1
Tyler Boyd,WR,CIN,181,12.8,1.5,,,,,181,11.3,,,,,,,,,,,,,,1,16,,,,,,,,,,,,6,869,68,2,0,3,,,,,100,,,,54.3
Sammy Watkins,WR,KC,178,14.2,9.0,,,,,178,11.1,,,,,,,,,,,,,,1,16,,,,,,,,,,,,5,924,65,4,0,36,,,,,98,,,,57.8
Will Fuller,WR,HOU,177,14.2,5.0,,,,,177,11.1,,,,,,,,,,,,,,1,16,,,,,,,,,,,,6,881,62,1,0,5,,,,,86,,,,55.1
Golden Tate,WR,NYG,176,10.6,8.3,,,,,176,11.0,,,,,,,,,,,,,,1,16,,,,,,,,,,,,4,826,78,4,0,33,,,,,116,,,,51.6
Dante Pettis,WR,SF,174,16.0,-1.5,,,,,174,10.9,,,,,,,,,,,,,,1,16,,,,,,,,,,,,7,878,55,2,0,-3,,,,,89,,,,54.9
Tyler Lockett,WR,SEA,174,15.6,5.6,,,,,174,10.9,,,,,,,,,,,,,,1,16,,,,,,,,,,,,6,887,57,10,0,56,,,,,73,,,,55.4
Mike Williams,WR,LAC,173,15.4,4.4,,,,,173,10.8,,,,,,,,,,,,,,1,16,,,,,,,,,,,,9,741,48,5,1,22,,,,,78,,,,46.3
Sterling Shepard,WR,NYG,172,13.0,7.0,,,,,172,10.8,,,,,,,,,,,,,,1,16,,,,,,,,,,,,4,881,68,4,0,28,,,,,103,,,,55.1
Robby Anderson,WR,NYJ,171,14.9,-1.0,,,,,171,10.7,,,,,,,,,,,,,,2,16,,,,,,,,,,,,8,806,54,2,0,-2,,,,,96,,,,50.4
Mohamed Sanu,WR,ATL,170,12.5,5.7,,,,,170,10.6,,,,,,,,,,,,,,1,16,,,,,,,,,,,,4,861,69,6,0,34,,,,,96,,,,53.8
Larry Fitzgerald,WR,ARI,169,10.7,0.0,,,,,169,10.6,,,,,,,,,,,,,,1,16,,,,,,,,,,,,6,737,69,0,0,0,,,,,104,,,,46.1
Dede Westbrook,WR,JAC,169,11.8,12.0,,,,,169,10.6,,,,,,,,,,,,,,2,16,,,,,,,,,,,,6,765,65,7,0,84,,,,,94,,,,47.8
D.J. Moore,WR,CAR,168,15.3,13.5,,,,,168,10.5,,,,,,,,,,,,,,4,16,,,,,,,,,,,,4,901,59,13,0,176,,,,,84,,,,56.3
Marqise Lee,WR,JAC,164,11.9,8.5,,,,,164,10.3,,,,,,,,,,,,,,1,16,,,,,,,,,,,,3,842,71,2,0,17,,,,,110,,,,52.6
Keke Coutee,WR,HOU,164,11.1,0.2,,,,,164,10.3,,,,,,,,,,,,,,1,16,,,,,,,,,,,,4,790,71,6,0,1,,,,,99,,,,49.4
Tyreek Hill,WR,KC,162,17.2,7.2,,,,,162,16.2,,,,,,,,,,,,,,1,10,,,,,,,,,,,,5,861,50,10,1,72,,,,,82,,,,86.1
Allen Robinson,WR,CHI,160,14.7,9.0,,,,,160,10.0,,,,,,,,,,,,,,1,16,,,,,,,,,,,,4,865,59,1,0,9,,,,,102,,,,54.1
DaeSean Hamilton,WR,DEN,157,9.9,0.0,,,,,157,9.8,,,,,,,,,,,,,,1,16,,,,,,,,,,,,6,655,66,0,0,0,,,,,102,,,,40.9
Emmanuel Sanders,WR,DEN,157,11.4,11.8,,,,,157,9.8,,,,,,,,,,,,,,1,16,,,,,,,,,,,,3,755,66,4,1,47,,,,,96,,,,47.2
Tyrell Williams,WR,OAK,155,14.1,10.0,,,,,155,9.7,,,,,,,,,,,,,,1,16,,,,,,,,,,,,4,817,58,1,0,10,,,,,84,,,,51.1
Antonio Callaway,WR,CLE,153,13.6,3.0,,,,,153,9.6,,,,,,,,,,,,,,2,16,,,,,,,,,,,,6,747,55,2,0,6,,,,,96,,,,46.7
James Washington,WR,PIT,152,14.3,0.0,,,,,152,9.5,,,,,,,,,,,,,,1,16,,,,,,,,,,,,4,813,57,0,0,0,,,,,131,,,,50.8
Donte Moncrief,WR,PIT,151,14.3,0.0,,,,,151,9.4,,,,,,,,,,,,,,1,16,,,,,,,,,,,,5,771,54,0,0,0,,,,,90,,,,48.2
Corey Davis,WR,TEN,151,13.1,8.6,,,,,151,9.4,,,,,,,,,,,,,,1,16,,,,,,,,,,,,4,770,59,5,0,43,,,,,103,,,,48.1
DeSean Jackson,WR,PHI,148,14.9,6.5,,,,,148,9.3,,,,,,,,,,,,,,1,16,,,,,,,,,,,,4,759,51,6,1,39,,,,,89,,,,47.4
Courtland Sutton,WR,DEN,147,17.1,0.0,,,,,147,9.2,,,,,,,,,,,,,,0,16,,,,,,,,,,,,5,785,46,1,0,0,,,,,93,,,,49.1
Danny Amendola,WR,DET,145,8.9,0.0,,,,,145,9.1,,,,,,,,,,,,,,1,16,,,,,,,,,,,,3,641,72,1,0,0,,,,,93,,,,40.1
Geronimo Allison,WR,GB,145,15.1,0.0,,,,,145,9.1,,,,,,,,,,,,,,1,16,,,,,,,,,,,,4,787,52,0,0,0,,,,,79,,,,49.2
Albert Wilson,WR,MIA,144,13.0,1.8,,,,,144,9.0,,,,,,,,,,,,,,1,16,,,,,,,,,,,,5,688,53,12,0,22,,,,,80,,,,43.0
Marquez Valdes-Scantling,WR,GB,142,15.5,15.0,,,,,142,8.9,,,,,,,,,,,,,,1,16,,,,,,,,,,,,3,806,52,2,0,30,,,,,96,,,,50.4
N'Keal Harry,WR,NE,142,14.0,5.5,,,,,142,8.9,,,,,,,,,,,,,,2,16,,,,,,,,,,,,4,754,54,2,0,11,,,,,78,,,,47.1
Zay Jones,WR,BUF,141,11.8,0.0,,,,,141,8.8,,,,,,,,,,,,,,0,16,,,,,,,,,,,,7,578,49,1,0,0,,,,,95,,,,36.1
Parris Campbell,WR,IND,141,14.4,5.5,,,,,141,8.8,,,,,,,,,,,,,,2,16,,,,,,,,,,,,5,722,50,2,0,11,,,,,73,,,,45.1
Devin Funchess,WR,IND,139,12.8,0.0,,,,,139,8.7,,,,,,,,,,,,,,1,16,,,,,,,,,,,,5,667,52,0,0,0,,,,,89,,,,41.7
Rashard Higgins,WR,CLE,138,13.7,0.0,,,,,138,8.6,,,,,,,,,,,,,,1,16,,,,,,,,,,,,5,685,50,0,0,1,,,,,66,,,,42.8
Jamison Crowder,WR,NYJ,136,12.8,6.8,,,,,136,8.5,,,,,,,,,,,,,,1,16,,,,,,,,,,,,4,679,53,6,0,41,,,,,89,,,,42.4
Deebo Samuel,WR,SF,134,14.7,6.0,,,,,134,8.4,,,,,,,,,,,,,,2,16,,,,,,,,,,,,4,722,49,2,0,12,,,,,73,,,,45.1
Kenny Stills,WR,MIA,133,15.0,0.0,,,,,133,8.3,,,,,,,,,,,,,,1,16,,,,,,,,,,,,5,677,45,0,0,0,,,,,82,,,,42.3
Nelson Agholor,WR,PHI,133,11.6,11.0,,,,,133,8.3,,,,,,,,,,,,,,1,16,,,,,,,,,,,,4,638,55,3,0,33,,,,,83,,,,39.9
Marquise Goodwin,WR,SF,131,16.3,5.2,,,,,131,8.2,,,,,,,,,,,,,,0,16,,,,,,,,,,,,5,668,41,5,0,26,,,,,72,,,,41.8
DeVante Parker,WR,MIA,130,14.9,0.0,,,,,130,8.1,,,,,,,,,,,,,,0,16,,,,,,,,,,,,4,683,46,0,0,0,,,,,87,,,,42.7
John Brown,WR,BUF,130,16.2,2.0,,,,,130,8.1,,,,,,,,,,,,,,0,16,,,,,,,,,,,,5,664,41,2,0,4,,,,,99,,,,41.5
Curtis Samuel,WR,CAR,128,11.7,11.6,,,,,128,8.0,,,,,,,,,,,,,,1,16,,,,,,,,,,,,4,468,40,15,3,174,,,,,63,,,,29.3
Anthony Miller,WR,CHI,127,14.2,4.0,,,,,127,7.9,,,,,,,,,,,,,,0,16,,,,,,,,,,,,8,497,35,6,0,24,,,,,60,,,,31.1
Paul Richardson,WR,WAS,126,14.2,5.0,,,,,126,7.9,,,,,,,,,,,,,,0,16,,,,,,,,,,,,4,641,45,2,0,10,,,,,82,,,,40.1
D.K. Metcalf,WR,SEA,126,17.1,6.0,,,,,126,7.9,,,,,,,,,,,,,,1,16,,,,,,,,,,,,6,631,37,2,0,12,,,,,53,,,,39.4
Quincy Enunwa,WR,NYJ,124,12.0,0.0,,,,,124,7.8,,,,,,,,,,,,,,1,16,,,,,,,,,,,,3,637,53,1,0,0,,,,,91,,,,39.8
Josh Doctson,WR,WAS,123,12.7,0.0,,,,,123,7.7,,,,,,,,,,,,,,0,16,,,,,,,,,,,,3,634,50,0,0,-2,,,,,94,,,,39.6
David Moore,WR,SEA,123,15.9,5.0,,,,,123,7.7,,,,,,,,,,,,,,0,16,,,,,,,,,,,,6,588,37,1,0,5,,,,,75,,,,36.8
Mecole Hardman,WR,KC,121,16.5,4.5,,,,,121,7.6,,,,,,,,,,,,,,1,16,,,,,,,,,,,,5,626,38,2,0,9,,,,,58,,,,39.1
Marquise Brown,WR,BAL,121,16.4,6.8,,,,,121,7.6,,,,,,,,,,,,,,2,16,,,,,,,,,,,,5,622,38,16,0,109,,,,,62,,,,38.9
Robert Foster,WR,BUF,119,17.0,0.0,,,,,119,7.4,,,,,,,,,,,,,,0,16,,,,,,,,,,,,4,644,38,0,0,0,,,,,60,,,,40.3
Michael Gallup,WR,DAL,117,15.4,0.0,,,,,117,7.3,,,,,,,,,,,,,,0,16,,,,,,,,,,,,3,647,42,0,0,0,,,,,83,,,,40.4
Taylor Gabriel,WR,CHI,114,10.6,7.5,,,,,114,7.1,,,,,,,,,,,,,,1,16,,,,,,,,,,,,3,530,50,8,0,60,,,,,75,,,,33.1
Ted Ginn,WR,NO,113,13.0,6.0,,,,,113,7.1,,,,,,,,,,,,,,1,16,,,,,,,,,,,,4,544,42,10,0,60,,,,,66,,,,34.0
Demarcus Robinson,WR,KC,113,13.4,0.0,,,,,113,7.1,,,,,,,,,,,,,,0,16,,,,,,,,,,,,5,524,39,0,0,0,,,,,62,,,,32.8
Tre'Quan Smith,WR,NO,111,13.9,6.0,,,,,111,6.9,,,,,,,,,,,,,,0,16,,,,,,,,,,,,5,513,37,1,0,6,,,,,56,,,,32.1
Demaryius Thomas,WR,NE,111,12.2,0.0,,,,,111,6.9,,,,,,,,,,,,,,0,16,,,,,,,,,,,,4,525,43,0,0,0,,,,,66,,,,32.8
Willie Snead,WR,BAL,110,10.3,10.0,,,,,110,6.9,,,,,,,,,,,,,,1,16,,,,,,,,,,,,3,513,50,1,0,10,,,,,82,,,,32.1
Breshad Perriman,WR,TB,106,19.9,0.5,,,,,106,6.6,,,,,,,,,,,,,,0,16,,,,,,,,,,,,2,677,34,4,0,2,,,,,62,,,,42.3
Randall Cobb,WR,DAL,102,10.7,2.0,,,,,102,6.4,,,,,,,,,,,,,,1,16,,,,,,,,,,,,3,480,45,4,0,8,,,,,62,,,,30.0
Adam Humphries,WR,TEN,98,9.0,6.5,,,,,98,6.1,,,,,,,,,,,,,,1,16,,,,,,,,,,,,2,460,51,2,0,13,,,,,67,,,,28.8
Phillip Dorsett,WR,NE,97,11.2,6.5,,,,,97,6.1,,,,,,,,,,,,,,0,16,,,,,,,,,,,,4,424,38,4,0,26,,,,,50,,,,26.5
Cody Latimer,WR,NYG,97,16.2,0.0,,,,,97,6.1,,,,,,,,,,,,,,0,16,,,,,,,,,,,,3,533,33,0,0,0,,,,,47,,,,33.3
Kendrick Bourne,WR,SF,92,11.4,0.0,,,,,92,5.8,,,,,,,,,,,,,,0,16,,,,,,,,,,,,3,433,38,0,0,0,,,,,60,,,,27.1
D.J. Chark,WR,JAC,89,12.7,0.0,,,,,89,5.6,,,,,,,,,,,,,,3,16,,,,,,,,,,,,2,508,40,0,0,0,,,,,81,,,,31.8
Cole Beasley,WR,BUF,87,10.3,0.0,,,,,87,5.4,,,,,,,,,,,,,,0,16,,,,,,,,,,,,2,424,41,0,0,0,,,,,65,,,,26.5
Ryan Grant,WR,OAK,86,10.5,0.0,,,,,86,5.4,,,,,,,,,,,,,,0,16,,,,,,,,,,,,2,418,40,0,0,0,,,,,54,,,,26.1
Aldrick Robinson,WR,CAR,84,14.2,0.0,,,,,84,5.3,,,,,,,,,,,,,,0,16,,,,,,,,,,,,6,326,23,0,0,0,,,,,49,,,,20.4
Josh Reynolds,WR,LAR,83,13.4,7.5,,,,,83,5.2,,,,,,,,,,,,,,0,16,,,,,,,,,,,,4,375,28,4,0,30,,,,,52,,,,23.4
Dontrelle Inman,WR,NE,83,12.9,0.0,,,,,83,5.2,,,,,,,,,,,,,,0,16,,,,,,,,,,,,3,412,32,0,0,0,,,,,43,,,,25.8
Chris Hogan,WR,CAR,79,12.3,6.0,,,,,79,4.9,,,,,,,,,,,,,,0,16,,,,,,,,,,,,3,382,31,1,0,6,,,,,49,,,,23.9
Equanimeous St. Brown,WR,GB,79,15.2,7.0,,,,,79,4.9,,,,,,,,,,,,,,0,16,,,,,,,,,,,,2,457,30,1,0,7,,,,,51,,,,28.6
Jordan Matthews,WR,SF,77,15.9,0.0,,,,,77,4.8,,,,,,,,,,,,,,0,16,,,,,,,,,,,,3,414,26,0,0,0,,,,,39,,,,25.9
Chris Moore,WR,BAL,76,11.0,2.5,,,,,76,4.8,,,,,,,,,,,,,,1,16,,,,,,,,,,,,3,353,32,4,0,10,,,,,49,,,,22.1
Travis Kelce,TE,KC,268,13.5,,,,,,268,16.8,,,,,,,,,,,,,,1,16,,,,,,,,,,,,9,1280,95,,,,,,,,142,,,,80.0
Zach Ertz,TE,PHI,244,10.4,,,,,,244,15.3,,,,,,,,,,,,,,1,16,,,,,,,,,,,,7,1077,104,,,,,,,,142,,,,67.3
George Kittle,TE,SF,198,14.5,,,,,,198,12.4,,,,,,,,,,,,,,1,16,,,,,,,,,,,,4,1088,75,,,,,,,,109,,,,68.0
Eric Ebron,TE,IND,192,11.0,,,,,,192,12.0,,,,,,,,,,,,,,1,16,,,,,,,,,,,,10,717,65,,,,,,,,105,,,,44.8
O.J. Howard,TE,TB,188,14.8,,,,,,188,11.8,,,,,,,,,,,,,,1,16,,,,,,,,,,,,7,930,63,,,,,,,,85,,,,58.1
Jared Cook,TE,NO,188,12.2,,,,,,188,11.8,,,,,,,,,,,,,,1,16,,,,,,,,,,,,7,851,70,,,,,,,,96,,,,53.2
Evan Engram,TE,NYG,172,12.5,,,,,,172,10.8,,,,,,,,,,,,,,1,16,,,,,,,,,,,,5,839,67,,,,,,,,100,,,,52.4
Hunter Henry,TE,LAC,150,12.9,,,,,,150,9.4,,,,,,,,,,,,,,1,16,,,,,,,,,,,,5,735,57,,,,,,,,75,,,,45.9
David Njoku,TE,CLE,150,11.5,,,,,,150,9.4,,,,,,,,,,,,,,1,16,,,,,,,,,,,,5,689,60,,,,,,,,88,,,,43.1
Austin Hooper,TE,ATL,146,9.6,,,,,,146,9.1,,,,,,,,,,,,,,1,16,,,,,,,,,,,,4,642,67,,,,,,,,81,,,,40.1
Jordan Reed,TE,WAS,137,10.2,,,,,,137,8.6,,,,,,,,,,,,,,1,16,,,,,,,,,,,,3,655,64,,,,,,,,99,,,,40.9
T.J. Hockenson,TE,DET,136,10.4,,,,,,136,8.5,,,,,,,,,,,,,,2,16,,,,,,,,,,,,5,601,58,,,,,,,,75,,,,37.6
Jimmy Graham,TE,GB,132,10.9,,,,,,132,8.3,,,,,,,,,,,,,,1,16,,,,,,,,,,,,4,622,57,,,,,,,,92,,,,38.9
Delanie Walker,TE,TEN,129,11.3,,,,,,129,8.1,,,,,,,,,,,,,,1,16,,,,,,,,,,,,3,608,54,,,,,,,,75,,,,38.0
Vance McDonald,TE,PIT,128,11.8,,,,,,128,8.0,,,,,,,,,,,,,,1,16,,,,,,,,,,,,3,649,55,,,,,,,,80,,,,40.6
Kyle Rudolph,TE,MIN,127,10.1,,,,,,127,7.9,,,,,,,,,,,,,,1,16,,,,,,,,,,,,4,563,56,,,,,,,,73,,,,35.2
Chris Herndon,TE,NYJ,123,13.2,,,,,,123,7.7,,,,,,,,,,,,,,0,16,,,,,,,,,,,,6,541,41,,,,,,,,54,,,,33.8
Jack Doyle,TE,IND,121,9.2,,,,,,121,7.6,,,,,,,,,,,,,,2,16,,,,,,,,,,,,3,552,60,,,,,,,,79,,,,34.5
Noah Fant,TE,DEN,117,11.4,,,,,,117,7.3,,,,,,,,,,,,,,1,16,,,,,,,,,,,,4,547,48,,,,,,,,68,,,,34.2
Trey Burton,TE,CHI,117,11.1,,,,,,117,7.3,,,,,,,,,,,,,,1,16,,,,,,,,,,,,5,509,46,,,,,,,,68,,,,31.8
Cameron Brate,TE,TB,112,9.7,,,,,,112,7.0,,,,,,,,,,,,,,1,16,,,,,,,,,,,,6,425,44,,,,,,,,66,,,,26.6
Mark Andrews,TE,BAL,112,15.2,,,,,,112,7.0,,,,,,,,,,,,,,0,16,,,,,,,,,,,,4,579,38,,,,,,,,60,,,,36.2
Dallas Goedert,TE,PHI,106,10.1,,,,,,106,6.6,,,,,,,,,,,,,,0,16,,,,,,,,,,,,6,395,39,,,,,,,,51,,,,24.7
Greg Olsen,TE,CAR,97,10.3,,,,,,97,6.1,,,,,,,,,,,,,,0,16,,,,,,,,,,,,4,413,40,,,,,,,,59,,,,25.8
Geoff Swaim,TE,JAC,96,9.7,,,,,,96,6.0,,,,,,,,,,,,,,0,16,,,,,,,,,,,,2,455,47,,,,,,,,54,,,,28.4
Jace Sternberger,TE,GB,96,10.5,,,,,,96,6.0,,,,,,,,,,,,,,1,16,,,,,,,,,,,,3,453,43,,,,,,,,59,,,,28.3
Ian Thomas,TE,CAR,95,9.2,,,,,,95,5.9,,,,,,,,,,,,,,0,16,,,,,,,,,,,,3,403,44,,,,,,,,55,,,,25.2
Charles Clay,TE,ARI,90,9.2,,,,,,90,5.6,,,,,,,,,,,,,,1,16,,,,,,,,,,,,2,424,46,,,,,,,,67,,,,26.5
Jason Witten,TE,DAL,89,9.2,,,,,,89,5.6,,,,,,,,,,,,,,1,16,,,,,,,,,,,,3,385,42,,,,,,,,53,,,,24.1
Will Dissly,TE,SEA,82,14.5,,,,,,82,5.1,,,,,,,,,,,,,,0,16,,,,,,,,,,,,4,391,27,,,,,,,,39,,,,24.4
Ricky Seals-Jones,TE,ARI,82,10.9,,,,,,82,5.1,,,,,,,,,,,,,,0,16,,,,,,,,,,,,2,403,37,,,,,,,,73,,,,25.2
Tyler Eifert,TE,CIN,79,10.8,,,,,,79,4.9,,,,,,,,,,,,,,0,16,,,,,,,,,,,,2,387,36,,,,,,,,51,,,,24.2
Darren Waller,TE,OAK,78,11.1,,,,,,78,4.9,,,,,,,,,,,,,,1,16,,,,,,,,,,,,2,376,34,,,,,,,,39,,,,23.5
Benjamin Watson,TE,NE,77,12.3,,,,,,77,6.4,,,,,,,,,,,,,,0,12,,,,,,,,,,,,2,406,33,,,,,,,,46,,,,33.8
Vernon Davis,TE,WAS,77,15.2,,,,,,77,4.8,,,,,,,,,,,,,,0,16,,,,,,,,,,,,2,440,29,,,,,,,,45,,,,27.5
Matt LaCosse,TE,NE,75,11.4,,,,,,75,4.7,,,,,,,,,,,,,,0,16,,,,,,,,,,,,2,377,33,,,,,,,,48,,,,23.6
Mike Gesicki,TE,MIA,71,10.1,,,,,,71,4.4,,,,,,,,,,,,,,2,16,,,,,,,,,,,,2,352,35,,,,,,,,54,,,,22.0
Jordan Thomas,TE,HOU,70,10.8,,,,,,70,4.4,,,,,,,,,,,,,,0,16,,,,,,,,,,,,3,313,29,,,,,,,,40,,,,19.6
Josh Oliver,TE,JAC,70,10.3,,,,,,70,4.4,,,,,,,,,,,,,,1,16,,,,,,,,,,,,2,339,33,,,,,,,,44,,,,21.2
Hayden Hurst,TE,BAL,69,12.4,,,,,,69,4.3,,,,,,,,,,,,,,0,16,,,,,,,,,,,,3,322,26,,,,,,,,48,,,,20.1
Rhett Ellison,TE,NYG,67,10.9,,,,,,67,4.2,,,,,,,,,,,,,,0,16,,,,,,,,,,,,2,326,30,,,,,,,,40,,,,20.4
C.J. Uzomah,TE,CIN,67,9.9,,,,,,67,4.2,,,,,,,,,,,,,,0,16,,,,,,,,,,,,2,317,32,,,,,,,,51,,,,19.8
Mo Alie-Cox,TE,IND,66,16.4,,,,,,66,4.1,,,,,,,,,,,,,,0,16,,,,,,,,,,,,3,344,21,,,,,,,,43,,,,21.5
Gerald Everett,TE,LAR,65,11.1,,,,,,65,4.1,,,,,,,,,,,,,,0,16,,,,,,,,,,,,3,288,26,,,,,,,,45,,,,18.0
Ed Dickson,TE,SEA,64,11.9,,,,,,64,4.0,,,,,,,,,,,,,,0,16,,,,,,,,,,,,3,298,25,,,,,,,,31,,,,18.6
Jeff Heuerman,TE,DEN,62,9.3,,,,,,62,3.9,,,,,,,,,,,,,,0,16,,,,,,,,,,,,2,279,30,,,,,,,,49,,,,17.4
Tyler Higbee,TE,LAR,59,11.6,,,,,,59,3.7,,,,,,,,,,,,,,0,16,,,,,,,,,,,,2,302,26,,,,,,,,40,,,,18.9
Kahale Warring,TE,HOU,52,10.9,,,,,,52,3.3,,,,,,,,,,,,,,1,16,,,,,,,,,,,,2,262,24,,,,,,,,32,,,,16.4
Nick Vannett,TE,SEA,52,8.4,,,,,,52,3.3,,,,,,,,,,,,,,0,16,,,,,,,,,,,,2,219,26,,,,,,,,37,,,,13.7
Erik Swoope,TE,OAK,50,11.8,,,,,,50,3.1,,,,,,,,,,,,,,0,16,,,,,,,,,,,,2,248,21,,,,,,,,25,,,,15.5
Irv Smith,TE,MIN,50,9.4,,,,,,50,3.1,,,,,,,,,,,,,,1,16,,,,,,,,,,,,2,236,25,,,,,,,,31,,,,14.8
Jesse James,TE,DET,49,10.7,,,,,,49,3.1,,,,,,,,,,,,,,0,16,,,,,,,,,,,,1,268,25,,,,,,,,33,,,,16.8
James O'Shaughnessy,TE,JAC,48,9.6,,,,,,48,3.0,,,,,,,,,,,,,,0,16,,,,,,,,,,,,1,240,25,,,,,,,,36,,,,15.0
Jordan Akins,TE,HOU,48,12.7,,,,,,48,3.0,,,,,,,,,,,,,,0,16,,,,,,,,,,,,1,279,22,,,,,,,,32,,,,17.4
MyCole Pruitt,TE,TEN,45,11.0,,,,,,45,2.8,,,,,,,,,,,,,,0,16,,,,,,,,,,,,2,208,19,,,,,,,,24,,,,13.0
Tyler Kroft,TE,BUF,45,9.1,,,,,,45,2.8,,,,,,,,,,,,,,0,16,,,,,,,,,,,,2,192,21,,,,,,,,34,,,,12.0
Blake Jarwin,TE,DAL,44,10.4,,,,,,44,2.8,,,,,,,,,,,,,,0,16,,,,,,,,,,,,2,207,20,,,,,,,,25,,,,12.9
Drew Sample,TE,CIN,43,9.4,,,,,,43,2.7,,,,,,,,,,,,,,1,16,,,,,,,,,,,,2,198,21,,,,,,,,31,,,,12.4
Virgil Green,TE,LAC,40,11.4,,,,,,40,2.5,,,,,,,,,,,,,,1,16,,,,,,,,,,,,2,205,18,,,,,,,,24,,,,12.8
Garrett Celek,TE,SF,40,16.2,,,,,,40,2.5,,,,,,,,,,,,,,0,16,,,,,,,,,,,,3,178,11,,,,,,,,15,,,,11.1
Adam Shaheen,TE,CHI,38,9.7,,,,,,38,2.4,,,,,,,,,,,,,,0,16,,,,,,,,,,,,2,164,17,,,,,,,,22,,,,10.3
Nick Boyle,TE,BAL,38,8.6,,,,,,38,2.4,,,,,,,,,,,,,,0,16,,,,,,,,,,,,1,180,21,,,,,,,,32,,,,11.3
Luke Willson,TE,OAK,36,8.3,,,,,,36,2.3,,,,,,,,,,,,,,0,16,,,,,,,,,,,,1,174,21,,,,,,,,29,,,,10.9
Jason Croom,TE,BUF,35,11.5,,,,,,35,2.2,,,,,,,,,,,,,,2,16,,,,,,,,,,,,1,218,19,,,,,,,,29,,,,13.6
Josh Hill,TE,NO,35,9.3,,,,,,35,2.2,,,,,,,,,,,,,,1,16,,,,,,,,,,,,1,186,20,,,,,,,,27,,,,11.6
Stephen Anderson,TE,NE,34,12.7,,,,,,34,2.1,,,,,,,,,,,,,,0,16,,,,,,,,,,,,1,203,16,,,,,,,,28,,,,12.7
Tyler Conklin,TE,MIN,33,11.6,,,,,,33,2.1,,,,,,,,,,,,,,0,16,,,,,,,,,,,,1,186,16,,,,,,,,20,,,,11.6
Luke Stocker,TE,ATL,32,11.5,,,,,,32,2.0,,,,,,,,,,,,,,0,16,,,,,,,,,,,,2,150,13,,,,,,,,17,,,,9.4
Dwayne Allen,TE,MIA,32,8.4,,,,,,32,2.0,,,,,,,,,,,,,,0,16,,,,,,,,,,,,1,159,19,,,,,,,,35,,,,9.9
Marcedes Lewis,TE,GB,31,12.6,,,,,,31,1.9,,,,,,,,,,,,,,0,16,,,,,,,,,,,,2,151,12,,,,,,,,21,,,,9.4
Maxx Williams,TE,ARI,30,7.7,,,,,,30,1.9,,,,,,,,,,,,,,0,16,,,,,,,,,,,,1,139,18,,,,,,,,19,,,,8.7
Demetrius Harris,TE,CLE,30,11.8,,,,,,30,1.9,,,,,,,,,,,,,,0,16,,,,,,,,,,,,2,142,12,,,,,,,,24,,,,8.9
Garrett Griffin,TE,NO,28,8.2,,,,,,28,1.8,,,,,,,,,,,,,,0,16,,,,,,,,,,,,2,98,12,,,,,,,,13,,,,6.1
Derek Carrier,TE,OAK,28,9.2,,,,,,28,1.8,,,,,,,,,,,,,,0,16,,,,,,,,,,,,2,110,12,,,,,,,,21,,,,6.9
Robert Tonyan,TE,GB,28,17.1,,,,,,28,1.8,,,,,,,,,,,,,,0,16,,,,,,,,,,,,1,188,11,,,,,,,,16,,,,11.8
Zach Gentry,TE,PIT,26,9.9,,,,,,26,1.6,,,,,,,,,,,,,,0,16,,,,,,,,,,,,1,139,14,,,,,,,,18,,,,8.7
Tanner Hudson,TE,TB,25,12.0,,,,,,25,1.6,,,,,,,,,,,,,,0,16,,,,,,,,,,,,1,144,12,,,,,,,,16,,,,9.0
Seth DeValve,TE,CLE,25,13.2,,,,,,25,1.6,,,,,,,,,,,,,,0,16,,,,,,,,,,,,1,158,12,,,,,,,,18,,,,9.9
Logan Paulsen,TE,ATL,24,9.8,,,,,,24,1.5,,,,,,,,,,,,,,0,16,,,,,,,,,,,,1,127,13,,,,,,,,14,,,,7.9
Richard Rodgers,TE,PHI,24,11.6,,,,,,24,1.5,,,,,,,,,,,,,,0,16,,,,,,,,,,,,1,139,12,,,,,,,,17,,,,8.7
Dan Arnold,TE,NO,24,11.9,,,,,,24,1.5,,,,,,,,,,,,,,0,16,,,,,,,,,,,,1,143,12,,,,,,,,20,,,,8.9
Levine Toilolo,TE,SF,24,13.9,,,,,,24,1.5,,,,,,,,,,,,,,0,16,,,,,,,,,,,,1,153,11,,,,,,,,12,,,,9.6
Foster Moreau,TE,OAK,23,9.9,,,,,,23,1.4,,,,,,,,,,,,,,0,16,,,,,,,,,,,,1,119,12,,,,,,,,15,,,,7.4
Antony Auclair,TE,TB,23,10.0,,,,,,23,1.4,,,,,,,,,,,,,,0,16,,,,,,,,,,,,1,120,12,,,,,,,,13,,,,7.5
Alize Mack,TE,NO,23,9.6,,,,,,23,1.4,,,,,,,,,,,,,,0,16,,,,,,,,,,,,1,115,12,,,,,,,,14,,,,7.2
Isaac Nauta,TE,DET,23,9.3,,,,,,23,1.4,,,,,,,,,,,,,,0,16,,,,,,,,,,,,1,112,12,,,,,,,,15,,,,7.0
Jakob Johnson,FB,NE,23,10.4,,,,,,23,1.4,,,,,,,,,,,,,,0,16,,,,,,,,,,,,1,125,12,,,,,,,,16,,,,7.8
Dawson Knox,TE,BUF,23,10.6,,,,,,23,1.4,,,,,,,,,,,,,,0,16,,,,,,,,,,,,1,127,12,,,,,,,,19,,,,7.9
Xavier Grimble,TE,PIT,23,12.5,,,,,,23,1.4,,,,,,,,,,,,,,1,16,,,,,,,,,,,,1,150,12,,,,,,,,18,,,,9.4
Kaden Smith,TE,SF,22,11.3,,,,,,22,1.4,,,,,,,,,,,,,,0,16,,,,,,,,,,,,1,124,11,,,,,,,,14,,,,7.8
Chris Manhertz,TE,CAR,22,16.2,,,,,,22,1.4,,,,,,,,,,,,,,0,16,,,,,,,,,,,,1,146,9,,,,,,,,16,,,,9.1
Ben Koyack,TE,JAC,22,8.0,,,,,,22,1.4,,,,,,,,,,,,,,0,16,,,,,,,,,,,,1,96,12,,,,,,,,15,,,,6.0
Blake Bell,TE,SF,22,11.3,,,,,,22,1.4,,,,,,,,,,,,,,0,16,,,,,,,,,,,,1,124,11,,,,,,,,14,,,,7.8
David Morgan,TE,MIN,22,8.3,,,,,,22,1.4,,,,,,,,,,,,,,0,16,,,,,,,,,,,,1,99,12,,,,,,,,15,,,,6.2
Temarrick Hemingway,TE,CAR,21,9.6,,,,,,21,1.3,,,,,,,,,,,,,,0,16,,,,,,,,,,,,1,106,11,,,,,,,,15,,,,6.6
Jordan Franks,TE,CIN,21,12.1,,,,,,21,1.3,,,,,,,,,,,,,,0,16,,,,,,,,,,,,1,121,10,,,,,,,,14,,,,7.6
Scott Simonson,TE,NYG,21,9.1,,,,,,21,1.3,,,,,,,,,,,,,,0,16,,,,,,,,,,,,1,100,11,,,,,,,,18,,,,6.3
Ross Dwelley,TE,SF,21,9.6,,,,,,21,1.3,,,,,,,,,,,,,,0,16,,,,,,,,,,,,1,105,11,,,,,,,,13,,,,6.6
Neal Sterling,TE,NYJ,20,8.7,,,,,,20,1.3,,,,,,,,,,,,,,0,16,,,,,,,,,,,,1,87,10,,,,,,,,14,,,,5.4
Eric Tomlinson,TE,NYJ,20,10.4,,,,,,20,1.3,,,,,,,,,,,,,,0,16,,,,,,,,,,,,1,104,10,,,,,,,,15,,,,6.5
Baltimore,DST,Baltimore,210.34,,,10,3.39,,,210.34,13.1,,,,,,,,,,,,,14,,,18,,,0,,,,,,311,19.4,,,,,,,1521,38.0,0,643,,4706,,294.1,
Buffalo,DST,Buffalo,186.424,,,13,3.204,,,186.424,11.7,,,,,,,,,,,,,18,,,18,,,0,,,,,,348,21.8,,,,,,,1698,41.2,0,664,,4660,,291.3,
Chicago,DST,Chicago,186.048,,,13,3.158,,,186.048,11.6,,,,,,,,,,,,,17,,,16,,,0,,,,,,308,19.3,,,,,,,1505,45.1,0,665,,4824,,301.5,
Jacksonville,DST,Jacksonville,183.268,,,11,3.278,,,183.268,11.5,,,,,,,,,,,,,15,,,17,,,0,,,,,,319,19.9,,,,,,,1697,43.6,0,644,,4911,,306.9,
Minnesota,DST,Minnesota,182.888,,,11,2.648,,,182.888,11.4,,,,,,,,,,,,,15,,,13,,,0,,,,,,334,20.9,,,,,,,1645,55.0,0,647,,4930,,308.1,
New Orleans,DST,New Orleans,181.2,,,15,3.25,,,181.2,11.3,,,,,,,,,,,,,20,,,15,,,0,,,,,,318,19.9,,,,,,,1671,37.7,0,679,,5677,,354.8,
L.A. Chargers,DST,L.A. Chargers,180.1,,,12,3.2,,,180.1,11.3,,,,,,,,,,,,,17,,,14,,,0,,,,,,303,18.9,,,,,,,1673,44.9,0,665,,5315,,332.2,
Dallas,DST,Dallas,176.874,,,13,2.879,,,176.874,11.1,,,,,,,,,,,,,17,,,14,,,0,,,,,,326,20.4,,,,,,,1550,41.6,0,664,,4889,,305.6,
New England,DST,New England,172.222,,,12,3.337,,,172.222,10.8,,,,,,,,,,,,,17,,,16,,,0,,,,,,295,18.4,,,,,,,1942,32.2,0,640,,5509,,344.3,
Tennessee,DST,Tennessee,169.534,,,11,2.789,,,169.534,10.6,,,,,,,,,,,,,15,,,14,,,0,,,,,,330,20.6,,,,,,,1752,38.8,0,688,,5592,,349.5,
Philadelphia,DST,Philadelphia,163.612,,,10,2.402,,,163.612,10.2,,,,,,,,,,,,,13,,,13,,,0,,,,,,314,19.6,,,,,,,1931,39.2,0,671,,5405,,337.8,
Houston,DST,Houston,155.956,,,17,3.276,,,155.956,9.7,,,,,,,,,,,,,23,,,15,,,0,,,,,,339,21.2,,,,,,,1499,40.3,0,697,,5499,,343.7,
Denver,DST,Denver,154.426,,,15,2.971,,,154.426,9.7,,,,,,,,,,,,,20,,,15,,,0,,,,,,358,22.4,,,,,,,1693,44.6,0,664,,5516,,344.8,
Washington,DST,Washington,154.282,,,15,2.947,,,154.282,9.6,,,,,,,,,,,,,20,,,14,,,0,,,,,,361,22.6,,,,,,,1875,46.6,0,661,,5397,,337.3,
L.A. Rams,DST,L.A. Rams,153.082,,,14,3.347,,,153.082,9.6,,,,,,,,,,,,,19,,,17,,,0,,,,,,360,22.5,,,,,,,2018,39.0,0,668,,5667,,354.2,
Indianapolis,DST,Indianapolis,151.244,,,14,2.824,,,151.244,9.5,,,,,,,,,,,,,19,,,14,,,0,,,,,,340,21.3,,,,,,,1754,46.3,0,694,,5492,,343.3,
Kansas City,DST,Kansas City,151.052,,,15,3.392,,,151.052,9.4,,,,,,,,,,,,,21,,,13,,,0,,,,,,347,21.7,,,,,,,2037,42.7,0,674,,5682,,355.1,
Seattle,DST,Seattle,149.896,,,16,3.266,,,149.896,9.4,,,,,,,,,,,,,23,,,14,,,0,,,,,,349,21.8,,,,,,,1948,38.3,0,680,,5751,,359.4,
Arizona,DST,Arizona,148.248,,,11,2.358,,,148.248,9.3,,,,,,,,,,,,,15,,,13,,,0,,,,,,407,25.4,,,,,,,2064,52.1,1,714,,5655,,353.4,
Carolina,DST,Carolina,148.144,,,15,3.224,,,148.144,9.3,,,,,,,,,,,,,21,,,14,,,0,,,,,,404,25.3,,,,,,,1899,38.8,0,687,,5969,,373.1,
N.Y. Jets,DST,N.Y. Jets,147.786,,,11,3.531,,,147.786,9.2,,,,,,,,,,,,,15,,,16,,,0,,,,,,369,23.1,,,,,,,1834,40.6,0,658,,5369,,335.6,
Cleveland,DST,Cleveland,147.126,,,14,3.321,,,147.126,9.2,,,,,,,,,,,,,19,,,17,,,0,,,,,,340,21.3,,,,,,,1862,33.2,0,655,,5180,,323.8,
Green Bay,DST,Green Bay,146.486,,,11,2.781,,,146.486,9.2,,,,,,,,,,,,,16,,,14,,,0,,,,,,363,22.7,,,,,,,1752,47.8,0,658,,5502,,343.9,
Detroit,DST,Detroit,143.718,,,12,2.653,,,143.718,9.0,,,,,,,,,,,,,16,,,12,,,0,,,,,,359,22.4,,,,,,,1650,47.8,0,668,,5824,,364.0,
Pittsburgh,DST,Pittsburgh,143.554,,,10,2.609,,,143.554,9.0,,,,,,,,,,,,,14,,,14,,,0,,,,,,344,21.5,,,,,,,1857,47.9,0,658,,5094,,318.4,
San Francisco,DST,San Francisco,141.462,,,9,2.677,,,141.462,8.8,,,,,,,,,,,,,12,,,13,,,0,,,,,,392,24.5,,,,,,,1689,47.4,1,656,,5092,,318.3,
Miami,DST,Miami,135.168,,,10,3.128,,,135.168,8.4,,,,,,,,,,,,,14,,,16,,,0,,,,,,427,26.7,,,,,,,2034,32.4,0,715,,6294,,393.4,
Atlanta,DST,Atlanta,131.076,,,9,2.596,,,131.076,8.2,,,,,,,,,,,,,12,,,15,,,0,,,,,,390,24.4,,,,,,,2055,35.5,0,703,,5892,,368.3,
Cincinnati,DST,Cincinnati,129.624,,,11,2.604,,,129.624,8.1,,,,,,,,,,,,,15,,,14,,,0,,,,,,403,25.2,,,,,,,1941,32.0,0,691,,5870,,366.9,
N.Y. Giants,DST,N.Y. Giants,128.818,,,8,2.703,,,128.818,8.1,,,,,,,,,,,,,12,,,17,,,0,,,,,,354,22.1,,,,,,,1689,30.6,0,660,,5287,,330.4,
Tampa Bay,DST,Tampa Bay,127.74,,,12,2.49,,,127.74,8.0,,,,,,,,,,,,,17,,,11,,,0,,,,,,436,27.3,,,,,,,1933,34.8,0,717,,6179,,386.2,
Oakland,DST,Oakland,90.354,,,8,3.109,,,90.354,5.6,,,,,,,,,,,,,12,,,17,,,0,,,,,,451,28.2,,,,,,,1811,21.7,0,682,,6286,,392.9,
Greg Zuerlein,K,LAR,130,,,,,35,34,130,8.1,37,0.251,0.251,9.8,9.7,9.9,9.7,9.4,7.2,5.3,5.3,32,,,16,,,,,,,,,,,,,,,,,,,,,,,,,,
Robbie Gould,K,SF,128,,,,,34,32,128,8.0,34,0.253,0.253,8,7.8,11.6,11.5,11.2,10.1,2.29,2.29,32,,,16,,,,,,,,,,,,,,,,,,,,,,,,,,
Justin Tucker,K,BAL,122,,,,,33,32,122,7.6,34,0.242,0.241,9.2,9.1,8.8,8.7,9.1,8.1,4.25,4.25,30,,,16,,,,,,,,,,,,,,,,,,,,,,,,,,
Stephen Gostkowski,K,NE,121,,,,,32,31,121,7.6,35,0.249,0.249,10,9.9,9.9,9.8,9.8,7.1,2.29,2.29,30,,,16,,,,,,,,,,,,,,,,,,,,,,,,,,
Chandler Catanzaro,K,NYJ,114,,,,,34,30,114,7.1,33,0.373,0.372,6.9,6.7,11.6,10.3,9.3,6.2,4.09,4.09,28,,,16,,,,,,,,,,,,,,,,,,,,,,,,,,
Wil Lutz,K,NO,113,,,,,30,29,113,7.1,31,0.432,0.432,6.4,6.3,9,8.7,11,9.8,2.4,2.4,28,,,16,,,,,,,,,,,,,,,,,,,,,,,,,,
Harrison Butker,K,KC,113,,,,,31,29,113,7.1,32,0.225,0.225,8.6,8.5,10.7,10.4,8.3,6.8,2.42,2.42,28,,,16,,,,,,,,,,,,,,,,,,,,,,,,,,
Ka'imi Fairbairn,K,HOU,112,,,,,30,28,112,7.0,32,0.423,0.422,6.7,6.4,9.2,8.8,11.2,9,3.22,3.22,28,,,16,,,,,,,,,,,,,,,,,,,,,,,,,,
Adam Vinatieri,K,IND,109,,,,,40,37,109,6.8,28,0.193,0.193,8.4,7.7,7.5,6.3,6.6,5.5,4.09,4.09,24,,,16,,,,,,,,,,,,,,,,,,,,,,,,,,
Mike Badgley,K,LAC,109,,,,,29,28,109,6.8,30,0.218,0.216,6.8,6.7,8.5,8.1,10.5,9.2,2.7,2.7,27,,,16,,,,,,,,,,,,,,,,,,,,,,,,,,
Jason Myers,K,SEA,107,,,,,39,35,107,6.7,27,0.175,0.175,4.87,4.82,9,8.2,7.8,7,3.58,3.58,24,,,16,,,,,,,,,,,,,,,,,,,,,,,,,,
Matt Prater,K,DET,106,,,,,28,28,106,6.6,31,0.389,0.389,6.4,6.4,10,9.9,7.9,6,3.64,3.64,26,,,16,,,,,,,,,,,,,,,,,,,,,,,,,,
Mason Crosby,K,GB,105,,,,,28,27,105,6.6,32,0.205,0.205,5.7,5.6,9,7.8,11.5,8.7,3.9,3.9,26,,,16,,,,,,,,,,,,,,,,,,,,,,,,,,
Brett Maher,K,DAL,105,,,,,28,27,105,6.6,32,0.209,0.208,8.4,8.3,8.1,6.8,9.1,6.1,4.43,4.43,26,,,16,,,,,,,,,,,,,,,,,,,,,,,,,,
Greg Joseph,K,CLE,105,,,,,42,36,105,6.6,28,0.194,0.192,5.7,5.6,9.6,9.1,9.9,7.1,1.41,1.41,23,,,16,,,,,,,,,,,,,,,,,,,,,,,,,,
Chris Boswell,K,PIT,104,,,,,38,35,104,6.5,29,0.183,0.182,5.9,5.9,8.8,7.4,11,7.4,2.16,2.16,23,,,16,,,,,,,,,,,,,,,,,,,,,,,,,,
Graham Gano,K,CAR,104,,,,,40,35,104,6.5,26,0.182,0.181,6,5.7,8.2,7.3,7.4,6.6,3.02,3.02,23,,,16,,,,,,,,,,,,,,,,,,,,,,,,,,
Giorgio Tavecchio,K,ATL,102,,,,,27,27,102,6.4,30,0.204,0.204,6.7,6.6,7.9,6.6,9.3,7.4,4.33,4.33,25,,,16,,,,,,,,,,,,,,,,,,,,,,,,,,
Aldrick Rosas,K,NYG,100,,,,,27,25,100,6.3,27,0.19,0.189,7.3,7.3,9.2,8.7,6.7,5.4,3.12,3.12,25,,,16,,,,,,,,,,,,,,,,,,,,,,,,,,
Jake Elliott,K,PHI,100,,,,,27,25,100,6.3,29,0.197,0.197,6.1,6,9.1,7.8,9.1,8.2,2.59,2.59,25,,,16,,,,,,,,,,,,,,,,,,,,,,,,,,
Eddy Pineiro,K,CHI,100,,,,,35,31,100,6.3,28,0.236,0.233,6.7,6.5,8.3,7.5,8.5,6.5,2.57,2.57,23,,,16,,,,,,,,,,,,,,,,,,,,,,,,,,
Matt Gay,K,TB,99,,,,,37,33,99,6.2,26,0.221,0.219,6.3,6.1,7.8,7,8,6.1,2.41,2.41,22,,,16,,,,,,,,,,,,,,,,,,,,,,,,,,
Dustin Hopkins,K,WAS,96,,,,,25,24,96,6.0,27,0.263,0.262,5.8,5.8,6.4,6.3,9.9,8.2,3.15,3.15,24,,,16,,,,,,,,,,,,,,,,,,,,,,,,,,
Ryan Succop,K,TEN,95,,,,,29,26,95,5.9,27,0.187,0.187,5.7,5.1,9,8.9,8.6,6.6,2.26,2.26,23,,,16,,,,,,,,,,,,,,,,,,,,,,,,,,
Daniel Carlson,K,OAK,93,,,,,25,24,93,5.8,28,0.183,0.181,5.1,4.99,7,5.9,10.5,7.7,3.85,3.85,23,,,16,,,,,,,,,,,,,,,,,,,,,,,,,,
Josh Lambo,K,JAC,93,,,,,25,24,93,5.8,26,0.185,0.185,5.1,5.1,8.9,8.8,6.6,5.3,3.92,3.92,23,,,16,,,,,,,,,,,,,,,,,,,,,,,,,,
Dan Bailey,K,MIN,92,,,,,24,23,92,5.8,28,0.313,0.312,6.2,5.6,9.5,9.3,8.4,5.6,1.87,1.87,23,,,16,,,,,,,,,,,,,,,,,,,,,,,,,,
Stephen Hauschka,K,BUF,89,,,,,24,23,89,5.6,27,0.169,0.169,4.7,4.65,7.6,7.5,8.6,6.2,3.59,3.59,22,,,16,,,,,,,,,,,,,,,,,,,,,,,,,,
Randy Bullock,K,CIN,85,,,,,23,22,85,5.3,26,0.168,0.168,5.1,5,9,7.8,6.9,6.2,1.96,1.96,21,,,16,,,,,,,,,,,,,,,,,,,,,,,,,,
Brandon McManus,K,DEN,82,,,,,22,22,82,5.1,25,0.16,0.159,5.5,4.98,7.1,6.9,6.6,5.9,2.13,2.13,20,,,16,,,,,,,,,,,,,,,,,,,,,,,,,,
Zane Gonzalez,K,ARI,81,,,,,31,27,81,5.1,25,0.144,0.143,3.99,3.95,7.7,6.8,6.4,4.27,3.05,3.05,18,,,16,,,,,,,,,,,,,,,,,,,,,,,,,,
Jason Sanders,K,MIA,69,,,,,19,18,69,4.3,19,0.142,0.141,5.7,5.6,4.65,4.58,7.7,6,0.979,0.979,17,,,16,,,,,,,,,,,,,,,,,,,,,,,,,,
Tristan Vizcaino,K,CIN,0,,,,,0,0,0,0.0,0,,,,,,,,,,,0,,,16,,,,,,,,,,,,,,,,,,,,,,,,,,
Cole Murphy,K,ARI,0,,,,,0,0,0,0.0,0,,,,,,,,,,,0,,,16,,,,,,,,,,,,,,,,,,,,,,,,,,
Phillip Andersen,K,TB,0,,,,,0,0,0,0.0,0,,,,,,,,,,,0,,,16,,,,,,,,,,,,,,,,,,,,,,,,,,
Mike Nugent,K,OAK,0,,,,,0,0,0,0.0,0,,,,,,,,,,,0,,,16,,,,,,,,,,,,,,,,,,,,,,,,,,
