name,pos,pts_espn,pts_cbs,pts_nfl,madden_ovr,pts,pts_ppr,year,pts_yahoo,pts_fox,pts_ppr_cbs
aaron_rodgers,QB,381.0,,370.78,98.0,344.0,344.6,2012.0,,,
tom_brady,QB,354.0,434.8,364.96,99.0,340.0,340.3,2012.0,,,
drew_brees,QB,345.0,404.6,343.96,96.0,346.0,345.6,2012.0,,,
matthew_stafford,QB,338.0,381.2,322.9,80.0,276.0,276.6,2012.0,,,
cam_newton,QB,325.0,366.8,363.04,77.0,323.0,323.5,2012.0,,,
arian_foster,RB,296.0,,290.6,92.0,262.0,302.1,2012.0,,,
eli_manning,QB,279.0,341.6,263.34,88.0,233.0,232.9,2012.0,,,
ray_rice,RB,278.0,247.2,252.0,92.0,222.0,283.1,2012.0,,,
michael_vick,QB,271.0,343.2,283.8,93.0,152.0,151.7,2012.0,,,
tony_romo,QB,265.0,329.4,284.6,88.0,279.0,279.9,2012.0,,,
peyton_manning,QB,263.0,329.0,279.46,98.0,311.0,311.0,2012.0,,,
philip_rivers,QB,263.0,331.8,254.66,96.0,208.0,208.2,2012.0,,,
lesean_mccoy,RB,259.0,243.0,243.4,88.0,145.0,199.3,2012.0,,,
matt_ryan,QB,246.0,354.8,268.52,90.0,305.0,304.9,2012.0,,,
ben_roethlisberger,QB,235.0,309.8,282.86,94.0,224.0,223.8,2012.0,,,
robert_griffin_iii,QB,230.0,312.0,272.4,,,,,,,
calvin_johnson,WR,224.0,,220.4,93.0,220.0,342.4,2012.0,,,
josh_freeman,QB,218.0,295.2,259.4,87.0,249.0,248.5,2012.0,,,
matt_schaub,QB,215.0,308.2,240.88,88.0,225.0,225.8,2012.0,,,
chris_johnson,RB,215.0,210.8,230.7,96.0,176.0,211.5,2012.0,,,
joe_flacco,QB,208.0,290.4,226.68,88.0,235.0,234.9,2012.0,,,
maurice_jones-drew,RB,208.0,178.8,232.5,95.0,62.0,76.0,2012.0,,,
alex_smith,QB,206.0,279.0,238.96,77.0,123.0,122.7,2012.0,,,
andy_dalton,QB,202.0,273.8,241.44,71.0,251.0,250.8,2012.0,,,
matt_forte,RB,199.0,180.4,203.5,89.0,177.0,221.4,2012.0,,,
jay_cutler,QB,197.0,308.4,224.0,85.0,185.0,184.6,2012.0,,,
ryan_mathews,RB,195.0,182.0,256.5,77.0,98.0,136.9,2012.0,,,
marshawn_lynch,RB,193.0,190.6,182.7,81.0,247.0,269.6,2012.0,,,
rob_gronkowski,TE,191.0,167.0,202.7,84.0,143.0,198.0,2012.0,,,
trent_richardson,RB,190.0,183.2,211.4,,204.0,254.7,2012.0,,,
jamaal_charles,RB,186.0,172.4,191.4,95.0,205.0,239.5,2012.0,,,
jimmy_graham,TE,186.0,,159.9,77.0,152.0,237.2,2012.0,,,
fred_jackson,RB,185.0,179.8,206.6,80.0,81.0,115.4,2012.0,,,
larry_fitzgerald,WR,184.0,176.2,190.2,96.0,104.0,174.8,2012.0,,,
demarco_murray,RB,183.0,196.6,175.0,69.0,111.0,146.4,2012.0,,,
carson_palmer,QB,182.0,286.6,204.82,,224.0,224.3,2012.0,,,
ryan_fitzpatrick,QB,182.0,279.0,238.14,81.0,214.0,213.7,2012.0,,,
steven_jackson,RB,182.0,181.8,194.7,94.0,163.0,200.6,2012.0,,,
michael_turner,RB,182.0,171.8,199.3,93.0,157.0,175.8,2012.0,,,
tim_tebow,QB,178.0,141.0,118.58,75.0,,,,,,
adrian_peterson,RB,177.0,172.0,193.6,97.0,307.0,347.4,2012.0,,,
frank_gore,RB,177.0,153.4,158.6,91.0,197.0,224.8,2012.0,,,
wes_welker,WR,176.0,162.0,165.8,90.0,171.0,289.4,2012.0,,,
darren_mcfadden,RB,175.0,207.4,224.8,87.0,111.0,152.5,2012.0,,,
roddy_white,WR,173.0,166.2,173.3,96.0,177.0,269.1,2012.0,,,
andre_johnson,WR,172.0,168.8,193.5,97.0,186.0,295.8,2012.0,,,
andrew_luck,QB,170.0,301.4,232.76,,276.0,276.5,2012.0,,,
matt_cassel,QB,169.0,259.0,228.52,86.0,78.0,78.3,2012.0,,,
mike_wallace,WR,169.0,136.0,168.9,87.0,130.0,194.3,2012.0,,,
aj_green,WR,169.0,166.8,163.2,80.0,203.0,299.8,2012.0,,,
ahmad_bradshaw,RB,167.0,174.0,176.6,85.0,156.0,179.0,2012.0,,,
greg_jennings,WR,166.0,174.2,167.2,93.0,61.0,96.6,2012.0,,,
darren_sproles,RB,164.0,164.8,156.0,79.0,141.0,216.1,2012.0,,,
sam_bradford,QB,161.0,257.8,167.4,85.0,230.0,230.5,2012.0,,,
stevan_ridley,RB,161.0,146.4,137.1,70.0,199.0,205.4,2012.0,,,
hakeem_nicks,WR,160.0,164.0,155.0,89.0,87.0,140.2,2012.0,,,
russell_wilson,QB,159.0,260.0,44.34,,278.0,277.6,2012.0,,,
julio_jones,WR,155.0,181.6,172.5,78.0,183.0,261.8,2012.0,,,
dwayne_bowe,WR,152.0,133.2,167.2,91.0,96.0,155.1,2012.0,,,
reggie_bush,RB,150.0,137.2,194.1,75.0,172.0,206.8,2012.0,,,
victor_cruz,WR,150.0,158.4,180.5,61.0,169.0,255.2,2012.0,,,
percy_harvin,WR,150.0,160.0,173.2,85.0,99.0,167.3,2012.0,,,
christian_ponder,QB,149.0,252.6,202.4,73.0,193.0,194.2,2012.0,,,
jordy_nelson,WR,149.0,169.2,149.1,79.0,119.0,167.5,2012.0,,,
vincent_jackson,WR,149.0,133.8,170.3,87.0,188.0,260.4,2012.0,,,
jake_locker,QB,148.0,289.4,142.74,74.0,132.0,132.1,2012.0,,,
brandon_marshall,WR,148.0,160.6,167.5,92.0,217.0,334.6,2012.0,,,
steve_smith,WR,148.0,151.4,184.8,89.0,142.0,215.1,2012.0,,,
steve_smith,WR,148.0,151.4,184.8,89.0,13.0,27.1,2012.0,,,
steve_smith,WR,148.0,151.4,184.8,84.0,142.0,215.1,2012.0,,,
steve_smith,WR,148.0,151.4,184.8,84.0,13.0,27.1,2012.0,,,
steve_smith,WR,148.0,73.0,184.8,89.0,142.0,215.1,2012.0,,,
steve_smith,WR,148.0,73.0,184.8,89.0,13.0,27.1,2012.0,,,
steve_smith,WR,148.0,73.0,184.8,84.0,142.0,215.1,2012.0,,,
steve_smith,WR,148.0,73.0,184.8,84.0,13.0,27.1,2012.0,,,
steve_smith,WR,71.0,151.4,184.8,89.0,142.0,215.1,2012.0,,,
steve_smith,WR,71.0,151.4,184.8,89.0,13.0,27.1,2012.0,,,
steve_smith,WR,71.0,151.4,184.8,84.0,142.0,215.1,2012.0,,,
steve_smith,WR,71.0,151.4,184.8,84.0,13.0,27.1,2012.0,,,
steve_smith,WR,71.0,73.0,184.8,89.0,142.0,215.1,2012.0,,,
steve_smith,WR,71.0,73.0,184.8,89.0,13.0,27.1,2012.0,,,
steve_smith,WR,71.0,73.0,184.8,84.0,142.0,215.1,2012.0,,,
steve_smith,WR,71.0,73.0,184.8,84.0,13.0,27.1,2012.0,,,
marques_colston,WR,147.0,150.4,175.4,88.0,171.0,254.4,2012.0,,,
kevin_smith,RB,146.0,125.4,32.8,,33.0,43.3,2012.0,,,
dez_bryant,WR,146.0,152.8,179.9,83.0,208.0,299.7,2012.0,,,
john_skelton,QB,144.0,167.6,68.4,69.0,32.0,31.8,2012.0,,,
jonathan_stewart,RB,144.0,118.2,145.4,81.0,61.0,78.3,2012.0,,,
shonn_greene,RB,142.0,147.2,195.0,80.0,167.0,186.4,2012.0,,,
jeremy_maclin,WR,142.0,147.2,159.5,86.0,126.0,194.7,2012.0,,,
antonio_gates,TE,142.0,129.0,137.7,99.0,96.0,144.8,2012.0,,,
doug_martin,RB,141.0,176.0,156.6,,263.0,311.6,2012.0,,,
desean_jackson,WR,141.0,137.4,165.0,91.0,81.0,126.3,2012.0,,,
blaine_gabbert,QB,139.0,222.4,193.36,75.0,94.0,94.1,2012.0,,,
willis_mcgahee,RB,139.0,139.2,156.8,79.0,113.0,139.2,2012.0,,,
benjarvus_green-ellis,RB,138.0,153.6,152.2,82.0,152.0,173.8,2012.0,,,
demaryius_thomas,WR,138.0,154.8,162.0,73.0,197.0,291.4,2012.0,,,
vernon_davis,TE,138.0,116.8,141.5,91.0,85.0,125.8,2012.0,,,
brandon_weeden,QB,136.0,223.0,134.3,,166.0,165.6,2012.0,,,
brandon_lloyd,WR,136.0,142.8,150.6,88.0,115.0,189.1,2012.0,,,
eric_decker,WR,135.0,139.4,136.5,72.0,184.0,269.4,2012.0,,,
steve_johnson,WR,134.0,137.0,146.7,86.0,139.0,217.6,2012.0,,,
robert_meachem,WR,133.0,124.4,141.3,77.0,32.0,46.1,2012.0,,,
mark_sanchez,QB,131.0,198.4,186.8,83.0,118.0,118.1,2012.0,,,
michael_bush,RB,129.0,104.4,120.6,77.0,77.0,86.4,2012.0,,,
miles_austin,WR,129.0,130.4,152.1,89.0,128.0,194.3,2012.0,,,
cedric_benson,RB,128.0,128.0,,81.0,41.0,54.5,2012.0,,,
antonio_brown,WR,128.0,138.8,132.3,72.0,105.0,171.1,2012.0,,,
cj_spiller,RB,127.0,100.8,111.1,75.0,212.0,255.3,2012.0,,,
peyton_hillis,RB,127.0,133.4,121.7,91.0,39.0,49.1,2012.0,,,
kenny_britt,WR,127.0,122.8,156.5,86.0,83.0,127.9,2012.0,,,
ben_tate,RB,126.0,97.6,138.2,69.0,43.0,53.8,2012.0,,,
roy_helu,RB,125.0,87.0,148.5,69.0,5.0,11.7,2012.0,,,
beanie_wells,RB,124.0,107.0,168.9,75.0,54.0,54.8,2012.0,,,
deangelo_williams,RB,124.0,127.6,132.5,89.0,130.0,143.4,2012.0,,,
donald_brown,RB,124.0,139.6,136.0,72.0,59.0,68.0,2012.0,,,
isaac_redman,RB,123.0,124.8,128.8,70.0,71.0,90.4,2012.0,,,
pierre_garcon,WR,123.0,127.8,111.6,82.0,88.0,132.2,2012.0,,,
torrey_smith,WR,123.0,134.4,137.2,69.0,134.0,183.4,2012.0,,,
denarius_moore,WR,123.0,107.6,117.6,64.0,116.0,166.6,2012.0,,,
aaron_hernandez,TE,121.0,124.8,120.7,82.0,79.0,129.8,2012.0,,,
mark_ingram,RB,120.0,106.6,133.7,79.0,93.0,99.1,2012.0,,,
jason_witten,TE,120.0,109.4,132.1,96.0,122.0,231.9,2012.0,,,
malcom_floyd,WR,119.0,114.6,145.3,80.0,111.0,167.4,2012.0,,,
jermichael_finley,TE,119.0,113.6,120.1,90.0,77.0,137.7,2012.0,,,
toby_gerhart,RB,118.0,100.0,111.8,72.0,34.0,54.4,2012.0,,,
santonio_holmes,WR,117.0,106.6,127.6,87.0,31.0,51.2,2012.0,,,
tony_gonzalez,TE,117.0,99.2,107.9,92.0,141.0,234.0,2012.0,,,
lance_moore,WR,116.0,116.2,128.9,78.0,140.0,205.1,2012.0,,,
anquan_boldin,WR,114.0,115.6,127.6,87.0,118.0,183.4,2012.0,,,
ryan_williams,RB,112.0,121.4,82.2,73.0,17.0,23.8,2012.0,,,
pierre_thomas,RB,111.0,89.6,132.4,,95.0,133.7,2012.0,,,
david_wilson,RB,110.0,100.8,85.2,,67.0,77.2,2012.0,,,
nate_washington,WR,110.0,116.4,119.7,78.0,99.0,144.6,2012.0,,,
fred_davis,TE,110.0,102.2,121.1,79.0,33.0,56.6,2012.0,,,
michael_crabtree,WR,108.0,103.8,117.0,80.0,165.0,250.3,2012.0,,,
titus_young,WR,107.0,127.0,100.6,67.0,64.0,96.9,2012.0,,,
jacob_tamme,TE,107.0,93.0,94.9,83.0,68.0,119.5,2012.0,,,
jacob_tamme,TE,107.0,93.0,94.9,83.0,68.0,119.5,2012.0,,,
ryan_tannehill,QB,105.0,209.4,106.8,,183.0,182.9,2012.0,,,
jared_cook,TE,105.0,84.8,104.6,76.0,74.0,118.3,2012.0,,,
bernard_scott,RB,103.0,62.2,73.3,75.0,4.0,3.5,2012.0,,,
darrius_heyward-bey,WR,102.0,123.4,128.4,72.0,92.0,133.2,2012.0,,,
justin_blackmon,WR,102.0,120.2,108.2,,121.0,184.8,2012.0,,,
felix_jones,RB,101.0,74.8,85.1,81.0,92.0,117.4,2012.0,,,
daniel_thomas,RB,101.0,80.0,65.8,72.0,68.0,83.1,2012.0,,,
reggie_wayne,WR,101.0,129.2,147.8,95.0,163.0,269.0,2012.0,,,
sidney_rice,WR,100.0,104.2,92.9,85.0,118.0,168.4,2012.0,,,
brandon_pettigrew,TE,100.0,102.2,113.2,81.0,71.0,129.7,2012.0,,,
kendall_wright,WR,99.0,101.6,,,85.0,149.0,2012.0,,,
brent_celek,TE,99.0,92.6,97.4,83.0,72.0,129.4,2012.0,,,
brent_celek,TE,99.0,92.6,97.4,83.0,72.0,129.4,2012.0,,,
shane_vereen,RB,96.0,81.6,57.6,69.0,62.0,70.0,2012.0,,,
rueben_randle,WR,96.0,75.2,,,48.0,66.8,2012.0,,,
owen_daniels,TE,95.0,92.8,99.2,86.0,108.0,169.6,2012.0,,,
nate_burleson,WR,94.0,85.0,81.7,78.0,43.0,69.8,2012.0,,,
dustin_keller,TE,94.0,87.2,121.0,85.0,44.0,71.7,2012.0,,,
legarrette_blount,RB,93.0,92.8,103.3,81.0,27.0,28.3,2012.0,,,
taiwan_jones,RB,93.0,60.2,,67.0,3.0,5.2,2012.0,,,
leonard_hankerson,WR,91.0,84.2,,67.0,73.0,110.8,2012.0,,,
rashad_jennings,RB,90.0,104.2,,74.0,53.0,72.3,2012.0,,,
laurent_robinson,WR,90.0,99.2,89.4,,23.0,47.2,2012.0,,,
brandon_lafell,WR,90.0,101.2,101.1,71.0,95.0,139.2,2012.0,,,
brandon_lafell,WR,90.0,101.2,101.1,71.0,95.0,139.2,2012.0,,,
mike_tolbert,RB,89.0,51.6,69.0,77.0,87.0,114.1,2012.0,,,
mike_williams,WR,89.0,99.0,104.5,84.0,155.0,217.7,2012.0,,,
davone_bess,WR,86.0,86.8,97.8,78.0,84.0,144.8,2012.0,,,
mario_manningham,WR,83.0,89.6,92.1,81.0,55.0,97.3,2012.0,,,
greg_little,WR,83.0,117.8,131.4,70.0,90.0,143.2,2012.0,,,
anthony_armstrong,WR,83.0,,,77.0,1.0,4.2,2012.0,,,
jermaine_gresham,TE,83.0,98.4,84.2,80.0,102.0,165.7,2012.0,,,
greg_olsen,TE,82.0,93.2,99.2,86.0,114.0,183.3,2012.0,,,
mike_goodson,RB,81.0,52.4,67.8,74.0,48.0,63.6,2012.0,,,
steve_breaston,WR,81.0,59.2,104.4,78.0,7.0,14.4,2012.0,,,
martellus_bennett,TE,81.0,64.8,,73.0,93.0,147.6,2012.0,,,
coby_fleener,TE,81.0,77.8,91.7,,40.0,66.1,2012.0,,,
matt_moore,QB,80.0,31.8,85.34,73.0,9.0,8.9,2012.0,,,
jon_baldwin,WR,78.0,92.8,91.1,,,,,,,
james_jones,WR,78.0,78.2,89.1,77.0,162.0,226.4,2012.0,,,
braylon_edwards,WR,78.0,73.0,,84.0,26.0,43.9,2012.0,,,
ed_dickson,TE,77.0,65.2,96.8,72.0,23.0,43.5,2012.0,,,
evan_royster,RB,76.0,90.2,43.2,,32.0,46.7,2012.0,,,
austin_collie,WR,75.0,55.2,71.8,79.0,1.0,1.6,2012.0,,,
kyle_rudolph,TE,75.0,78.8,82.9,73.0,105.0,158.3,2012.0,,,
randy_moss,WR,73.0,101.4,81.4,,61.0,89.4,2012.0,,,
michael_floyd,WR,73.0,69.2,76.8,,66.0,111.2,2012.0,,,
jonathan_dwyer,RB,72.0,52.2,,60.0,81.0,98.9,2012.0,,,
kevin_walter,WR,71.0,59.6,94.0,78.0,64.0,104.8,2012.0,,,
alshon_jeffery,WR,70.0,86.8,,,55.0,78.7,2012.0,,,
jerome_simpson,WR,70.0,92.8,72.1,74.0,25.0,51.4,2012.0,,,
danny_amendola,WR,69.0,93.4,103.0,75.0,83.0,146.4,2012.0,,,
kevin_kolb,QB,68.0,77.6,132.66,84.0,85.0,84.8,2012.0,,,
doug_baldwin,WR,68.0,87.2,116.3,,55.0,83.6,2012.0,,,
james_starks,RB,67.0,56.4,149.7,77.0,35.0,38.6,2012.0,,,
david_nelson,WR,67.0,88.8,83.4,69.0,3.0,5.1,2012.0,,,
alfred_morris,RB,65.0,97.0,77.3,,241.0,252.0,2012.0,,,
jacoby_ford,WR,65.0,70.8,82.9,74.0,,,,,,
mohamed_sanu,WR,65.0,59.0,86.3,,48.0,63.8,2012.0,,,
joel_dreessen,TE,65.0,50.2,,70.0,66.0,106.6,2012.0,,,
delone_carter,RB,63.0,41.4,84.8,68.0,32.0,32.5,2012.0,,,
marcedes_lewis,TE,63.0,67.8,78.9,90.0,78.0,130.0,2012.0,,,
rashard_mendenhall,RB,62.0,73.4,119.8,88.0,28.0,37.4,2012.0,,,
evan_moore,TE,62.0,21.8,67.3,77.0,1.0,1.6,2012.0,,,
jacquizz_rodgers,RB,61.0,,61.3,69.0,88.0,141.4,2012.0,,,
scott_chandler,TE,61.0,61.0,,63.0,91.0,134.1,2012.0,,,
eddie_royal,WR,60.0,66.8,,,32.0,54.6,2012.0,,,
randall_cobb,WR,60.0,93.8,74.7,70.0,,,,,,
heath_miller,TE,60.0,71.4,,85.0,132.0,202.6,2012.0,,,
matt_flynn,QB,59.0,47.0,185.64,76.0,2.0,2.2,2012.0,,,
lamichael_james,RB,59.0,44.2,50.5,,15.0,18.4,2012.0,,,
josh_morgan,WR,59.0,,,78.0,66.0,113.5,2012.0,,,
jason_snelling,RB,58.0,33.4,,74.0,31.0,61.6,2012.0,,,
keiland_williams,RB,58.0,17.6,,64.0,1.0,3.2,2012.0,,,
devery_henderson,WR,58.0,61.0,110.8,76.0,39.0,60.9,2012.0,,,
brandon_jacobs,RB,57.0,60.4,71.1,81.0,1.0,0.7,2012.0,,,
kendall_hunter,RB,57.0,56.8,61.1,71.0,53.0,62.1,2012.0,,,
damian_williams,WR,57.0,,85.3,67.0,32.0,62.4,2012.0,,,
leron_mcclain,RB,56.0,16.6,,90.0,7.0,15.1,2012.0,,,
santana_moss,WR,56.0,,79.5,85.0,105.0,145.7,2012.0,,,
matt_hasselbeck,QB,55.0,55.2,94.34,84.0,76.0,76.5,2012.0,,,
isaiah_pead,RB,55.0,57.6,69.2,,5.0,8.0,2012.0,,,
danny_woodhead,RB,55.0,54.4,75.5,82.0,117.0,156.7,2012.0,,,
alex_green,RB,55.0,50.6,,64.0,59.0,76.9,2012.0,,,
brandon_stokley,WR,55.0,,,,84.0,129.4,2012.0,,,
andre_roberts,WR,55.0,56.2,,71.0,109.0,172.8,2012.0,,,
donnie_avery,WR,55.0,45.6,,,97.0,157.0,2012.0,,,
bernard_pierce,RB,54.0,47.2,,,64.0,70.9,2012.0,,,
robert_turbin,RB,53.0,80.6,,,54.0,72.5,2012.0,,,
lamar_miller,RB,53.0,52.6,66.4,,36.0,41.5,2012.0,,,
dion_lewis,RB,53.0,42.6,40.7,67.0,15.0,17.3,2012.0,,,
legedu_naanee,WR,53.0,,77.0,73.0,,0.9,2012.0,,,
kevin_ogletree,WR,53.0,43.8,,65.0,69.0,100.5,2012.0,,,
anthony_fasano,TE,53.0,46.6,,75.0,65.0,106.2,2012.0,,,
mikel_leshoure,RB,52.0,123.4,90.4,72.0,149.0,183.2,2012.0,,,
leon_washington,RB,52.0,43.6,37.2,75.0,15.0,25.4,2012.0,,,
stephen_hill,WR,52.0,70.2,,,43.0,64.2,2012.0,,,
mike_thomas,WR,52.0,,,79.0,23.0,40.5,2012.0,,,
jacoby_jones,WR,52.0,47.2,,74.0,47.0,95.2,2012.0,,,
tony_scheffler,TE,52.0,42.8,,75.0,56.0,98.4,2012.0,,,
zach_miller,TE,51.0,53.8,,89.0,58.0,93.6,2012.0,,,
zach_miller,TE,51.0,53.8,,73.0,58.0,93.6,2012.0,,,
tony_moeaki,TE,51.0,41.8,,76.0,51.0,84.3,2012.0,,,
bilal_powell,RB,50.0,45.2,,65.0,82.0,98.7,2012.0,,,
kellen_davis,TE,49.0,47.8,,,33.0,51.9,2012.0,,,
dexter_mccluster,WR,47.0,51.2,103.0,,54.0,106.2,2012.0,,,
emmanuel_sanders,WR,47.0,80.6,,70.0,65.0,109.0,2012.0,,,
greg_salas,WR,47.0,,,,,,,,,
joe_webb,QB,46.0,13.2,,66.0,,-0.1,2012.0,,,
ronnie_brown,RB,46.0,70.0,,84.0,59.0,108.1,2012.0,,,
donald_jones,WR,46.0,,,68.0,68.0,109.3,2012.0,,,
dennis_pitta,TE,46.0,44.2,74.1,65.0,109.0,169.9,2012.0,,,
benjamin_watson,TE,46.0,40.0,70.3,,,,,,,
knowshon_moreno,RB,45.0,34.2,61.8,85.0,91.0,112.2,2012.0,,,
ronnie_hillman,RB,45.0,86.4,68.2,,43.0,53.2,2012.0,,,
josh_gordon,WR,44.0,79.0,,,109.0,158.5,2012.0,,,
jerrel_jernigan,WR,43.0,,,64.0,3.0,5.8,2012.0,,,
jordan_cameron,TE,43.0,37.6,,,29.0,48.6,2012.0,,,
earl_bennett,WR,42.0,66.4,,74.0,50.0,78.5,2012.0,,,
dallas_clark,TE,42.0,66.8,,96.0,68.0,114.5,2012.0,,,
daryl_richardson,RB,39.0,19.8,,,62.0,85.8,2012.0,,,
john_carlson,TE,39.0,25.2,,76.0,,,,,,
john_carlson,TE,39.0,25.2,,76.0,,,,,,
brian_quick,WR,38.0,88.2,,,28.0,38.6,2012.0,,,
golden_tate,WR,38.0,67.2,,71.0,116.0,160.7,2012.0,,,
vincent_brown,WR,38.0,,,68.0,,,,,,
dwayne_allen,TE,38.0,55.8,,,71.0,115.6,2012.0,,,
kevin_boss,TE,37.0,41.8,,77.0,13.0,15.5,2012.0,,,
chris_givens,WR,36.0,,,,91.0,133.0,2012.0,,,
chaz_schilens,WR,36.0,,,72.0,39.0,66.9,2012.0,,,
todd_heap,TE,35.0,31.2,,84.0,9.0,17.4,2012.0,,,
ryan_broyles,WR,34.0,44.8,,,43.0,65.0,2012.0,,,
brian_hartline,WR,34.0,58.2,,74.0,112.0,186.3,2012.0,,,
chad_henne,QB,33.0,17.6,0.0,77.0,113.0,114.2,2012.0,,,
montario_hardesty,RB,33.0,55.6,,71.0,35.0,36.7,2012.0,,,
lance_kendricks,TE,33.0,64.8,85.2,72.0,78.0,119.9,2012.0,,,
armon_binns,WR,32.0,42.6,,,32.0,55.7,2012.0,,,
vick_ballard,RB,26.0,52.0,,,115.0,131.6,2012.0,,,
bryce_brown,RB,23.0,,,,80.0,93.0,2012.0,,,
joe_mcknight,RB,20.0,41.4,104.6,62.0,18.0,24.7,2012.0,,,
david_garrard,QB,0.0,,0.0,,,,,,,
javon_ringer,RB,0.0,36.2,45.7,72.0,3.0,5.6,2012.0,,,
brandon_jackson,RB,0.0,30.2,,72.0,7.0,9.4,2012.0,,,
chris_ivory,RB,0.0,26.4,,74.0,35.0,37.2,2012.0,,,
john_kuhn,RB,0.0,30.0,35.7,79.0,27.0,42.1,2012.0,,,
baron_batch,RB,0.0,,,,14.0,18.0,2012.0,,,
bobby_rainey,RB,0.0,,,,,,,,,
chris_ogbonnaya,RB,0.0,,,,20.0,43.7,2012.0,,,
marcel_reece,RB,0.0,38.6,55.5,83.0,83.0,134.7,2012.0,,,
lance_ball,RB,0.0,17.8,,66.0,32.0,38.9,2012.0,,,
tashard_choice,RB,0.0,12.2,,74.0,26.0,30.2,2012.0,,,
justin_forsett,RB,0.0,12.2,,77.0,47.0,50.2,2012.0,,,
larod_stephens-howling,RB,0.0,13.6,45.0,72.0,70.0,87.2,2012.0,,,
dj_ware,RB,0.0,25.0,45.6,63.0,,,,,,
brian_leonard,RB,0.0,16.0,,66.0,17.0,28.3,2012.0,,,
tim_hightower,RB,0.0,32.8,75.3,78.0,,,,,,
brandon_saine,RB,0.0,25.4,43.4,,,,,,,
chris_rainey,RB,0.0,34.8,,,26.0,40.2,2012.0,,,
jamie_harper,RB,0.0,22.6,,65.0,22.0,22.8,2012.0,,,
phillip_tanner,RB,0.0,,,,10.0,14.2,2012.0,,,
michael_smith,RB,0.0,,,,,,,,,
mewelde_moore,RB,0.0,,,71.0,14.0,19.7,2012.0,,,
jahvid_best,RB,0.0,21.8,139.1,80.0,,,,,,
jackie_battle,RB,0.0,,,66.0,66.0,80.9,2012.0,,,
ryan_grant,RB,0.0,,,82.0,27.0,27.6,2012.0,,,
anthony_dixon,RB,0.0,,,71.0,20.0,19.8,2012.0,,,
darel_scott,RB,0.0,15.8,,,1.0,0.9,2012.0,,,
cyrus_gray,RB,0.0,,,,6.0,8.2,2012.0,,,
tyrell_sutton,RB,0.0,,,,,,,,,
aaron_brown,RB,0.0,,,,,,,,,
brandon_bolden,RB,0.0,,,,41.0,42.5,2012.0,,,
tauren_poole,RB,0.0,,,,,,,,,
curtis_brinkley,RB,0.0,,,,19.0,31.2,2012.0,,,
chris_polk,RB,0.0,,,,,,,,,
steve_slaton,RB,0.0,,,72.0,,,,,,
ryan_torain,RB,0.0,,,76.0,,,,,,
deji_karim,RB,0.0,,,66.0,,,,,,
jerious_norwood,RB,0.0,,,67.0,,,,,,
early_doucet,WR,0.0,43.0,72.1,72.0,22.0,49.6,2012.0,,,
jerricho_cotchery,WR,0.0,43.8,,79.0,21.0,37.5,2012.0,,,
louis_murphy,WR,0.0,,,75.0,40.0,64.9,2012.0,,,
jason_avant,WR,0.0,,,77.0,65.0,117.8,2012.0,,,
andre_caldwell,WR,0.0,,,74.0,3.0,4.2,2012.0,,,
devin_hester,WR,0.0,66.6,,77.0,31.0,53.8,2012.0,,,
rod_streater,WR,0.0,66.2,,,76.0,115.4,2012.0,,,
harry_douglas,WR,0.0,71.6,,73.0,46.0,83.9,2012.0,,,
adrian_arrington,WR,0.0,,,,,,,,,
brad_smith,WR,0.0,,,,43.0,62.8,2012.0,,,
michael_jenkins,WR,0.0,,,76.0,57.0,96.9,2012.0,,,
mohamed_massaquoi,WR,0.0,,72.8,76.0,25.0,42.4,2012.0,,,
josh_cribbs,WR,0.0,,,79.0,5.0,11.5,2012.0,,,
jeremy_kerley,WR,0.0,62.8,73.2,61.0,91.0,153.2,2012.0,,,
preston_parker,WR,0.0,57.8,,55.0,1.0,0.7,2012.0,,,
riley_cooper,WR,0.0,43.0,,64.0,43.0,65.8,2012.0,,,
tandon_doss,WR,0.0,,,65.0,18.0,25.3,2012.0,,,
julian_edelman,WR,0.0,,,73.0,44.0,71.0,2012.0,,,
arrelious_benn,WR,0.0,44.2,72.6,76.0,4.0,8.2,2012.0,,,
dane_sanzenbacher,WR,0.0,,,65.0,1.0,1.7,2012.0,,,
ty_hilton,WR,0.0,61.0,,,131.0,187.0,2012.0,,,
aaron_rodgers,QB,352.0,415.8,340.68,99.0,171.0,169.4,2013.0,,,
drew_brees,QB,334.0,423.8,340.68,98.0,358.0,357.7,2013.0,,,
tom_brady,QB,325.0,369.6,318.28,98.0,252.0,251.5,2013.0,,,
peyton_manning,QB,324.0,400.0,333.96,93.0,414.0,412.0,2013.0,,,
cam_newton,QB,323.0,368.6,306.52,89.0,298.0,297.7,2013.0,,,
matt_ryan,QB,314.0,362.2,276.72,89.0,248.0,248.1,2013.0,,,
colin_kaepernick,QB,306.0,330.2,302.08,70.0,264.0,264.3,2013.0,,,
matthew_stafford,QB,288.0,356.2,262.22,91.0,285.0,278.9,2013.0,,,
tony_romo,QB,284.0,341.8,260.36,90.0,265.0,260.9,2013.0,,,
russell_wilson,QB,280.0,315.8,271.6,70.0,272.0,270.2,2013.0,,,
andrew_luck,QB,280.0,343.6,328.6,84.0,297.0,292.6,2013.0,,,
adrian_peterson,RB,279.0,258.4,287.8,97.0,204.0,232.7,2013.0,,,
robert_griffin_iii,QB,268.0,347.0,289.78,83.0,,,,,,
arian_foster,RB,261.0,213.0,310.4,96.0,87.0,108.5,2013.0,,,
calvin_johnson,WR,236.0,223.2,207.4,99.0,221.0,303.2,2013.0,,,
marshawn_lynch,RB,233.0,221.6,247.6,90.0,239.0,275.3,2013.0,,,
eli_manning,QB,232.0,316.8,244.44,97.0,170.0,170.3,2013.0,,,
ray_rice,RB,232.0,211.6,225.7,95.0,120.0,178.1,2013.0,,,
matt_schaub,QB,230.0,277.0,206.0,89.0,105.0,104.8,2013.0,,,
jamaal_charles,RB,228.0,232.0,242.3,91.0,308.0,378.0,2013.0,,,
cj_spiller,RB,227.0,238.0,235.6,80.0,122.0,154.8,2013.0,,,
doug_martin,RB,226.0,235.4,247.8,76.0,56.0,68.2,2013.0,,,
trent_richardson,RB,226.0,227.0,211.7,83.0,110.0,144.9,2013.0,,,
ben_roethlisberger,QB,221.0,281.2,232.82,95.0,261.0,258.8,2013.0,,,
carson_palmer,QB,221.0,288.0,224.74,84.0,221.0,217.3,2013.0,,,
alfred_morris,RB,219.0,201.2,223.4,64.0,169.0,178.3,2013.0,,,
josh_freeman,QB,218.0,281.4,254.52,82.0,30.0,30.4,2013.0,,,
philip_rivers,QB,216.0,266.0,236.0,92.0,287.0,287.4,2013.0,,,
joe_flacco,QB,215.0,262.6,223.2,88.0,208.0,207.6,2013.0,,,
andy_dalton,QB,210.0,291.0,254.24,83.0,290.0,288.0,2013.0,,,
sam_bradford,QB,206.0,284.4,199.68,80.0,119.0,118.6,2013.0,,,
ryan_tannehill,QB,205.0,259.6,138.46,74.0,240.0,238.3,2013.0,,,
dez_bryant,WR,202.0,198.4,187.2,86.0,203.0,292.4,2013.0,,,
aj_green,WR,201.0,197.2,194.0,89.0,209.0,306.6,2013.0,,,
jay_cutler,QB,200.0,284.0,198.88,87.0,169.0,168.6,2013.0,,,
lesean_mccoy,RB,200.0,217.2,211.5,95.0,279.0,330.6,2013.0,,,
michael_vick,QB,198.0,282.0,239.1,89.0,101.0,101.0,2013.0,,,
brandon_marshall,WR,196.0,190.4,201.1,91.0,206.0,305.5,2013.0,,,
steven_jackson,RB,192.0,184.2,186.8,92.0,115.0,148.4,2013.0,,,
julio_jones,WR,186.0,188.2,184.0,88.0,69.0,109.7,2013.0,,,
matt_forte,RB,182.0,191.8,189.1,93.0,265.0,337.3,2013.0,,,
stevan_ridley,RB,181.0,188.2,207.6,75.0,120.0,127.5,2013.0,,,
demaryius_thomas,WR,180.0,182.4,176.4,81.0,229.0,319.0,2013.0,,,
frank_gore,RB,178.0,164.6,175.5,92.0,175.0,190.9,2013.0,,,
roddy_white,WR,177.0,171.0,160.4,94.0,87.0,150.1,2013.0,,,
andre_johnson,WR,177.0,173.8,168.6,97.0,171.0,279.7,2013.0,,,
vincent_jackson,WR,175.0,165.6,169.7,89.0,164.0,242.4,2013.0,,,
jimmy_graham,TE,174.0,161.0,179.4,95.0,,,,,,
rob_gronkowski,TE,173.0,149.0,153.1,97.0,83.0,122.2,2013.0,,,
chris_johnson,RB,172.0,186.6,188.7,90.0,198.0,240.2,2013.0,,,
maurice_jones-drew,RB,172.0,173.6,189.8,97.0,144.0,187.0,2013.0,,,
randall_cobb,WR,171.0,168.8,181.0,76.0,75.0,106.1,2013.0,,,
alex_smith,QB,170.0,266.6,202.92,83.0,253.0,254.2,2013.0,,,
jake_locker,QB,170.0,258.4,175.8,75.0,100.0,99.7,2013.0,,,
brandon_weeden,QB,170.0,269.0,169.04,74.0,90.0,89.6,2013.0,,,
darren_mcfadden,RB,168.0,148.8,206.8,91.0,81.0,98.3,2013.0,,,
larry_fitzgerald,WR,167.0,182.4,166.2,97.0,156.0,236.2,2013.0,,,
christian_ponder,QB,165.0,229.4,151.7,75.0,107.0,107.0,2013.0,,,
david_wilson,RB,164.0,160.4,179.9,74.0,17.0,19.4,2013.0,,,
reggie_bush,RB,161.0,177.0,207.0,84.0,185.0,239.2,2013.0,,,
eddie_lacy,RB,159.0,136.2,162.5,,208.0,242.5,2013.0,,,
darren_sproles,RB,154.0,153.2,162.0,89.0,102.0,173.4,2013.0,,,
wes_welker,WR,154.0,149.8,140.9,95.0,138.0,208.8,2013.0,,,
mike_wallace,WR,154.0,130.2,137.1,89.0,128.0,199.3,2013.0,,,
ej_manuel,QB,152.0,228.0,119.64,,133.0,133.5,2013.0,,,
victor_cruz,WR,152.0,163.8,157.3,90.0,122.0,194.8,2013.0,,,
demarco_murray,RB,151.0,175.2,206.6,83.0,205.0,258.1,2013.0,,,
marques_colston,WR,150.0,155.2,153.3,91.0,124.0,199.3,2013.0,,,
reggie_wayne,WR,149.0,144.4,173.4,88.0,65.0,102.8,2013.0,,,
james_jones,WR,146.0,138.8,120.4,79.0,100.0,156.7,2013.0,,,
montee_ball,RB,142.0,127.2,178.6,,88.0,108.4,2013.0,,,
ryan_mathews,RB,140.0,128.2,133.2,87.0,184.0,210.4,2013.0,,,
lamar_miller,RB,138.0,161.6,185.0,69.0,98.0,123.9,2013.0,,,
torrey_smith,WR,138.0,136.4,155.1,80.0,139.0,203.8,2013.0,,,
steve_smith,WR,137.0,143.8,157.3,95.0,99.0,162.5,2013.0,,,
steve_smith,WR,137.0,143.8,157.3,77.0,99.0,162.5,2013.0,,,
matt_flynn,QB,134.0,173.2,120.7,79.0,78.0,72.2,2013.0,,,
eric_decker,WR,134.0,145.2,143.1,78.0,193.0,279.8,2013.0,,,
antonio_brown,WR,134.0,137.2,151.7,85.0,199.0,314.9,2013.0,,,
jordy_nelson,WR,134.0,136.4,149.4,89.0,179.0,264.4,2013.0,,,
sidney_rice,WR,134.0,96.4,117.5,84.0,39.0,54.1,2013.0,,,
rashard_mendenhall,RB,133.0,131.8,151.8,86.0,126.0,144.1,2013.0,,,
tony_gonzalez,TE,133.0,121.2,126.4,87.0,136.0,218.9,2013.0,,,
dwayne_bowe,WR,132.0,153.6,149.1,91.0,97.0,154.3,2013.0,,,
cecil_shorts,WR,131.0,140.4,146.4,,96.0,161.7,2013.0,,,
daryl_richardson,RB,130.0,130.6,111.9,63.0,34.0,47.6,2013.0,,,
desean_jackson,WR,130.0,131.8,153.1,86.0,191.0,269.4,2013.0,,,
giovani_bernard,RB,129.0,142.6,104.4,,167.0,222.9,2013.0,,,
chris_ivory,RB,128.0,120.2,180.6,77.0,102.0,104.3,2013.0,,,
ahmad_bradshaw,RB,128.0,130.4,171.2,88.0,35.0,41.8,2013.0,,,
deangelo_williams,RB,128.0,108.6,112.6,84.0,138.0,163.6,2013.0,,,
shane_vereen,RB,128.0,136.2,109.6,73.0,92.0,134.5,2013.0,,,
steve_johnson,WR,128.0,128.4,137.4,,79.0,130.7,2013.0,,,
benjarvus_green-ellis,RB,127.0,100.4,142.5,82.0,116.0,119.8,2013.0,,,
ty_hilton,WR,126.0,135.8,132.7,64.0,139.0,220.9,2013.0,,,
anquan_boldin,WR,125.0,112.6,135.7,87.0,161.0,246.0,2013.0,,,
hakeem_nicks,WR,124.0,140.2,148.4,94.0,90.0,145.6,2013.0,,,
pierre_garcon,WR,123.0,155.6,147.7,82.0,167.0,277.5,2013.0,,,
mike_williams,WR,123.0,126.8,130.7,78.0,34.0,55.6,2013.0,,,
mike_williams,WR,123.0,126.8,130.7,76.0,34.0,55.6,2013.0,,,
jason_witten,TE,123.0,123.2,115.4,93.0,133.0,206.1,2013.0,,,
greg_jennings,WR,122.0,113.8,140.8,93.0,106.0,172.4,2013.0,,,
tavon_austin,WR,119.0,131.6,130.8,,85.0,130.9,2013.0,,,
miles_austin,WR,118.0,121.6,133.1,88.0,24.0,48.4,2013.0,,,
josh_gordon,WR,118.0,126.8,,,227.0,314.4,2013.0,,,
lance_moore,WR,117.0,118.0,135.8,82.0,56.0,92.7,2013.0,,,
chris_givens,WR,117.0,125.2,75.7,67.0,56.0,89.7,2013.0,,,
danny_amendola,WR,115.0,144.0,149.4,76.0,75.0,129.4,2013.0,,,
denarius_moore,WR,115.0,104.8,128.4,80.0,100.0,145.5,2013.0,,,
vernon_davis,TE,114.0,118.8,106.8,95.0,161.0,213.0,2013.0,,,
andre_brown,RB,113.0,118.8,110.1,62.0,74.0,93.5,2013.0,,,
golden_tate,WR,112.0,117.8,120.8,75.0,123.0,186.9,2013.0,,,
kendall_wright,WR,112.0,97.6,120.4,74.0,120.0,213.9,2013.0,,,
ronnie_hillman,RB,111.0,105.4,77.9,68.0,38.0,49.7,2013.0,,,
emmanuel_sanders,WR,110.0,103.4,119.2,72.0,117.0,181.5,2013.0,,,
vincent_brown,WR,108.0,105.2,74.4,74.0,53.0,94.2,2013.0,,,
ryan_broyles,WR,107.0,110.2,82.1,65.0,9.0,16.5,2013.0,,,
vick_ballard,RB,106.0,92.2,91.0,64.0,6.0,6.8,2013.0,,,
rueben_randle,WR,105.0,105.2,81.1,69.0,95.0,136.1,2013.0,,,
mark_ingram,RB,103.0,108.2,120.8,79.0,53.0,58.4,2013.0,,,
geno_smith,QB,102.0,153.0,90.22,,194.0,194.7,2013.0,,,
greg_olsen,TE,102.0,99.0,105.4,84.0,118.0,190.6,2013.0,,,
malcom_floyd,WR,99.0,82.0,84.2,82.0,15.0,20.9,2013.0,,,
antonio_gates,TE,99.0,102.6,97.7,91.0,107.0,184.2,2013.0,,,
kyle_rudolph,TE,98.0,94.6,94.9,79.0,49.0,79.3,2013.0,,,
owen_daniels,TE,98.0,89.4,94.7,85.0,43.0,67.2,2013.0,,,
brandon_myers,TE,98.0,88.2,99.7,71.0,76.0,123.2,2013.0,,,
jermichael_finley,TE,98.0,107.0,96.1,86.0,48.0,73.0,2013.0,,,
jared_cook,TE,94.0,102.6,95.7,82.0,97.0,146.1,2013.0,,,
kenny_britt,WR,93.0,131.4,136.2,88.0,10.0,20.6,2013.0,,,
martellus_bennett,TE,93.0,96.0,73.4,79.0,104.0,168.9,2013.0,,,
alshon_jeffery,WR,92.0,108.8,88.7,70.0,195.0,283.6,2013.0,,,
blaine_gabbert,QB,90.0,196.6,115.8,74.0,12.0,12.4,2013.0,,,
andre_roberts,WR,87.0,71.8,90.5,74.0,59.0,102.1,2013.0,,,
deandre_hopkins,WR,86.0,113.2,82.2,,90.0,142.2,2013.0,,,
isaac_redman,RB,85.0,35.6,44.7,77.0,3.0,6.6,2013.0,,,
michael_floyd,WR,84.0,118.6,98.4,75.0,136.0,199.1,2013.0,,,
jacquizz_rodgers,RB,83.0,66.6,98.9,74.0,89.0,141.3,2013.0,,,
jeremy_kerley,WR,83.0,73.6,62.5,67.0,71.0,114.4,2013.0,,,
michael_bush,RB,82.0,68.4,72.0,83.0,49.0,52.5,2013.0,,,
austin_collie,WR,82.0,,50.1,78.0,6.0,12.3,2013.0,,,
brandon_pettigrew,TE,82.0,86.2,87.8,84.0,52.0,92.6,2013.0,,,
brian_hartline,WR,81.0,93.2,90.4,77.0,126.0,201.6,2013.0,,,
mikel_leshoure,RB,80.0,64.0,97.4,72.0,1.0,0.9,2013.0,,,
shonn_greene,RB,80.0,78.4,77.6,82.0,57.0,63.4,2013.0,,,
bilal_powell,RB,80.0,77.8,37.0,62.0,104.0,140.1,2013.0,,,
danny_woodhead,RB,79.0,93.4,97.0,78.0,147.0,223.4,2013.0,,,
braylon_edwards,WR,79.0,,40.9,,,,,,,
pierre_thomas,RB,78.0,97.6,98.8,82.0,136.0,211.2,2013.0,,,
justin_blackmon,WR,78.0,105.4,111.4,80.0,49.0,76.4,2013.0,,,
fred_davis,TE,78.0,83.2,83.4,83.0,13.0,20.0,2013.0,,,
jacoby_jones,WR,77.0,81.8,55.7,74.0,58.0,100.5,2013.0,,,
leveon_bell,RB,76.0,88.4,93.1,,172.0,216.9,2013.0,,,
brandon_lafell,WR,76.0,96.8,101.2,74.0,94.0,143.2,2013.0,,,
isaiah_pead,RB,75.0,71.8,120.4,69.0,12.0,22.9,2013.0,,,
bryce_brown,RB,75.0,98.6,74.6,63.0,54.0,61.8,2013.0,,,
greg_little,WR,75.0,91.2,109.1,75.0,59.0,99.5,2013.0,,,
jordan_cameron,TE,75.0,100.2,81.2,57.0,134.0,213.7,2013.0,,,
roy_helu,RB,74.0,67.4,50.5,79.0,77.0,107.5,2013.0,,,
kenbrell_thompkins,WR,74.0,115.2,86.1,,71.0,102.6,2013.0,,,
brandon_lloyd,WR,74.0,,,88.0,,,,,,
jonathan_stewart,RB,73.0,97.6,152.4,84.0,22.0,29.4,2013.0,,,
johnathan_franklin,RB,73.0,61.0,95.6,,18.0,21.7,2013.0,,,
michael_turner,RB,73.0,,,91.0,,,,,,
jonathan_dwyer,RB,72.0,71.0,60.8,67.0,26.0,34.1,2013.0,,,
marcel_reece,RB,72.0,53.4,55.6,84.0,80.0,111.8,2013.0,,,
ben_tate,RB,70.0,100.8,97.7,84.0,111.0,145.1,2013.0,,,
santana_moss,WR,70.0,71.6,80.7,83.0,56.0,97.7,2013.0,,,
darrius_heyward-bey,WR,70.0,89.6,102.2,83.0,44.0,70.5,2013.0,,,
julius_thomas,TE,70.0,45.0,,62.0,151.0,215.8,2013.0,,,
bernard_pierce,RB,69.0,100.6,81.2,69.0,66.0,86.0,2013.0,,,
fred_jackson,RB,69.0,88.6,118.2,89.0,188.0,234.7,2013.0,,,
robert_woods,WR,69.0,74.6,63.2,,80.0,120.3,2013.0,,,
andrew_hawkins,WR,69.0,50.0,,65.0,20.0,32.2,2013.0,,,
jermaine_gresham,TE,69.0,63.6,95.3,81.0,64.0,109.8,2013.0,,,
robert_turbin,RB,68.0,46.0,59.7,67.0,30.0,38.4,2013.0,,,
zac_stacy,RB,68.0,61.4,59.0,,157.0,183.4,2013.0,,,
nate_burleson,WR,68.0,78.4,75.7,77.0,51.0,90.3,2013.0,,,
coby_fleener,TE,68.0,80.6,68.5,75.0,89.0,140.8,2013.0,,,
aaron_dobson,WR,67.0,87.6,80.7,,76.0,112.9,2013.0,,,
brian_quick,WR,67.0,44.8,91.8,70.0,42.0,60.2,2013.0,,,
ed_dickson,TE,67.0,58.2,110.2,77.0,33.0,58.3,2013.0,,,
mike_tolbert,RB,66.0,63.6,17.4,89.0,97.0,123.5,2013.0,,,
marcedes_lewis,TE,66.0,73.2,78.1,84.0,58.0,82.9,2013.0,,,
rod_streater,WR,65.0,93.4,,66.0,113.0,172.5,2013.0,,,
brandon_gibson,WR,65.0,66.2,70.4,74.0,51.0,80.6,2013.0,,,
dwayne_allen,TE,65.0,69.4,71.7,71.0,8.0,9.0,2013.0,,,
mohamed_sanu,WR,64.0,89.0,97.2,71.0,58.0,105.1,2013.0,,,
tyler_eifert,TE,64.0,92.4,52.7,,57.0,95.5,2013.0,,,
nick_foles,QB,63.0,54.0,,65.0,266.0,259.7,2013.0,,,
eddie_royal,WR,63.0,,42.9,79.0,111.0,158.2,2013.0,,,
rob_housler,TE,63.0,73.0,56.5,66.0,51.0,90.4,2013.0,,,
brent_celek,TE,63.0,53.2,69.4,83.0,84.0,116.2,2013.0,,,
heath_miller,TE,63.0,71.2,81.8,84.0,63.0,121.3,2013.0,,,
kendall_hunter,RB,62.0,66.4,58.6,75.0,53.0,55.1,2013.0,,,
julian_edelman,WR,62.0,,78.2,74.0,147.0,251.7,2013.0,,,
davone_bess,WR,62.0,72.6,40.1,76.0,48.0,90.2,2013.0,,,
jason_avant,WR,62.0,56.0,18.4,79.0,55.0,92.7,2013.0,,,
daniel_thomas,RB,61.0,73.0,60.5,74.0,83.0,97.9,2013.0,,,
scott_chandler,TE,60.0,54.8,71.4,78.0,76.0,128.5,2013.0,,,
kevin_kolb,QB,59.0,12.0,98.72,75.0,,,,,,
lance_dunbar,RB,59.0,37.0,27.5,63.0,19.0,25.9,2013.0,,,
riley_cooper,WR,59.0,58.2,73.9,69.0,139.0,184.3,2013.0,,,
zach_miller,TE,59.0,69.2,61.1,69.0,69.0,101.7,2013.0,,,
zach_miller,TE,59.0,69.2,61.1,79.0,69.0,101.7,2013.0,,,
cordarrelle_patterson,WR,58.0,88.8,70.1,,105.0,161.7,2013.0,,,
justin_hunter,WR,58.0,48.4,43.7,,59.0,77.4,2013.0,,,
santonio_holmes,WR,57.0,78.4,98.4,86.0,52.0,74.6,2013.0,,,
jarius_wright,WR,56.0,66.2,,64.0,61.0,87.4,2013.0,,,
josh_morgan,WR,56.0,63.8,76.7,79.0,23.0,42.7,2013.0,,,
dexter_mccluster,WR,56.0,66.2,45.4,,64.0,128.6,2013.0,,,
keenan_allen,WR,55.0,71.0,,,149.0,219.6,2013.0,,,
jacoby_ford,WR,55.0,50.8,51.1,75.0,9.0,22.4,2013.0,,,
delanie_walker,TE,55.0,65.4,69.6,80.0,93.0,153.1,2013.0,,,
larod_stephens-howling,RB,54.0,68.8,,74.0,3.0,5.0,2013.0,,,
joseph_randle,RB,53.0,46.6,55.3,,35.0,42.5,2013.0,,,
willis_mcgahee,RB,53.0,,97.5,85.0,50.0,57.7,2013.0,,,
cedric_benson,RB,53.0,,,,,,,,,
nate_washington,WR,53.0,52.6,70.8,83.0,110.0,167.9,2013.0,,,
leonard_hankerson,WR,53.0,62.2,22.9,71.0,56.0,85.5,2013.0,,,
zach_sudfeld,TE,53.0,58.8,,,6.0,11.3,2013.0,,,
zach_ertz,TE,53.0,27.2,47.1,,73.0,106.9,2013.0,,,
dujuan_harris,RB,52.0,53.0,,67.0,,,,,,
toby_gerhart,RB,52.0,43.2,52.8,75.0,47.0,60.1,2013.0,,,
rashad_jennings,RB,52.0,52.2,45.4,74.0,139.0,174.5,2013.0,,,
doug_baldwin,WR,52.0,43.2,48.8,77.0,110.0,158.4,2013.0,,,
donnie_avery,WR,52.0,69.8,88.0,71.0,70.0,110.2,2013.0,,,
kellen_winslow,TE,52.0,49.2,,85.0,51.0,81.8,2013.0,,,
lamichael_james,RB,51.0,55.6,44.1,73.0,8.0,9.5,2013.0,,,
joique_bell,RB,51.0,84.4,59.6,58.0,164.0,216.7,2013.0,,,
stephen_hill,WR,51.0,65.2,96.8,68.0,38.0,62.2,2013.0,,,
domenik_hixon,WR,50.0,50.2,45.4,73.0,12.0,18.5,2013.0,,,
dallas_clark,TE,50.0,54.0,,81.0,52.0,83.3,2013.0,,,
chad_henne,QB,49.0,63.4,,75.0,165.0,161.3,2013.0,,,
ryan_williams,RB,49.0,42.0,77.8,73.0,,,,,,
justin_forsett,RB,49.0,33.0,25.4,73.0,11.0,26.3,2013.0,,,
kenny_stills,WR,49.0,66.6,39.4,,95.0,127.1,2013.0,,,
travis_kelce,TE,49.0,50.2,,,,,,,,
christine_michael,RB,48.0,44.8,41.5,,8.0,7.9,2013.0,,,
mike_gillislee,RB,48.0,34.2,44.3,,2.0,2.1,2013.0,,,
jordan_shipley,WR,48.0,42.0,22.8,74.0,,,,,,
terrance_williams,WR,47.0,,69.6,,102.0,146.0,2013.0,,,
quinton_patton,WR,47.0,,46.6,,6.0,9.0,2013.0,,,
luke_stocker,TE,47.0,24.8,47.4,67.0,,,,,,
mark_sanchez,QB,46.0,57.0,104.06,80.0,,,,,,
harry_douglas,WR,46.0,48.0,37.1,76.0,115.0,199.7,2013.0,,,
knile_davis,RB,44.0,66.2,49.9,,54.0,70.7,2013.0,,,
jerome_simpson,WR,44.0,,44.7,80.0,79.0,126.6,2013.0,,,
tony_scheffler,TE,43.0,47.2,69.3,77.0,8.0,15.2,2013.0,,,
dwayne_harris,WR,42.0,,46.3,66.0,19.0,33.6,2013.0,,,
jacob_tamme,TE,40.0,47.2,42.4,79.0,24.0,44.4,2013.0,,,
tj_graham,WR,39.0,46.6,31.7,64.0,48.0,70.5,2013.0,,,
tom_crabtree,TE,39.0,31.8,16.4,65.0,8.0,12.1,2013.0,,,
ronnie_brown,RB,38.0,13.4,47.5,77.0,28.0,35.7,2013.0,,,
earl_bennett,WR,38.0,50.2,47.1,77.0,50.0,82.3,2013.0,,,
brandon_jackson,RB,37.0,,,71.0,,,,,,
beanie_wells,RB,37.0,,,85.0,,,,,,
david_paulson,TE,37.0,,,65.0,8.0,14.2,2013.0,,,
markus_wheaton,WR,36.0,72.2,36.8,,6.0,12.4,2013.0,,,
aj_jenkins,WR,36.0,,57.9,69.0,14.0,21.6,2013.0,,,
corey_fuller,WR,36.0,,,,,,,,,
tiquan_underwood,WR,36.0,,51.1,62.0,68.0,92.0,2013.0,,,
kyle_williams,WR,35.0,,61.1,69.0,14.0,25.6,2013.0,,,
knowshon_moreno,RB,34.0,54.8,44.5,76.0,237.0,296.6,2013.0,,,
shaun_draughn,RB,34.0,16.4,24.2,64.0,,0.2,2013.0,,,
stedman_bailey,WR,34.0,,55.8,,32.0,48.9,2013.0,,,
louis_murphy,WR,34.0,,35.4,73.0,8.0,13.7,2013.0,,,
kirk_cousins,QB,33.0,26.6,0.0,72.0,36.0,33.6,2013.0,,,
jon_baldwin,WR,33.0,41.2,62.1,,,,,,,
taylor_thompson,TE,33.0,,,62.0,7.0,10.3,2013.0,,,
lestar_jean,WR,32.0,,,64.0,4.0,7.5,2013.0,,,
felix_jones,RB,31.0,,54.9,81.0,23.0,31.7,2013.0,,,
michael_crabtree,WR,31.0,47.8,,83.0,34.0,53.4,2013.0,,,
marvin_jones,WR,31.0,,56.9,65.0,138.0,188.7,2013.0,,,
tandon_doss,WR,31.0,,27.4,65.0,29.0,53.5,2013.0,,,
matt_cassel,QB,30.0,11.8,0.0,80.0,110.0,108.0,2013.0,,,
jason_snelling,RB,30.0,21.6,31.7,74.0,62.0,91.0,2013.0,,,
jason_campbell,QB,29.0,11.4,0.0,79.0,115.0,115.3,2013.0,,,
bruce_gradkowski,QB,29.0,4.6,,73.0,,,,,,
andre_ellington,RB,29.0,18.6,,,126.0,165.3,2013.0,,,
robert_meachem,WR,29.0,,34.7,80.0,44.0,60.3,2013.0,,,
josh_boyce,WR,29.0,,31.2,,12.0,21.1,2013.0,,,
evan_royster,RB,28.0,24.4,31.9,73.0,,1.3,2013.0,,,
montario_hardesty,RB,27.0,24.2,32.5,72.0,,,,,,
donald_brown,RB,26.0,32.2,46.1,78.0,123.0,150.1,2013.0,,,
percy_harvin,WR,24.0,,,87.0,2.0,2.7,2013.0,,,
chris_polk,RB,23.0,22.2,,65.0,36.0,37.9,2013.0,,,
stepfan_taylor,RB,23.0,31.4,16.1,,19.0,26.6,2013.0,,,
aaron_mellette,WR,23.0,,,,,,,,,
darick_rogers,WR,22.0,,,,31.0,45.2,2013.0,,,
mike_goodson,RB,21.0,12.4,75.9,74.0,8.0,10.0,2013.0,,,
chris_ogbonnaya,RB,20.0,,,71.0,68.0,114.3,2013.0,,,
mario_manningham,WR,20.0,,57.7,82.0,9.0,17.5,2013.0,,,
marlon_moore,WR,19.0,,,64.0,7.0,14.1,2013.0,,,
brandon_bolden,RB,18.0,15.0,,62.0,60.0,81.3,2013.0,,,
bernard_scott,RB,18.0,,10.4,77.0,2.0,4.4,2013.0,,,
peyton_hillis,RB,17.0,,59.3,83.0,44.0,57.3,2013.0,,,
latavius_murray,RB,16.0,27.0,51.5,,,,,,,
rex_burkhead,RB,15.0,,,,,,,,,
nick_toon,WR,15.0,,,67.0,7.0,10.8,2013.0,,,
delone_carter,RB,14.0,23.0,,71.0,,,,,,
leron_mcclain,RB,14.0,,9.0,81.0,3.0,4.5,2013.0,,,
joe_mcknight,RB,12.0,,33.1,73.0,,,,,,
armando_allen,RB,12.0,17.2,,64.0,,,,,,
leon_washington,RB,11.0,,,75.0,,0.1,2013.0,,,
alex_green,RB,11.0,,,68.0,4.0,6.3,2013.0,,,
legarrette_blount,RB,10.0,52.4,31.5,79.0,119.0,121.0,2013.0,,,
denard_robinson,RB,10.0,48.6,51.7,,,,,,,
tashard_choice,RB,8.0,,,72.0,19.0,23.5,2013.0,,,
cierre_wood,RB,7.0,,,,1.0,0.9,2013.0,,,
anthony_allen,RB,6.0,,,70.0,,,,,,
darel_scott,RB,6.0,,,63.0,24.0,34.5,2013.0,,,
james_starks,RB,4.0,,27.0,77.0,82.0,92.2,2013.0,,,
ray_graham,RB,0.0,,,,2.0,3.0,2013.0,,,
cyrus_gray,RB,0.0,,,66.0,7.0,14.0,2013.0,,,
kenjon_barner,RB,0.0,18.6,,,1.0,3.4,2013.0,,,
terrance_ganaway,RB,0.0,,,61.0,,,,,,
kerwynn_williams,RB,0.0,,,,,,,,,
marcus_lattimore,RB,0.0,,,,,,,,,
brandon_jacobs,RB,0.0,,,81.0,47.0,49.1,2013.0,,,
javon_ringer,RB,0.0,,,73.0,,,,,,
jackie_battle,RB,0.0,,,,24.0,27.8,2013.0,,,
mike_james,RB,0.0,23.2,,,38.0,47.9,2013.0,,,
peyton_manning,QB,368.0,444.0,349.98,97.0,313.0,312.7,2014.0,370.9,372.8,
aaron_rodgers,QB,347.0,406.0,340.08,98.0,358.0,354.1,2014.0,325.61,367.3,
drew_brees,QB,329.0,409.0,340.22,96.0,305.0,304.0,2014.0,345.01,394.0,
robert_griffin_iii,QB,285.0,334.0,295.84,89.0,,,,295.27,358.3,
matthew_stafford,QB,284.0,383.0,299.58,85.0,254.0,251.6,2014.0,309.72,346.6,
andrew_luck,QB,282.0,341.0,317.0,88.0,356.0,351.7,2014.0,302.67,354.9,
nick_foles,QB,277.0,350.0,304.98,75.0,119.0,119.3,2014.0,307.69,338.9,
cam_newton,QB,275.0,321.0,309.44,89.0,249.0,249.0,2014.0,287.04,345.5,
russell_wilson,QB,269.0,316.0,290.58,89.0,332.0,330.6,2014.0,270.36,317.0,
colin_kaepernick,QB,266.0,373.0,299.22,89.0,251.0,250.7,2014.0,279.82,320.0,
tony_romo,QB,264.0,340.0,287.68,88.0,266.0,266.3,2014.0,295.36,334.6,
matt_ryan,QB,261.0,350.0,287.48,94.0,284.0,284.3,2014.0,304.71,357.0,
philip_rivers,QB,261.0,317.0,272.02,84.0,266.0,265.6,2014.0,272.7,338.4,
tom_brady,QB,261.0,354.0,292.68,97.0,280.0,278.1,2014.0,301.62,323.0,
adrian_peterson,RB,250.0,217.0,252.0,99.0,9.0,11.3,2014.0,229.49,243.6,
jay_cutler,QB,245.0,328.0,275.54,86.0,256.0,255.6,2014.0,275.35,331.6,
jamaal_charles,RB,244.0,258.0,243.8,94.0,210.0,250.4,2014.0,243.16,242.7,
lesean_mccoy,RB,242.0,244.0,251.6,93.0,171.0,199.4,2014.0,233.04,288.7,
andy_dalton,QB,237.0,298.0,268.2,84.0,225.0,225.6,2014.0,261.58,316.8,
calvin_johnson,WR,236.0,224.0,238.7,99.0,156.0,226.7,2014.0,205.51,203.2,
ben_roethlisberger,QB,235.0,327.0,267.96,92.0,310.0,306.2,2014.0,249.64,339.6,
matt_forte,RB,235.0,237.0,238.7,91.0,245.0,346.6,2014.0,225.77,276.0,
marshawn_lynch,RB,229.0,184.0,233.6,96.0,265.0,302.3,2014.0,206.87,188.8,
eli_manning,QB,222.0,270.0,233.86,91.0,270.0,269.5,2014.0,236.04,320.1,
carson_palmer,QB,221.0,307.0,261.3,84.0,106.0,103.5,2014.0,236.69,301.5,
ryan_tannehill,QB,220.0,286.0,265.82,81.0,279.0,279.5,2014.0,267.76,311.8,
demaryius_thomas,WR,216.0,211.0,218.3,90.0,230.0,340.9,2014.0,196.75,170.3,
eddie_lacy,RB,214.0,208.0,234.6,76.0,231.0,272.6,2014.0,219.14,252.0,
alex_smith,QB,212.0,275.0,271.74,87.0,224.0,220.0,2014.0,279.68,300.9,
joe_flacco,QB,212.0,274.0,238.3,93.0,262.0,262.4,2014.0,238.37,292.5,
josh_mccown,QB,210.0,267.0,178.34,71.0,127.0,126.9,2014.0,236.14,334.1,
dez_bryant,WR,200.0,190.0,215.1,92.0,228.0,316.0,2014.0,202.65,185.4,
doug_martin,RB,200.0,181.0,215.9,90.0,68.0,80.8,2014.0,189.48,223.6,
aj_green,WR,199.0,186.0,216.3,94.0,136.0,205.3,2014.0,181.93,163.8,
brandon_marshall,WR,195.0,186.0,203.0,95.0,118.0,179.1,2014.0,191.58,169.1,
leveon_bell,RB,192.0,193.0,201.6,73.0,288.0,370.5,2014.0,187.04,217.3,
julio_jones,WR,191.0,193.0,202.6,92.0,193.0,297.4,2014.0,192.03,170.4,
demarco_murray,RB,190.0,197.0,212.9,84.0,294.0,351.1,2014.0,211.41,222.4,
jimmy_graham,TE,189.0,194.0,192.5,96.0,145.0,229.9,2014.0,184.08,152.9,
alshon_jeffery,WR,188.0,171.0,187.6,75.0,177.0,261.6,2014.0,175.56,140.7,
jordy_nelson,WR,188.0,181.0,190.0,89.0,230.0,327.9,2014.0,167.05,188.5,
antonio_brown,WR,187.0,171.0,189.9,86.0,252.0,386.9,2014.0,172.58,170.1,
arian_foster,RB,183.0,198.0,210.6,95.0,236.0,273.5,2014.0,193.14,211.1,
randall_cobb,WR,183.0,166.0,181.0,88.0,202.0,293.4,2014.0,161.79,143.9,
alfred_morris,RB,182.0,185.0,192.3,89.0,171.0,187.9,2014.0,174.99,237.0,
zac_stacy,RB,182.0,180.0,188.2,70.0,47.0,64.5,2014.0,174.67,180.9,
ej_manuel,QB,180.0,224.0,240.12,74.0,59.0,58.7,2014.0,239.36,296.2,
montee_ball,RB,179.0,198.0,218.1,75.0,27.0,36.4,2014.0,196.15,218.4,
andre_johnson,WR,178.0,156.0,182.2,97.0,106.0,190.6,2014.0,145.67,171.5,
giovani_bernard,RB,177.0,196.0,213.1,75.0,145.0,187.9,2014.0,176.87,208.9,
reggie_bush,RB,175.0,155.0,187.2,83.0,67.0,107.0,2014.0,147.14,193.5,
geno_smith,QB,174.0,128.0,186.88,73.0,157.0,150.8,2014.0,231.95,255.1,
vincent_jackson,WR,172.0,158.0,183.4,92.0,110.0,180.2,2014.0,160.57,179.9,
ben_tate,RB,169.0,137.0,166.9,81.0,67.0,76.1,2014.0,156.34,162.3,
frank_gore,RB,169.0,144.0,178.5,93.0,148.0,158.7,2014.0,162.53,152.7,
johnny_manziel,QB,169.0,256.0,150.28,,12.0,11.9,2014.0,172.28,0.0,
andre_ellington,RB,165.0,168.0,191.6,67.0,132.0,177.5,2014.0,186.94,194.3,
cj_spiller,RB,165.0,156.0,180.0,92.0,47.0,71.5,2014.0,156.09,179.7,
julius_thomas,TE,164.0,152.0,148.8,65.0,121.0,163.9,2014.0,130.13,110.8,
ryan_mathews,RB,163.0,163.0,183.1,82.0,58.0,66.9,2014.0,159.73,201.6,
jake_locker,QB,162.0,236.0,261.14,77.0,64.0,63.9,2014.0,262.31,294.2,
ray_rice,RB,161.0,147.0,161.5,94.0,,,,146.03,165.2,
joique_bell,RB,160.0,146.0,172.8,76.0,166.0,198.2,2014.0,142.4,181.7,
chris_johnson,RB,157.0,138.0,169.4,87.0,91.0,115.4,2014.0,148.03,192.0,
ryan_fitzpatrick,QB,157.0,162.0,154.32,76.0,180.0,179.7,2014.0,138.3,296.0,
stevan_ridley,RB,156.0,144.0,130.4,85.0,48.0,52.0,2014.0,133.89,161.3,
rashad_jennings,RB,155.0,137.0,184.5,73.0,109.0,138.5,2014.0,166.9,168.5,
larry_fitzgerald,WR,154.0,161.0,175.8,92.0,90.0,151.4,2014.0,154.34,166.2,
keenan_allen,WR,150.0,147.0,180.6,74.0,98.0,175.3,2014.0,152.07,145.6,
toby_gerhart,RB,150.0,160.0,180.5,74.0,61.0,81.2,2014.0,169.96,169.6,
derek_carr,QB,149.0,54.0,117.54,,192.0,192.0,2014.0,213.64,,
steven_jackson,RB,149.0,131.0,148.5,89.0,122.0,141.5,2014.0,148.78,155.7,
trent_richardson,RB,148.0,138.0,159.2,87.0,91.0,117.8,2014.0,146.16,120.6,
desean_jackson,WR,147.0,131.0,170.3,85.0,154.0,209.6,2014.0,143.67,127.3,
pierre_garcon,WR,147.0,155.0,172.8,87.0,93.0,161.2,2014.0,148.43,127.9,
shane_vereen,RB,145.0,148.0,172.1,78.0,114.0,165.8,2014.0,148.57,152.7,
victor_cruz,WR,144.0,141.0,181.1,90.0,40.0,62.7,2014.0,150.19,170.8,
shaun_hill,QB,142.0,26.0,147.26,76.0,89.0,90.3,2014.0,227.87,259.7,
torrey_smith,WR,142.0,132.0,150.2,85.0,143.0,191.7,2014.0,137.9,121.8,
michael_crabtree,WR,141.0,160.0,174.0,90.0,94.0,162.2,2014.0,127.96,120.6,
rob_gronkowski,TE,140.0,151.0,149.4,98.0,184.0,266.4,2014.0,164.84,97.7,
roddy_white,WR,140.0,139.0,177.1,93.0,132.0,212.1,2014.0,147.04,176.9,
ty_hilton,WR,140.0,118.0,149.5,79.0,179.0,258.5,2014.0,141.02,136.5,
emmanuel_sanders,WR,139.0,135.0,151.9,76.0,201.0,301.8,2014.0,145.74,104.1,
golden_tate,WR,139.0,135.0,139.1,80.0,162.0,259.1,2014.0,123.02,113.3,
reggie_wayne,WR,138.0,109.0,143.2,91.0,90.0,151.9,2014.0,115.88,139.2,
cordarrelle_patterson,WR,137.0,146.0,181.1,73.0,60.0,93.1,2014.0,146.7,125.3,
julian_edelman,WR,136.0,134.0,144.8,77.0,133.0,228.6,2014.0,141.25,122.6,
michael_floyd,WR,135.0,145.0,161.9,75.0,118.0,165.3,2014.0,142.48,136.8,
matt_cassel,QB,131.0,38.0,147.92,76.0,23.0,22.8,2014.0,139.46,275.7,
mike_wallace,WR,131.0,127.0,153.4,87.0,146.0,212.8,2014.0,150.29,149.9,
vernon_davis,TE,131.0,138.0,133.9,94.0,37.0,62.9,2014.0,103.03,80.6,
jordan_cameron,TE,129.0,111.0,130.0,77.0,54.0,78.4,2014.0,125.74,122.3,
knowshon_moreno,RB,129.0,122.0,124.2,76.0,22.0,22.6,2014.0,140.15,176.7,
dennis_pitta,TE,128.0,113.0,129.2,87.0,13.0,28.5,2014.0,101.69,93.5,
eric_decker,WR,128.0,119.0,147.7,87.0,126.0,200.2,2014.0,134.66,141.6,
jeremy_maclin,WR,127.0,126.0,140.2,83.0,192.0,276.8,2014.0,122.87,115.2,
kendall_wright,WR,127.0,125.0,154.8,78.0,111.0,167.9,2014.0,143.0,139.5,
percy_harvin,WR,127.0,128.0,172.2,92.0,79.0,129.5,2014.0,141.36,169.8,
terrance_williams,WR,127.0,117.0,139.7,67.0,110.0,147.1,2014.0,131.02,110.5,
bishop_sankey,RB,125.0,168.0,168.1,,78.0,96.2,2014.0,117.83,122.5,
marques_colston,WR,124.0,124.0,145.0,90.0,118.0,177.2,2014.0,139.12,174.2,
danny_woodhead,RB,123.0,99.0,137.0,82.0,7.0,12.2,2014.0,120.65,95.0,
jason_witten,TE,123.0,118.0,137.8,96.0,100.0,164.3,2014.0,118.96,124.0,
chad_henne,QB,122.0,91.0,143.58,74.0,30.0,30.2,2014.0,170.08,297.6,
deangelo_williams,RB,122.0,112.0,139.1,82.0,24.0,29.3,2014.0,94.9,152.6,
anquan_boldin,WR,121.0,,125.7,88.0,137.0,219.6,2014.0,107.1,126.0,
deandre_hopkins,WR,119.0,89.0,138.8,74.0,155.0,231.0,2014.0,115.18,103.7,
maurice_jones-drew,RB,119.0,129.0,152.0,91.0,17.0,27.7,2014.0,131.68,158.6,
cecil_shorts,WR,118.0,90.0,120.2,,67.0,118.0,2014.0,,,
pierre_thomas,RB,118.0,123.0,140.3,82.0,78.0,123.0,2014.0,119.96,128.2,
greg_olsen,TE,114.0,108.0,125.1,88.0,137.0,220.8,2014.0,120.83,100.8,
riley_cooper,WR,111.0,111.0,138.7,70.0,74.0,128.7,2014.0,99.82,91.2,
fred_jackson,RB,110.0,121.0,146.6,83.0,123.0,188.6,2014.0,137.06,113.1,
sammy_watkins,WR,109.0,116.0,139.0,,133.0,198.0,2014.0,122.02,144.2,
kyle_rudolph,TE,105.0,105.0,114.2,86.0,35.0,59.1,2014.0,99.68,85.2,
dwayne_bowe,WR,103.0,105.0,128.3,88.0,77.0,135.4,2014.0,122.28,126.8,
martellus_bennett,TE,103.0,94.0,111.9,88.0,132.0,221.6,2014.0,103.06,92.0,
jordan_reed,TE,102.0,108.0,130.4,69.0,45.0,94.5,2014.0,102.78,89.2,
hakeem_nicks,WR,100.0,106.0,125.5,89.0,65.0,102.5,2014.0,98.81,95.3,
mike_evans,WR,100.0,114.0,126.6,,177.0,245.1,2014.0,119.2,117.6,
greg_jennings,WR,99.0,85.0,118.7,88.0,110.0,169.2,2014.0,119.7,140.4,
danny_amendola,WR,98.0,90.0,121.7,83.0,26.0,53.0,2014.0,42.21,138.6,
james_jones,WR,98.0,87.0,112.1,87.0,101.0,173.6,2014.0,88.95,131.7,
michael_vick,QB,97.0,164.0,151.28,81.0,45.0,43.5,2014.0,,,
darren_sproles,RB,96.0,96.0,134.0,87.0,106.0,157.6,2014.0,108.24,144.1,
justin_hunter,WR,96.0,90.0,128.3,71.0,68.0,95.8,2014.0,120.04,90.0,
khiry_robinson,RB,96.0,110.0,116.6,,57.0,64.5,2014.0,65.34,20.6,
rueben_randle,WR,95.0,113.0,137.8,76.0,112.0,182.8,2014.0,134.28,110.5,
steve_smith,WR,95.0,87.0,113.1,90.0,141.0,219.5,2014.0,,,
wes_welker,WR,93.0,146.0,102.0,93.0,58.0,107.4,2014.0,91.06,146.8,
jarrett_boykin,WR,92.0,91.0,109.1,67.0,2.0,5.3,2014.0,105.14,93.7,
jeremy_hill,RB,92.0,91.0,85.1,,184.0,210.9,2014.0,121.79,111.7,
chris_ivory,RB,91.0,97.0,118.5,80.0,134.0,152.4,2014.0,83.51,127.4,
markus_wheaton,WR,90.0,83.0,123.5,70.0,78.0,131.3,2014.0,118.08,97.9,
aaron_dobson,WR,89.0,62.0,114.3,72.0,4.0,6.8,2014.0,94.37,86.9,
brandin_cooks,WR,89.0,113.0,146.4,,86.0,139.3,2014.0,121.79,18.2,
kelvin_benjamin,WR,89.0,99.0,124.8,,155.0,225.8,2014.0,119.88,98.4,
brian_hartline,WR,88.0,94.0,127.8,81.0,59.0,98.4,2014.0,117.6,116.4,
mike_williams,WR,88.0,64.0,105.0,85.0,20.0,28.2,2014.0,95.17,95.6,
zach_ertz,TE,88.0,101.0,112.1,75.0,86.0,144.2,2014.0,106.55,82.0,
delanie_walker,TE,87.0,87.0,101.8,83.0,113.0,176.0,2014.0,97.4,75.3,
jerricho_cotchery,WR,87.0,80.0,106.5,75.0,66.0,114.0,2014.0,90.2,112.1,
terrance_west,RB,87.0,112.0,130.9,,102.0,112.7,2014.0,70.41,70.2,
malcom_floyd,WR,86.0,69.0,108.4,81.0,122.0,173.6,2014.0,92.51,131.1,
marqise_lee,WR,86.0,80.0,99.4,,49.0,86.1,2014.0,96.57,97.3,
brandon_lafell,WR,85.0,76.0,71.2,77.0,137.0,210.6,2014.0,25.35,11.1,
charles_clay,TE,85.0,83.0,110.9,,79.0,136.5,2014.0,88.76,87.3,
denarius_moore,WR,85.0,72.0,79.3,82.0,10.0,21.6,2014.0,62.36,12.1,
andrew_hawkins,WR,84.0,79.0,114.0,72.0,96.0,158.9,2014.0,94.64,93.8,
antonio_gates,TE,84.0,91.0,97.0,87.0,154.0,223.1,2014.0,84.83,76.1,
tavon_austin,WR,84.0,106.0,129.9,76.0,59.0,95.6,2014.0,87.49,114.9,
doug_baldwin,WR,83.0,97.0,123.4,74.0,101.0,167.3,2014.0,103.15,108.2,
shonn_greene,RB,83.0,69.0,112.0,79.0,51.0,51.5,2014.0,106.12,150.1,
donnie_avery,WR,82.0,67.0,95.6,76.0,16.0,30.6,2014.0,84.24,85.3,
kenny_stills,WR,82.0,101.0,113.9,66.0,111.0,173.9,2014.0,105.99,119.7,
ladarius_green,TE,82.0,95.0,104.0,68.0,23.0,41.6,2014.0,86.7,68.4,
lamar_miller,RB,82.0,97.0,150.5,75.0,185.0,223.4,2014.0,100.51,149.5,
bernard_pierce,RB,81.0,65.0,132.5,82.0,48.0,49.9,2014.0,115.25,133.4,
andre_roberts,WR,79.0,64.0,79.9,78.0,55.0,91.4,2014.0,86.01,72.9,
darren_mcfadden,RB,78.0,79.0,127.7,87.0,85.0,120.6,2014.0,106.86,126.5,
dexter_mccluster,RB,78.0,64.0,62.8,,37.0,62.8,2014.0,80.39,,
rod_streater,WR,78.0,96.0,110.5,73.0,14.0,23.4,2014.0,94.07,95.3,
mark_ingram,RB,76.0,48.0,139.1,81.0,163.0,191.9,2014.0,115.49,142.2,
marvin_jones,WR,76.0,106.0,81.2,70.0,,,,97.51,70.0,
harry_douglas,WR,75.0,93.0,103.4,76.0,70.0,120.6,2014.0,95.09,99.4,
heath_miller,TE,75.0,94.0,96.8,88.0,94.0,160.1,2014.0,95.98,92.0,
odell_beckham,WR,75.0,90.0,89.9,,204.0,295.0,2014.0,82.66,98.8,
chris_givens,WR,74.0,80.0,103.7,75.0,22.0,33.3,2014.0,14.85,40.7,
chris_givens,WR,74.0,80.0,103.7,71.0,22.0,33.3,2014.0,14.85,40.7,
kenny_britt,WR,74.0,70.0,116.0,83.0,94.0,142.2,2014.0,107.49,117.7,
carlos_hyde,RB,73.0,,125.0,,62.0,74.1,2014.0,86.85,111.6,
coby_fleener,TE,73.0,57.0,82.1,77.0,125.0,176.4,2014.0,71.91,68.5,
jordan_todman,RB,73.0,38.0,57.2,66.0,50.0,75.4,2014.0,34.11,90.5,
mike_tolbert,RB,73.0,57.0,79.7,92.0,17.0,29.1,2014.0,63.59,10.9,
robert_woods,WR,73.0,82.0,117.7,70.0,100.0,164.9,2014.0,73.81,86.6,
nate_washington,WR,72.0,75.0,85.7,78.0,77.0,116.7,2014.0,98.31,130.0,
teddy_bridgewater,QB,72.0,246.0,91.7,,180.0,179.7,2014.0,110.81,0.0,
donald_brown,RB,71.0,49.0,54.4,74.0,43.0,72.4,2014.0,65.99,32.7,
eric_ebron,TE,71.0,99.0,88.2,,31.0,55.8,2014.0,78.16,77.9,
jared_cook,TE,71.0,78.0,94.1,87.0,81.0,133.4,2014.0,83.41,72.5,
kenbrell_thompkins,WR,71.0,,72.1,,27.0,47.7,2014.0,37.55,40.8,
cj_anderson,RB,70.0,49.0,80.3,,177.0,211.3,2014.0,33.64,22.0,
lance_moore,WR,70.0,59.0,77.0,85.0,34.0,47.8,2014.0,75.08,116.8,
roy_helu,RB,69.0,54.0,84.9,74.0,,,,73.05,85.7,
santonio_holmes,WR,69.0,,63.0,84.0,7.0,14.7,2014.0,25.45,52.5,
tim_wright,TE,68.0,,,,,,,41.53,55.4,
tyler_eifert,TE,68.0,67.0,101.0,80.0,4.0,6.7,2014.0,67.73,75.7,
jermaine_kearse,WR,67.0,,92.0,64.0,64.0,99.9,2014.0,78.82,84.2,
jordan_matthews,WR,67.0,89.0,108.7,,135.0,202.2,2014.0,73.73,36.7,
blake_bortles,QB,66.0,164.0,52.96,,174.0,168.2,2014.0,56.53,0.0,
garrett_graham,TE,66.0,74.0,93.2,78.0,26.0,43.7,2014.0,76.98,77.6,
mohamed_sanu,WR,66.0,48.0,82.2,74.0,123.0,179.3,2014.0,62.53,72.7,
james_starks,RB,65.0,54.0,96.3,72.0,59.0,77.3,2014.0,51.66,83.7,
knile_davis,RB,65.0,60.0,100.6,66.0,99.0,121.0,2014.0,62.46,95.8,
miles_austin,WR,65.0,60.0,108.9,84.0,69.0,115.8,2014.0,89.3,99.5,
marcel_reece,RB,64.0,41.0,44.1,95.0,39.0,76.0,2014.0,53.81,,
dwayne_allen,TE,63.0,79.0,100.2,84.0,,,,68.89,52.8,
eddie_royal,WR,62.0,47.0,81.9,74.0,119.0,181.2,2014.0,50.59,83.4,
legarrette_blount,RB,62.0,88.0,103.6,75.0,88.0,98.1,2014.0,62.92,96.5,
ted_ginn,WR,62.0,66.0,66.2,74.0,20.0,40.0,2014.0,33.74,68.4,
travis_kelce,TE,62.0,45.0,91.4,73.0,110.0,177.2,2014.0,85.79,30.1,
john_brown,WR,60.0,,,,99.0,147.0,2014.0,74.48,,
latavius_murray,RB,60.0,39.0,45.1,67.0,69.0,85.7,2014.0,26.14,23.3,
marlon_brown,WR,60.0,48.0,74.6,,26.0,49.5,2014.0,29.88,64.5,
andre_williams,RB,59.0,74.0,126.0,,,,,76.51,134.1,
jarvis_landry,WR,59.0,,27.4,,97.0,181.4,2014.0,24.59,26.5,
mychal_rivera,TE,59.0,65.0,70.9,68.0,75.0,133.4,2014.0,50.55,37.3,
andre_holmes,WR,58.0,,70.4,66.0,93.0,140.3,2014.0,57.35,94.7,
brian_hoyer,QB,57.0,37.0,151.1,71.0,159.0,156.9,2014.0,75.53,289.0,
jerome_simpson,WR,57.0,62.0,63.2,74.0,,,,43.02,76.0,
jonathan_stewart,RB,57.0,67.0,108.7,82.0,121.0,146.0,2014.0,76.79,162.4,
austin_seferian-jenkins,TE,56.0,49.0,68.9,,32.0,53.1,2014.0,75.6,,
jeremy_kerley,WR,56.0,69.0,88.0,73.0,60.0,93.5,2014.0,82.95,89.9,
jerrel_jernigan,WR,56.0,,74.1,66.0,4.0,9.8,2014.0,32.14,5.2,
steve_johnson,WR,56.0,60.0,81.4,,62.0,96.5,2014.0,,,
tre_mason,RB,56.0,94.0,67.4,,119.0,135.3,2014.0,17.05,90.6,
jace_amaro,TE,55.0,76.0,62.0,,,,,45.81,32.6,
jonathan_grimes,RB,55.0,,97.5,66.0,24.0,29.9,2014.0,54.87,65.4,
scott_chandler,TE,55.0,65.0,64.9,83.0,68.0,114.7,2014.0,71.22,67.8,
cole_beasley,WR,54.0,48.0,59.2,65.0,62.0,99.0,2014.0,43.59,31.1,
devonta_freeman,RB,54.0,104.0,111.6,,57.0,87.3,2014.0,79.4,,
owen_daniels,TE,52.0,46.0,66.2,87.0,77.0,124.7,2014.0,35.98,45.6,
christine_michael,RB,51.0,95.0,97.6,70.0,19.0,19.7,2014.0,38.88,32.7,
cody_latimer,WR,51.0,,63.5,,2.0,4.3,2014.0,63.56,,
robert_turbin,RB,51.0,28.0,101.1,76.0,60.0,75.6,2014.0,31.32,86.7,
ahmad_bradshaw,RB,50.0,67.0,106.3,83.0,117.0,154.5,2014.0,91.16,150.0,
andrew_quarless,TE,50.0,43.0,80.1,75.0,54.0,79.3,2014.0,,69.2,
jermaine_gresham,TE,50.0,54.0,70.7,80.0,76.0,138.0,2014.0,45.66,52.7,
allen_robinson,WR,49.0,84.0,61.3,,69.0,116.8,2014.0,27.71,51.4,
jonathan_dwyer,RB,48.0,21.0,40.2,76.0,16.0,13.9,2014.0,85.71,52.7,
marcedes_lewis,TE,48.0,64.0,78.0,88.0,35.0,50.6,2014.0,78.91,71.8,
martavis_bryant,WR,48.0,60.0,37.2,,104.0,130.1,2014.0,,,
brent_celek,TE,47.0,59.0,70.0,85.0,38.0,70.0,2014.0,48.75,33.0,
cj_fiedorowicz,TE,47.0,36.0,,,9.0,12.8,2014.0,41.95,,
lance_dunbar,RB,47.0,49.0,105.7,65.0,32.0,49.6,2014.0,88.14,76.6,
bryce_brown,RB,46.0,27.0,49.7,77.0,28.0,44.2,2014.0,31.92,25.1,
jacquizz_rodgers,RB,46.0,42.0,79.8,81.0,53.0,80.0,2014.0,64.0,108.7,
jason_avant,WR,46.0,47.0,64.7,79.0,41.0,75.4,2014.0,57.13,77.1,
ronnie_hillman,RB,45.0,28.0,85.2,72.0,81.0,102.3,2014.0,74.76,106.3,
zach_miller,TE,45.0,54.0,77.3,70.0,8.0,13.6,2014.0,56.4,58.3,
zach_miller,TE,45.0,54.0,77.3,83.0,8.0,13.6,2014.0,56.4,58.3,
benny_cunningham,RB,44.0,,73.6,,80.0,124.8,2014.0,81.87,11.4,
brandon_bolden,RB,44.0,39.0,47.2,72.0,16.0,17.7,2014.0,38.71,37.1,
justin_forsett,RB,44.0,24.0,,77.0,205.0,246.9,2014.0,29.35,15.2,
brandon_pettigrew,TE,43.0,33.0,56.1,79.0,7.0,17.0,2014.0,53.11,64.5,
davante_adams,WR,43.0,74.0,78.9,,63.0,100.6,2014.0,26.82,52.0,
bilal_powell,RB,42.0,35.0,45.6,74.0,29.0,40.3,2014.0,58.02,9.1,
john_carlson,TE,42.0,35.0,43.6,81.0,,,,54.75,54.4,
brandon_bostick,TE,41.0,44.0,,,6.0,8.3,2014.0,33.36,,
ace_sanders,WR,40.0,,80.1,63.0,4.0,9.5,2014.0,14.83,,
andre_caldwell,WR,40.0,,29.8,74.0,5.0,9.7,2014.0,54.9,25.7,
matt_schaub,QB,40.0,189.0,164.14,87.0,-4.0,-3.7,2014.0,,275.8,
stepfan_taylor,RB,40.0,99.0,72.0,68.0,55.0,65.7,2014.0,36.9,100.0,
james_white,RB,39.0,66.0,94.5,,6.0,11.1,2014.0,58.46,,
shaun_draughn,RB,39.0,,59.4,69.0,2.0,1.9,2014.0,31.17,66.7,
benjarvus_green-ellis,RB,38.0,36.0,,82.0,,,,,28.1,
ryan_griffin,TE,37.0,,43.3,67.0,15.0,25.1,2014.0,13.26,,
bobby_rainey,RB,36.0,,70.1,68.0,78.0,111.1,2014.0,70.23,83.3,
kadeem_carey,RB,36.0,39.0,51.3,,22.0,26.5,2014.0,30.11,19.9,
kirk_cousins,QB,35.0,28.0,44.62,75.0,88.0,88.4,2014.0,22.74,,
mike_glennon,QB,35.0,27.0,42.62,66.0,90.0,89.6,2014.0,14.88,,
jerick_mckinnon,RB,34.0,48.0,,,67.0,94.3,2014.0,40.75,25.3,
chris_polk,RB,33.0,39.0,42.7,67.0,43.0,50.8,2014.0,37.22,4.0,
deanthony_thomas,RB,32.0,,,,,,,45.48,27.4,
joseph_randle,RB,31.0,,25.0,69.0,51.0,54.6,2014.0,14.59,6.4,
matt_asiata,RB,30.0,27.0,53.5,61.0,150.0,194.2,2014.0,50.07,55.7,
ronnie_brown,RB,29.0,,46.6,78.0,11.0,15.7,2014.0,19.07,7.7,
peyton_hillis,RB,28.0,,21.8,,20.0,30.2,2014.0,41.15,23.4,
mike_james,RB,23.0,28.0,42.9,68.0,3.0,4.2,2014.0,27.83,18.7,
theo_riddick,RB,22.0,,,66.0,61.0,94.7,2014.0,43.82,,
alfred_blue,RB,21.0,17.0,,,82.0,97.1,2014.0,28.26,34.1,
lorenzo_taliaferro,RB,21.0,30.0,28.5,,65.0,70.6,2014.0,,,
denard_robinson,RB,20.0,32.0,28.1,67.0,,,,,,
isaiah_crowell,RB,16.0,27.0,,,113.0,122.4,2014.0,34.6,,
storm_johnson,RB,15.0,,,,20.0,21.2,2014.0,14.51,,
marcus_lattimore,RB,14.0,41.0,47.5,70.0,,,,,44.9,
travaris_cadet,RB,14.0,56.0,,68.0,35.0,72.8,2014.0,21.9,,
charles_sims,RB,12.0,70.0,43.0,,42.0,60.5,2014.0,15.42,,
mark_sanchez,QB,6.0,11.0,41.56,73.0,139.0,139.4,2014.0,,,
andre_brown,RB,0.0,63.0,,76.0,,,,,,
antone_smith,RB,0.0,,,65.0,65.0,77.6,2014.0,,17.6,
brian_quick,WR,0.0,54.0,87.8,73.0,56.0,80.5,2014.0,88.7,71.6,
chris_ogbonnaya,RB,0.0,,28.5,70.0,11.0,11.0,2014.0,,67.3,
chris_owusu,WR,0.0,,31.6,62.0,22.0,28.1,2014.0,20.1,66.6,
chris_thompson,RB,0.0,,,66.0,10.0,15.9,2014.0,,5.9,
damien_williams,RB,0.0,,,,37.0,57.9,2014.0,30.05,,
dan_herron,RB,0.0,,,,54.0,75.4,2014.0,,,
daniel_thomas,RB,0.0,33.0,38.8,74.0,41.0,53.9,2014.0,,14.7,
darick_rogers,WR,0.0,,37.4,66.0,,,,,6.8,
daryl_richardson,RB,0.0,,44.3,74.0,,,,,,
david_nelson,WR,0.0,,37.5,74.0,9.0,14.5,2014.0,49.44,53.2,
devier_posey,WR,0.0,,34.2,67.0,3.0,4.0,2014.0,19.89,62.6,
devin_hester,WR,0.0,,,73.0,70.0,114.0,2014.0,14.06,27.5,
dion_lewis,RB,0.0,,,71.0,,,,,,
donte_moncrief,WR,0.0,,64.9,,64.0,96.1,2014.0,25.87,30.9,
dri_archer,RB,0.0,34.0,50.2,,,,,32.87,3.9,
dujuan_harris,RB,0.0,25.0,,72.0,8.0,8.5,2014.0,28.44,4.6,
dwayne_harris,WR,0.0,,44.0,71.0,8.0,15.3,2014.0,19.01,63.7,
fozzy_whittaker,RB,0.0,,39.8,,33.0,37.5,2014.0,18.2,,
jacoby_jones,WR,0.0,,71.8,81.0,11.0,25.7,2014.0,50.89,39.6,
jarius_wright,WR,0.0,,54.0,68.0,78.0,119.9,2014.0,25.48,53.1,
joe_morgan,WR,0.0,,,,16.0,19.9,2014.0,,,
junior_hemingway,WR,0.0,49.0,35.8,62.0,11.0,22.8,2014.0,46.77,56.6,
juwan_thompson,RB,0.0,,,,48.0,51.7,2014.0,,,
kenjon_barner,RB,0.0,,,69.0,,,,,,
lache_seastrunk,RB,0.0,27.0,24.2,,,,,,,
lamichael_james,RB,0.0,,,74.0,1.0,0.9,2014.0,18.94,,
louis_murphy,WR,0.0,,10.3,73.0,50.0,81.0,2014.0,,55.0,
marion_grice,RB,0.0,,48.5,,13.0,20.0,2014.0,,,
marquise_goodwin,WR,0.0,51.0,70.3,64.0,5.0,6.0,2014.0,13.59,31.1,
michael_cox,RB,0.0,,,64.0,4.0,6.2,2014.0,,,
mike_brown,WR,0.0,,45.2,,7.0,13.8,2014.0,,18.1,
mikel_leshoure,RB,0.0,,43.0,79.0,,,,,6.1,
paul_richardson,WR,0.0,,33.6,,33.0,62.1,2014.0,26.23,14.1,
quinton_patton,WR,0.0,,39.6,69.0,4.0,7.4,2014.0,15.3,4.7,
ryan_broyles,WR,0.0,,62.1,73.0,3.0,4.5,2014.0,26.45,3.1,
ryan_williams,RB,0.0,,,74.0,,,,,,
silas_redd,RB,0.0,,,,24.0,32.2,2014.0,16.24,,
travis_benjamin,WR,0.0,,28.8,68.0,51.0,68.5,2014.0,62.73,48.3,
trey_watts,RB,0.0,,,,5.0,7.8,2014.0,,,
aaron_rodgers,QB,313.3,361.0,328.33,99.0,313.0,312.6,2018.0,,283.2,347.0
deshaun_watson,QB,274.6,357.0,334.74,82.0,332.0,331.7,2018.0,,,341.0
tom_brady,QB,313.9,349.0,312.2,99.0,280.0,281.3,2018.0,,218.3,339.0
russell_wilson,QB,289.3,336.0,303.58,92.0,298.0,299.4,2018.0,,325.2,318.0
andrew_luck,QB,284.4,331.0,300.65,87.0,327.0,327.9,2018.0,,274.6,315.0
drew_brees,QB,269.4,327.0,297.08,91.0,304.0,305.0,2018.0,,295.2,310.0
cam_newton,QB,299.2,324.0,279.36,88.0,283.0,282.6,2018.0,,304.4,309.0
ben_roethlisberger,QB,274.4,322.0,293.32,88.0,341.0,341.9,2018.0,,255.6,307.0
alex_smith,QB,285.9,316.0,280.74,84.0,138.0,138.0,2018.0,,262.6,305.0
carson_wentz,QB,278.7,314.0,242.89,86.0,193.0,193.7,2018.0,,216.9,304.0
kirk_cousins,QB,271.5,311.0,261.29,82.0,282.0,283.1,2018.0,,256.0,298.0
jimmy_garoppolo,QB,261.5,309.0,286.42,83.0,48.0,48.0,2018.0,,41.7,298.0
patrick_mahomes,QB,273.0,301.0,233.02,,417.0,417.1,2018.0,,,288.0
jared_goff,QB,255.9,298.0,268.87,83.0,310.0,310.3,2018.0,,94.3,285.0
matthew_stafford,QB,273.7,297.0,269.94,85.0,212.0,212.2,2018.0,,264.4,284.0
dak_prescott,QB,250.2,295.0,236.49,82.0,286.0,285.9,2018.0,,254.1,281.0
matt_ryan,QB,270.4,292.0,266.83,89.0,354.0,355.0,2018.0,,275.7,278.0
philip_rivers,QB,271.4,291.0,280.71,87.0,285.0,285.0,2018.0,,279.8,276.0
eli_manning,QB,237.7,288.0,209.34,76.0,240.0,240.0,2018.0,,268.2,272.0
blake_bortles,QB,248.7,284.0,245.56,80.0,173.0,173.2,2018.0,,271.4,270.0
marcus_mariota,QB,266.8,283.0,252.31,79.0,175.0,175.9,2018.0,,249.9,265.0
case_keenum,QB,246.6,271.0,240.15,81.0,215.0,214.9,2018.0,,124.6,257.0
derek_carr,QB,245.8,263.0,227.63,83.0,216.0,216.8,2018.0,,260.5,249.0
ryan_tannehill,QB,248.8,263.0,247.03,78.0,142.0,143.0,2018.0,,223.3,243.0
mitchell_trubisky,QB,260.6,255.0,191.82,74.0,263.0,263.0,2018.0,,,241.0
andy_dalton,QB,252.6,241.0,230.22,77.0,175.0,174.5,2018.0,,243.1,226.0
jameis_winston,QB,227.4,230.0,,80.0,196.0,195.8,2018.0,,253.7,215.0
joe_flacco,QB,199.1,229.0,206.68,79.0,137.0,137.1,2018.0,,251.4,214.0
tyrod_taylor,QB,240.5,215.0,168.31,81.0,41.0,41.4,2018.0,,252.0,198.0
sam_darnold,QB,207.8,208.0,214.9,75.0,168.0,168.4,2018.0,,,198.0
todd_gurley,RB,325.4,289.0,287.69,,313.0,372.1,2018.0,,213.7,351.0
david_johnson,RB,323.5,227.0,255.66,93.0,197.0,246.6,2018.0,,279.3,296.0
leveon_bell,RB,347.7,218.0,258.57,96.0,,,,,227.8,296.0
ezekiel_elliott,RB,301.5,214.0,236.78,92.0,252.0,329.1,2018.0,,252.9,264.0
alvin_kamara,RB,291.2,198.0,195.1,88.0,273.0,354.2,2018.0,,,263.0
saquon_barkley,RB,280.8,198.0,197.72,82.0,295.0,385.8,2018.0,,,258.0
christian_mccaffrey,RB,259.7,193.0,168.4,87.0,279.0,385.5,2018.0,,,249.0
kareem_hunt,RB,258.0,188.0,227.39,89.0,204.0,230.2,2018.0,,,245.0
melvin_gordon,RB,264.4,188.0,223.55,,226.0,275.5,2018.0,,168.3,236.0
leonard_fournette,RB,257.4,174.0,220.8,87.0,98.0,120.4,2018.0,,,222.0
devonta_freeman,RB,233.1,169.0,188.4,91.0,9.0,14.1,2018.0,,216.8,220.0
dalvin_cook,RB,262.0,166.0,209.72,85.0,112.0,152.0,2018.0,,,212.0
lesean_mccoy,RB,251.8,147.0,213.15,90.0,93.0,127.2,2018.0,,204.8,204.0
joe_mixon,RB,205.4,137.0,158.53,81.0,200.0,243.4,2018.0,,,172.0
royce_freeman,RB,203.6,136.0,186.83,73.0,87.0,101.3,2018.0,,,169.0
kenyan_drake,RB,200.1,135.0,172.72,82.0,153.0,206.2,2018.0,,22.3,165.0
jordan_howard,RB,202.9,133.0,187.66,85.0,160.0,180.0,2018.0,,183.5,164.0
alex_collins,RB,190.9,129.0,190.87,81.0,94.0,108.6,2018.0,,32.2,160.0
antonio_brown,WR,321.7,211.0,215.44,99.0,220.0,323.7,2018.0,,203.1,323.0
deandre_hopkins,WR,281.3,178.0,174.03,94.0,219.0,333.5,2018.0,,169.0,272.0
odell_beckham,WR,275.8,163.0,159.22,95.0,153.0,230.3,2018.0,,196.6,264.0
julio_jones,WR,291.7,156.0,188.2,98.0,213.0,325.9,2018.0,,218.2,260.0
michael_thomas,WR,278.2,155.0,187.81,91.0,191.0,315.5,2018.0,,116.8,257.0
davante_adams,WR,251.4,152.0,148.09,88.0,219.0,329.6,2018.0,,66.1,246.0
keenan_allen,WR,278.8,146.0,192.51,92.0,163.0,260.1,2018.0,,8.7,241.0
aj_green,WR,266.3,145.0,149.43,93.0,103.0,149.4,2018.0,,133.6,239.0
jarvis_landry,WR,209.2,145.0,138.26,87.0,136.0,217.1,2018.0,,151.5,239.0
stefon_diggs,WR,227.3,139.0,142.22,90.0,164.0,266.3,2018.0,,127.8,235.0
mike_evans,WR,231.8,136.0,141.45,89.0,198.0,284.4,2018.0,,161.9,231.0
demaryius_thomas,WR,227.2,136.0,128.48,88.0,98.0,156.7,2018.0,,143.9,224.0
adam_thielen,WR,235.9,135.0,127.33,88.0,194.0,307.3,2018.0,,79.3,222.0
golden_tate,WR,215.9,133.0,124.19,,109.0,182.9,2018.0,,123.2,221.0
larry_fitzgerald,WR,241.9,130.0,143.32,89.0,117.0,185.7,2018.0,,145.6,219.0
amari_cooper,WR,222.0,130.0,135.6,86.0,141.0,215.5,2018.0,,163.4,217.0
tyreek_hill,WR,231.3,129.0,153.8,87.0,247.0,334.0,2018.0,,74.0,216.0
doug_baldwin,WR,224.4,128.0,147.88,90.0,92.0,141.8,2018.0,,143.8,210.0
ty_hilton,WR,241.3,123.0,112.04,89.0,163.0,239.0,2018.0,,166.5,209.0
josh_gordon,WR,201.1,122.0,143.41,82.0,98.0,138.7,2018.0,,,203.0
michael_crabtree,WR,194.9,117.0,117.75,84.0,79.0,132.7,2018.0,,133.5,201.0
juju_smith-schuster,WR,200.0,116.0,144.69,80.0,186.0,296.9,2018.0,,,194.0
marvin_jones,WR,204.8,116.0,142.16,87.0,81.0,115.8,2018.0,,143.0,183.0
marquise_goodwin,WR,190.2,111.0,136.33,83.0,64.0,87.4,2018.0,,61.4,179.0
corey_davis,WR,196.8,105.0,105.46,80.0,119.0,183.6,2018.0,,,174.0
emmanuel_sanders,WR,191.1,104.0,94.91,88.0,127.0,198.2,2018.0,,147.0,172.0
allen_robinson,WR,222.0,98.0,115.61,87.0,98.0,153.3,2018.0,,144.5,167.0
brandin_cooks,WR,196.3,98.0,122.27,87.0,163.0,243.2,2018.0,,157.2,163.0
chris_hogan,WR,198.5,97.0,106.5,83.0,71.0,106.2,2018.0,,71.4,155.0
travis_kelce,TE,217.3,141.0,137.91,95.0,192.0,294.6,2018.0,,119.3,229.0
rob_gronkowski,TE,251.1,139.0,159.93,99.0,84.0,131.2,2018.0,,100.1,214.0
zach_ertz,TE,212.1,111.0,121.99,91.0,164.0,280.3,2018.0,,90.4,186.0
