key,name,pos,team,bye,std,half_ppr,ppr,df_ints,rush_tds,two_pts,fumbles,kick_20_29,pass_yds,kick_extra_points,df_points_allowed_per_game,kick_50,df_safeties,pass_tds,reception_tds,rush_yds,receptions,df_fumbles,kick_40_49,pass_ints,reception_yds,df_tds,kick_30_39,df_sacks,kick_0_19
taylor_RB_IND,Jonathan Taylor,RB,IND,14.0,1.0,1.0,1.0,,13.7,0.0,2.8,,,,,,,,1.4,1536.6,40.7,,,0.0,339.4,,,,
mccaffrey_RB_CAR,Christian McCaffrey,RB,CAR,13.0,3.0,3.5,2.6,,6.4,0.5,3.0,,,,,,,,3.6,976.7,86.5,,,0.0,743.9,,,,
ekeler_RB_LAC,Austin Ekeler,RB,LAC,8.0,3.0,3.0,3.6,,9.2,0.5,3.0,,,,,,,,5.2,978.7,72.8,,,0.0,685.6,,,,
kupp_WR_LAR,Cooper Kupp,WR,LAR,7.0,4.3,4.3,4.0,,0.2,,0.5,,,,,,,,12.9,31.3,125.8,,,0.0,1660.3,0.1,,,
henry_RB_TEN,Derrick Henry,RB,TEN,6.0,4.7,3.8,4.8,,11.8,1.1,2.9,,,,,,,,0.7,1599.6,28.1,,,0.0,216.2,,,,
jefferson_WR_MIN,Justin Jefferson,WR,MIN,7.0,5.7,6.8,5.8,,0.1,,0.5,,,,,,,,9.2,26.3,102.4,,,0.0,1484.8,,,,
harris_RB_PIT,Najee Harris,RB,PIT,9.0,7.0,7.0,6.8,,7.7,0.1,4.0,,,,,,,,2.1,1135.3,58.7,,,0.0,380.8,,,,
cook_RB_MIN,Dalvin Cook,RB,MIN,7.0,7.3,6.8,8.0,,10.0,2.1,3.1,,,,,,,,0.9,1272.9,44.6,,,0.0,340.0,,,,
chase_WR_CIN,Ja'Marr Chase,WR,CIN,10.0,9.3,9.0,8.6,,0.4,,0.5,,,,,,,,9.6,64.5,88.5,,,0.0,1368.0,,,,
mixon_RB_CIN,Joe Mixon,RB,CIN,10.0,11.0,10.3,11.4,,10.0,,2.0,,,,,,,,2.6,1185.5,50.4,,,0.0,377.5,,,,
adams_WR_LV,Davante Adams,WR,LV,6.0,11.0,11.3,10.6,,0.0,,1.0,,,,,,,,8.7,0.3,113.1,,,0.0,1402.5,,,,
diggs_WR_BUF,Stefon Diggs,WR,BUF,7.0,13.0,13.5,12.4,,0.0,,1.0,,,,,,,,8.0,3.8,96.1,,,0.0,1229.4,,,,
kelce_TE_KC,Travis Kelce,TE,KC,8.0,13.7,14.0,14.8,,0.0,,1.0,,,,,,,,9.3,6.8,106.2,,,0.0,1251.9,,,,
swift_RB_DET,D'Andre Swift,RB,DET,6.0,13.7,15.0,12.8,,6.4,0.1,2.2,,,,,,,,2.5,855.9,62.6,,,0.0,458.1,,,,
williams_RB_DEN,Javonte Williams,RB,DEN,9.0,16.7,17.3,19.4,,6.4,0.2,2.1,,,,,,,,2.8,964.6,45.6,,,0.0,356.9,,,,
chubb_RB_CLE,Nick Chubb,RB,CLE,9.0,17.0,14.3,18.4,,7.0,,2.0,,,,,,,,1.0,1186.2,24.2,,,0.0,213.1,,,,
samuel_WR_SF,Deebo Samuel,WR,SF,9.0,17.7,19.5,17.8,,3.7,,1.0,,,,,,,,5.9,349.3,72.8,,,0.0,1113.7,,,,
hill_WR_MIA,Tyreek Hill,WR,MIA,11.0,18.7,21.0,19.4,,0.0,,0.5,,,,,,,,7.2,57.9,92.8,,,0.0,1108.5,,,,
lamb_WR_DAL,CeeDee Lamb,WR,DAL,9.0,19.0,17.5,17.4,,0.1,1.1,0.5,,,,,,,,6.2,59.0,83.7,,,0.0,1145.9,0.0,,,
kamara_RB_NO,Alvin Kamara,RB,NO,14.0,20.3,18.8,19.0,,5.7,,3.0,,,,,,,,3.7,840.7,51.8,,,0.0,470.3,,,,
andrews_TE_BAL,Mark Andrews,TE,BAL,10.0,21.3,22.5,22.2,,0.0,,0.5,,,,,,,,9.2,5.9,98.0,,,0.0,1229.3,,,,
barkley_RB_NYG,Saquon Barkley,RB,NYG,9.0,22.3,23.0,22.8,,5.6,,1.8,,,,,,,,2.2,949.3,55.2,,,0.0,410.2,,,,
jones_RB_GB,Aaron Jones,RB,GB,14.0,23.0,20.3,20.2,,5.5,,1.2,,,,,,,,4.0,892.1,63.6,,,0.0,560.4,,,,
fournette_RB_TB,Leonard Fournette,RB,TB,11.0,23.3,23.8,21.2,,8.8,,3.0,,,,,,,,2.0,910.8,69.8,,,0.0,489.4,,,,
allen_QB_BUF,Josh Allen,QB,BUF,7.0,23.7,21.8,24.2,,6.6,1.6,2.9,,4405.7,,,,,33.7,,750.9,,,,14.6,,,,,
brown_WR_PHI,A.J. Brown,WR,PHI,7.0,27.0,28.3,29.8,,0.0,,0.5,,,,,,,,8.2,11.7,77.2,,,0.0,1177.4,,,,
akers_RB_LAR,Cam Akers,RB,LAR,7.0,28.3,33.3,31.4,,7.0,0.1,4.1,,,,,,,,1.4,1097.5,36.0,,,0.0,310.7,,,,
evans_WR_TB,Mike Evans,WR,TB,11.0,28.7,25.5,24.8,,0.0,,1.0,,,,,,,,9.5,2.7,80.3,,,0.0,1120.7,,,,
allen_WR_LAC,Keenan Allen,WR,LAC,8.0,28.7,28.3,28.4,,0.0,,1.0,,,,,,,,7.1,1.3,98.7,,,0.0,1081.8,,,,
mahomes_QB_KC,Patrick Mahomes II,QB,KC,8.0,33.0,34.8,35.0,,3.2,1.7,2.2,,4922.7,,,,,34.9,,404.1,,,,13.1,,,,,
elliott_RB_DAL,Ezekiel Elliott,RB,DAL,9.0,33.3,32.5,31.2,,8.0,1.6,2.2,,,,,,,,1.7,902.8,39.6,,,0.0,282.9,,,,
pitts_TE_ATL,Kyle Pitts,TE,ATL,14.0,33.3,35.5,35.8,,0.0,,1.0,,,,,,,,4.2,0.5,71.1,,,0.0,980.9,,,,
higgins_WR_CIN,Tee Higgins,WR,CIN,10.0,34.7,31.3,32.0,,0.0,,1.0,,,,,,,,7.8,3.3,83.6,,,0.0,1203.7,,,,
montgomery_RB_CHI,David Montgomery,RB,CHI,14.0,35.3,32.5,32.8,,8.2,0.5,1.8,,,,,,,,1.8,1014.1,44.3,,,0.0,352.2,,,,
conner_RB_ARI,James Conner,RB,ARI,13.0,35.3,33.5,30.2,,10.1,,1.8,,,,,,,,2.5,904.6,43.4,,,0.0,370.7,,,,
gibson_RB_WSH,Antonio Gibson,RB,WSH,14.0,35.7,33.5,40.2,,7.7,0.0,2.8,,,,,,,,1.8,972.0,35.3,,,0.0,260.6,,,,
herbert_QB_LAC,Justin Herbert,QB,LAC,8.0,36.0,37.0,37.2,,3.2,3.7,0.7,,4924.8,,,,,32.9,,305.4,,,,15.5,,,,,
jacobs_RB_LV,Josh Jacobs,RB,LV,6.0,38.3,41.8,41.6,,8.8,,2.4,,,,,,,,0.7,1001.7,41.5,,,0.0,294.4,,,,
johnson_WR_PIT,Diontae Johnson,WR,PIT,9.0,39.3,39.8,41.2,,0.1,,1.0,,,,,,,,6.2,29.3,94.5,,,0.0,1069.7,0.4,,,
kittle_TE_SF,George Kittle,TE,SF,9.0,39.7,41.3,43.8,,0.1,,0.5,,,,,,,,5.3,14.0,74.6,,,0.0,933.0,,,,
hall_RB_NYJ,Breece Hall,RB,NYJ,10.0,41.0,46.0,43.4,,5.5,,3.0,,,,,,,,1.5,878.5,38.5,,,,332.5,,,,
waddle_WR_MIA,Jaylen Waddle,WR,MIA,11.0,42.3,40.8,41.4,,0.3,,0.5,,,,,,,,6.5,22.2,95.0,,,0.0,1009.3,0.0,,,
mclaurin_WR_WSH,Terry McLaurin,WR,WSH,14.0,43.3,43.3,42.4,,0.0,,1.0,,,,,,,,5.7,5.6,72.2,,,0.0,1015.2,,,,
metcalf_WR_SEA,DK Metcalf,WR,SEA,11.0,44.0,43.8,46.2,,0.0,,0.5,,,,,,,,7.0,4.5,77.3,,,0.0,1055.0,,,,
waller_TE_LV,Darren Waller,TE,LV,6.0,44.0,46.0,45.2,,,,1.0,,,,,,,,4.1,1.9,80.6,,,0.0,954.6,,,,
etienne_RB_JAX,Travis Etienne Jr.,RB,JAX,11.0,44.7,46.8,44.4,,5.8,0.2,2.2,,,,,,,,1.8,791.2,45.6,,,0.0,379.3,,,,
pittman_WR_IND,Michael Pittman Jr.,WR,IND,14.0,45.7,42.8,39.8,,0.1,,0.5,,,,,,,,6.4,32.7,89.2,,,0.0,1105.2,,,,
moore_WR_CAR,DJ Moore,WR,CAR,13.0,46.0,50.3,44.2,,0.0,,0.5,,,,,,,,5.5,37.4,83.3,,,0.0,1099.0,,,,
jackson_QB_BAL,Lamar Jackson,QB,BAL,10.0,50.3,49.8,52.0,,4.4,1.6,2.9,,3896.4,,,,,24.2,,1111.1,,,,14.6,,,,,
mitchell_RB_SF,Elijah Mitchell,RB,SF,9.0,50.7,45.0,50.2,,7.3,0.1,3.0,,,,,,,,1.2,1116.2,23.6,,,0.0,185.6,,,,
williams_WR_LAC,Mike Williams,WR,LAC,8.0,54.3,54.8,51.4,,0.0,,1.0,,,,,,,,8.0,1.1,72.8,,,0.0,1072.3,,,,
dobbins_RB_BAL,J.K. Dobbins,RB,BAL,10.0,54.3,51.0,49.4,,8.5,0.2,1.0,,,,,,,,0.6,950.2,30.8,,,0.0,225.4,,,,
burrow_QB_CIN,Joe Burrow,QB,CIN,10.0,57.0,54.0,60.8,,2.4,1.2,0.9,,4466.3,,,,,29.9,,185.9,,,,14.7,,,,,
godwin_WR_TB,Chris Godwin,WR,TB,11.0,57.7,61.8,59.6,,0.4,,1.0,,,,,,,,5.5,21.1,84.2,,,0.0,967.6,,,,
brown_WR_ARI,Marquise Brown,WR,ARI,13.0,57.7,62.8,58.4,,0.0,,1.0,,,,,,,,5.8,2.8,77.9,,,0.0,946.9,,,,
brown_WR_DET,Amon-Ra St. Brown,WR,DET,6.0,59.3,71.5,65.0,,0.7,,0.5,,,,,,,,5.8,59.8,84.9,,,0.0,933.6,,,,
cooper_WR_CLE,Amari Cooper,WR,CLE,9.0,59.3,58.3,61.4,,0.0,2.8,1.0,,,,,,,,6.7,2.7,79.6,,,0.0,1026.9,,,,
dillon_RB_GB,AJ Dillon,RB,GB,14.0,59.3,60.3,63.6,,5.3,0.0,1.3,,,,,,,,1.3,743.0,26.4,,,,228.8,,,,
murray_QB_ARI,Kyler Murray,QB,ARI,13.0,60.0,59.3,63.4,,4.5,0.5,1.0,,4240.7,,,,,27.6,,518.3,,,,13.9,,,,,
sutton_WR_DEN,Courtland Sutton,WR,DEN,9.0,64.0,64.0,61.2,,0.0,,1.0,,,,,,,,5.7,2.1,62.8,,,0.0,930.6,,,,
hockenson_TE_DET,T.J. Hockenson,TE,DET,6.0,64.7,61.8,67.2,,0.0,,0.5,,,,,,,,5.2,1.4,66.0,,,0.0,656.7,,,,
cooks_WR_HOU,Brandin Cooks,WR,HOU,6.0,64.7,65.3,56.6,,0.0,,0.5,,,,,,,,6.0,21.0,91.9,,,0.0,1086.3,,,,
schultz_TE_DAL,Dalton Schultz,TE,DAL,9.0,65.0,67.3,64.8,,0.0,,1.0,,,,,,,,6.4,0.5,81.3,,,0.0,854.1,,,,
mooney_WR_CHI,Darnell Mooney,WR,CHI,14.0,65.3,79.8,63.8,,0.4,,0.5,,,,,,,,4.9,28.3,73.4,,,0.0,988.0,,,,
prescott_QB_DAL,Dak Prescott,QB,DAL,9.0,66.7,73.3,76.4,,2.4,5.0,3.7,,4703.3,,,,,33.5,,216.5,,,,13.0,,,,,
harris_RB_NE,Damien Harris,RB,NE,10.0,67.3,58.5,67.2,,10.2,0.0,1.7,,,,,,,,0.6,947.7,18.4,,,0.0,142.0,,,,
robinson_WR_LAR,Allen Robinson II,WR,LAR,7.0,69.3,70.3,69.8,,0.0,,1.0,,,,,,,,5.0,0.4,68.9,,,0.0,897.7,,,,
edwardshelaire_RB_KC,Clyde Edwards-Helaire,RB,KC,8.0,69.3,60.8,64.2,,4.3,0.0,1.3,,,,,,,,1.5,638.2,32.0,,,,231.9,,,,
hurts_QB_PHI,Jalen Hurts,QB,PHI,7.0,69.7,66.5,69.4,,7.8,3.2,2.0,,3642.9,,,,,24.7,,780.4,,,,13.9,,,,,
thomas_WR_NO,Michael Thomas,WR,NO,14.0,70.0,69.8,72.0,,0.0,,0.5,,,,,,,,5.6,2.0,80.9,,,0.0,940.5,,,,
jeudy_WR_DEN,Jerry Jeudy,WR,DEN,9.0,71.0,61.5,64.6,,0.0,,1.0,,,,,,,,4.7,10.3,71.6,,,0.0,1022.8,,,,
sanders_RB_PHI,Miles Sanders,RB,PHI,7.0,73.0,69.0,65.6,,5.5,1.6,2.4,,,,,,,,1.0,1122.3,32.4,,,0.0,242.7,,,,
thielen_WR_MIN,Adam Thielen,WR,MIN,7.0,74.0,75.8,70.8,,0.0,,1.0,,,,,,,,8.4,3.9,73.4,,,0.0,850.7,,,,
wilson_QB_DEN,Russell Wilson,QB,DEN,9.0,76.7,79.3,83.8,,2.0,1.1,1.4,,4186.3,,,,,29.1,,261.9,,,,9.7,,,,,
singletary_RB_BUF,Devin Singletary,RB,BUF,7.0,77.0,77.8,75.6,,7.2,0.0,1.3,,,,,,,,1.1,905.8,33.1,,,0.0,230.4,,,,
moore_WR_NYJ,Elijah Moore,WR,NYJ,10.0,77.3,82.5,84.6,,0.7,,0.5,,,,,,,,6.1,55.4,62.2,,,0.0,848.1,,,,
davis_WR_BUF,Gabriel Davis,WR,BUF,7.0,77.3,80.5,74.0,,0.0,,0.0,,,,,,,,9.4,0.8,56.3,,,0.0,948.3,,,,
hunt_RB_CLE,Kareem Hunt,RB,CLE,9.0,79.7,79.3,76.4,,4.6,0.5,2.0,,,,,,,,1.4,568.0,40.7,,,,328.3,,,,
goedert_TE_PHI,Dallas Goedert,TE,PHI,7.0,80.3,77.0,84.2,,0.0,,1.0,,,,,,,,5.1,0.5,62.4,,,0.0,823.2,,,,
pollard_RB_DAL,Tony Pollard,RB,DAL,9.0,80.7,85.8,79.8,,3.7,,2.0,,,,,,,,1.3,730.4,43.9,,,,376.7,0.2,,,
patterson_RB_ATL,Cordarrelle Patterson,RB,ATL,14.0,81.3,88.3,77.0,,4.6,,2.0,,,,,,,,2.7,663.2,45.7,,,0.0,422.0,1.6,,,
renfrow_WR_LV,Hunter Renfrow,WR,LV,6.0,81.7,81.0,77.0,,0.0,,0.5,,,,,,,,6.8,13.3,86.0,,,0.0,901.1,0.1,,,
smithschuster_WR_KC,JuJu Smith-Schuster,WR,KC,8.0,82.0,82.8,80.8,,0.7,,0.5,,,,,,,,5.3,23.8,76.3,,,0.0,814.9,,,,
smith_WR_PHI,DeVonta Smith,WR,PHI,7.0,82.3,87.5,84.0,,0.0,,1.0,,,,,,,,6.2,0.2,63.0,,,0.0,905.8,,,,
stafford_QB_LAR,Matthew Stafford,QB,LAR,7.0,82.3,81.8,90.8,,2.1,2.1,1.9,,4698.1,,,,,33.2,,116.3,,,,15.0,,,,,
lockett_WR_SEA,Tyler Lockett,WR,SEA,11.0,83.0,94.3,87.8,,0.0,,0.5,,,,,,,,6.0,10.8,75.7,,,0.0,1081.2,,,,
brady_QB_TB,Tom Brady,QB,TB,11.0,85.0,82.8,84.4,,1.7,,1.9,,4971.4,,,,,34.6,,38.8,,,,12.7,,,,,
penny_RB_SEA,Rashaad Penny,RB,SEA,11.0,86.0,86.0,83.4,,7.2,0.1,1.6,,,,,,,,0.6,1056.6,17.7,,,0.0,140.5,,,,
edmonds_RB_MIA,Chase Edmonds,RB,MIA,11.0,89.3,93.8,89.4,,3.4,0.1,2.0,,,,,,,,1.5,591.5,48.5,,,0.0,350.3,,,,
bateman_WR_BAL,Rashod Bateman,WR,BAL,10.0,89.7,88.8,86.2,,0.0,,1.0,,,,,,,,4.4,1.1,71.1,,,0.0,899.7,,,,
walker_RB_SEA,Ken Walker III,RB,SEA,11.0,90.7,90.0,90.6,,4.5,,3.0,,,,,,,,1.0,761.5,24.0,,,,203.5,,,,
burks_WR_TEN,Treylon Burks,WR,TEN,6.0,91.7,115.5,104.8,,0.0,,2.0,,,,,,,,5.0,30.0,60.5,,,,872.0,,,,
rodgers_QB_GB,Aaron Rodgers,QB,GB,14.0,93.0,91.8,89.0,,1.8,,0.9,,4467.8,,,,,34.7,,120.5,,,,8.7,,,,,
ertz_TE_ARI,Zach Ertz,TE,ARI,13.0,95.7,100.3,96.8,,0.0,,0.5,,,,,,,,5.1,2.5,62.9,,,0.0,652.9,,,,
london_WR_ATL,Drake London,WR,ATL,14.0,96.0,114.3,96.2,,0.0,,2.0,,,,,,,,4.0,6.0,63.5,,,,884.5,,,,
hopkins_WR_ARI,DeAndre Hopkins,WR,ARI,13.0,96.7,84.0,80.4,,0.0,,1.0,,,,,,,,5.5,1.4,53.3,,,0.0,661.4,,,,
gordon_RB_DEN,Melvin Gordon III,RB,DEN,9.0,98.0,93.3,97.6,,6.7,0.0,2.6,,,,,,,,1.2,717.6,23.2,,,,189.3,,,,
knox_TE_BUF,Dawson Knox,TE,BUF,7.0,98.7,91.5,100.8,,0.0,,0.0,,,,,,,,6.1,0.7,45.2,,,0.0,572.7,,,,
aiyuk_WR_SF,Brandon Aiyuk,WR,SF,9.0,100.3,98.5,103.2,,0.0,,0.5,,,,,,,,5.1,18.6,60.1,,,0.0,873.8,0.0,,,
woods_WR_TEN,Robert Woods,WR,TEN,6.0,101.0,104.8,102.6,,0.9,,0.6,,,,,,,,5.0,84.6,73.3,,,0.0,870.8,,,,
carter_RB_NYJ,Michael Carter,RB,NYJ,10.0,101.0,102.8,104.6,,3.1,0.0,1.0,,,,,,,,0.9,516.9,31.8,,,,287.4,,,,
lance_QB_SF,Trey Lance,QB,SF,9.0,103.0,105.5,110.6,,4.3,1.4,1.9,,3629.1,,,,,22.6,,630.4,,,,13.9,,,,,
stevenson_RB_NE,Rhamondre Stevenson,RB,NE,10.0,104.0,102.3,102.8,,5.3,0.0,1.0,,,,,,,,0.5,631.1,23.7,,,,179.0,,,,
carr_QB_LV,Derek Carr,QB,LV,6.0,105.7,111.8,108.4,,1.1,1.1,2.9,,4654.1,,,,,28.2,,115.9,,,,14.1,,,,,
claypool_WR_PIT,Chase Claypool,WR,PIT,9.0,107.0,112.8,107.2,,0.6,,0.5,,,,,,,,4.0,76.8,61.9,,,0.0,842.8,,,,
kirk_WR_JAX,Christian Kirk,WR,JAX,11.0,107.7,119.5,103.8,,0.0,,1.0,,,,,,,,4.6,8.0,72.3,,,0.0,868.0,,,,
wilson_WR_NYJ,Garrett Wilson,WR,NYJ,10.0,108.3,132.8,128.6,,0.0,,2.0,,,,,,,,4.5,11.5,58.0,,,,861.5,,,,
cousins_QB_MIN,Kirk Cousins,QB,MIN,7.0,108.7,117.0,120.6,,1.1,2.7,1.9,,4381.5,,,,,31.4,,107.9,,,,12.0,,,,,
spiller_RB_LAC,Isaiah Spiller,RB,LAC,8.0,109.3,126.8,129.0,,4.0,,,,,,,,,,1.0,550.0,18.0,,,,131.0,,,,
olave_WR_NO,Chris Olave,WR,NO,14.0,110.0,123.8,113.2,,0.0,,1.0,,,,,,,,5.5,5.5,52.0,,,,780.0,,,,
robinson_RB_JAX,James Robinson,RB,JAX,11.0,111.3,112.8,109.2,,5.4,0.0,1.2,,,,,,,,0.8,646.0,24.1,,,,191.7,,,,
gesicki_TE_MIA,Mike Gesicki,TE,MIA,11.0,112.7,112.3,113.2,,0.0,,1.0,,,,,,,,4.0,0.5,61.5,,,0.0,679.7,,,,
toney_WR_NYG,Kadarius Toney,WR,NYG,9.0,115.0,124.0,114.4,,0.0,,0.5,,,,,,,,3.0,51.3,58.0,,,,653.4,0.0,,,
cook_RB_BUF,James Cook,RB,BUF,7.0,115.0,115.5,106.0,,4.5,,2.0,,,,,,,,1.5,523.0,31.0,,,,251.0,,,,
gage_WR_TB,Russell Gage,WR,TB,11.0,115.7,115.5,105.6,,0.0,,2.0,,,,,,,,5.0,1.8,64.5,,,,731.7,,,,
freiermuth_TE_PIT,Pat Freiermuth,TE,PIT,9.0,116.3,117.0,114.4,,0.0,,1.0,,,,,,,,5.2,0.4,65.0,,,0.0,558.8,,,,
gallup_WR_DAL,Michael Gallup,WR,DAL,9.0,118.3,130.0,127.0,,0.0,,1.0,,,,,,,,5.3,1.2,56.4,,,0.0,820.1,,,,
mattison_RB_MIN,Alexander Mattison,RB,MIN,7.0,119.0,114.3,120.8,,3.4,,1.2,,,,,,,,1.0,482.2,24.7,,,,190.5,,,,
jones_RB_KC,Ronald Jones II,RB,KC,8.0,120.3,114.5,121.8,,4.3,0.0,1.3,,,,,,,,0.1,554.9,13.8,,,,91.7,,,,
lazard_WR_GB,Allen Lazard,WR,GB,14.0,121.3,120.8,114.0,,0.0,,0.5,,,,,,,,7.2,25.8,55.3,,,0.0,746.3,,,,
kmet_TE_CHI,Cole Kmet,TE,CHI,14.0,121.7,142.3,130.8,,0.0,,1.0,,,,,,,,3.3,2.2,54.5,,,0.0,573.6,,,,
tagovailoa_QB_MIA,Tua Tagovailoa,QB,MIA,11.0,123.0,127.3,135.0,,2.8,1.6,1.4,,4005.0,,,,,25.2,,215.9,,,,14.9,,,,,
boyd_WR_CIN,Tyler Boyd,WR,CIN,10.0,124.3,135.8,129.2,,0.1,,0.5,,,,,,,,4.3,19.7,64.6,,,0.0,723.5,,,,
fields_QB_CHI,Justin Fields,QB,CHI,14.0,125.3,138.3,141.2,,3.2,1.0,4.4,,3482.0,,,,,18.7,,615.1,,,,17.4,,,,,
smith_TE_MIN,Irv Smith Jr.,TE,MIN,7.0,127.7,151.8,143.6,,0.0,,0.0,,,,,,,,4.9,0.4,50.1,,,0.0,556.1,,,,
henderson_RB_LAR,Darrell Henderson Jr.,RB,LAR,7.0,130.7,124.8,132.2,,3.6,0.0,2.0,,,,,,,,1.3,459.1,24.0,,,,186.5,,,,
golladay_WR_NYG,Kenny Golladay,WR,NYG,9.0,132.0,162.5,148.6,,0.0,,1.0,,,,,,,,3.5,0.6,53.1,,,0.0,753.8,,,,
white_RB_TB,Rachaad White,RB,TB,11.0,134.3,159.5,147.0,,4.5,,2.0,,,,,,,,1.0,417.0,22.0,,,,181.5,,,,
gainwell_RB_PHI,Kenneth Gainwell,RB,PHI,7.0,134.7,155.8,152.4,,3.9,0.7,1.3,,,,,,,,1.3,341.5,29.4,,,,251.5,,,,
hines_RB_IND,Nyheim Hines,RB,IND,14.0,134.7,135.0,125.0,,1.5,,4.0,,,,,,,,1.6,244.4,43.3,,,,347.6,0.5,,,
landry_WR_NO,Jarvis Landry,WR,NO,14.0,136.0,139.5,130.4,,0.5,,0.5,,,,,,,,4.4,32.2,62.1,,,0.0,737.0,,,,
valdesscantling_WR_KC,Marquez Valdes-Scantling,WR,KC,8.0,137.3,139.8,141.0,,0.0,,0.0,,,,,,,,5.1,7.6,48.9,,,0.0,810.2,,,,
meyers_WR_NE,Jakobi Meyers,WR,NE,10.0,138.0,156.3,146.2,,0.0,,0.5,,,,,,,,4.3,6.0,74.1,,,0.0,795.6,,,,
lawrence_QB_JAX,Trevor Lawrence,QB,JAX,11.0,138.7,149.5,152.6,,2.4,1.8,2.4,,3883.7,,,,,21.4,,362.7,,,,15.0,,,,,
moore_WR_ARI,Rondale Moore,WR,ARI,13.0,139.3,127.0,168.0,,0.6,,0.5,,,,,,,,2.2,101.7,50.3,,,,459.8,0.1,,,
mckissic_RB_WSH,J.D. McKissic,RB,WSH,14.0,140.0,151.5,134.4,,2.2,,0.5,,,,,,,,1.5,284.7,49.5,,,,391.0,,,,
watson_WR_GB,Christian Watson,WR,GB,14.0,140.3,147.8,136.6,,0.0,,2.0,,,,,,,,5.0,18.0,51.0,,,,727.0,,,,
williams_WR_DET,Jameson Williams,WR,DET,6.0,141.3,159.5,162.6,,0.0,,2.0,,,,,,,,4.0,5.5,46.5,,,,660.5,,,,
pierce_RB_HOU,Dameon Pierce,RB,HOU,6.0,142.3,141.8,129.8,,4.0,,3.0,,,,,,,,1.5,594.5,31.0,,,,252.5,,,,
chark_WR_DET,DJ Chark Jr.,WR,DET,6.0,143.0,163.0,169.8,,0.0,,0.0,,,,,,,,4.9,3.2,45.0,,,0.0,666.9,,,,
okwuegbunam_TE_DEN,Albert Okwuegbunam,TE,DEN,9.0,145.7,154.3,166.8,,0.0,,1.0,,,,,,,,3.8,0.4,44.3,,,,461.8,,,,
moore_WR_KC,Skyy Moore,WR,KC,8.0,148.0,143.8,137.8,,0.0,,2.0,,,,,,,,5.0,6.0,52.5,,,,713.5,,,,
mostert_RB_MIA,Raheem Mostert,RB,MIA,11.0,150.3,143.8,149.2,,4.5,,1.2,,,,,,,,0.9,639.0,16.6,,,,138.2,,,,
bills_DST_BUF,Bills,DST,BUF,7.0,152.5,133.8,124.8,19.2,,,12.0,,,,19.5,,0.3,,,,,12.0,,,,2.2,,45.6,
herbert_RB_CHI,Khalil Herbert,RB,CHI,14.0,152.7,172.7,173.5,,2.1,0.0,1.0,,,,,,,,0.5,354.2,12.7,,,,102.9,,,,
fant_TE_SEA,Noah Fant,TE,SEA,11.0,153.0,160.0,160.0,,0.0,,1.0,,,,,,,,3.9,0.5,59.6,,,0.0,652.0,,,,
dotson_WR_WSH,Jahan Dotson,WR,WSH,14.0,153.3,185.8,165.4,,0.0,,2.0,,,,,,,,4.5,5.5,54.0,,,,746.0,,,,
patrick_WR_DEN,Tim Patrick,WR,DEN,9.0,153.7,173.5,166.6,,0.0,,1.0,,,,,,,,6.4,0.6,56.6,,,0.0,802.2,,,,
tannehill_QB_TEN,Ryan Tannehill,QB,TEN,6.0,153.7,167.3,184.2,,3.6,2.2,1.9,,3743.3,,,,,24.9,,251.8,,,,14.5,,,,,
parker_WR_NE,DeVante Parker,WR,NE,10.0,155.0,160.0,156.6,,0.0,,1.0,,,,,,,,4.9,0.3,58.1,,,0.0,815.8,,,,
henry_TE_NE,Hunter Henry,TE,NE,10.0,155.3,168.8,154.2,,0.0,,0.0,,,,,,,,5.8,0.5,49.2,,,0.0,571.5,,,,
njoku_TE_CLE,David Njoku,TE,CLE,9.0,155.3,159.3,169.2,,0.0,,0.0,,,,,,,,5.0,1.6,48.8,,,0.0,587.5,,,,
ryan_QB_IND,Matt Ryan,QB,IND,14.0,155.7,153.0,165.0,,1.9,1.3,3.4,,3881.6,,,,,25.8,,158.2,,,,11.3,,,,,
watson_QB_CLE,Deshaun Watson,QB,CLE,9.0,157.0,151.5,158.8,,3.0,0.8,1.2,,2067.1,,,,,13.8,,284.6,,,,5.9,,,,,
williams_RB_DET,Jamaal Williams,RB,DET,6.0,159.7,166.3,163.6,,3.9,0.5,2.0,,,,,,,,0.9,642.5,23.9,,,,146.9,,,,
edwards_RB_BAL,Gus Edwards,RB,BAL,10.0,160.3,160.3,169.2,,4.1,0.5,1.4,,,,,,,,0.5,670.0,13.6,,,,126.0,,,,
tucker_K_BAL,Justin Tucker,K,BAL,10.0,161.3,144.8,137.4,,,,,7.7,,41.3,,4.9,,,,,,,9.9,,,,8.9,,0.2
tonyan_TE_GB,Robert Tonyan,TE,GB,14.0,161.7,164.5,173.8,,0.0,,0.0,,,,,,,,4.8,0.6,44.7,,,0.0,523.5,,,,
cowboys_DST_DAL,Cowboys,DST,DAL,9.0,162.0,164.3,154.2,17.6,,,11.2,,,,22.4,,0.4,,,,,11.2,,,,2.2,,41.1,
hardman_WR_KC,Mecole Hardman,WR,KC,8.0,163.0,175.8,162.0,,0.9,,1.2,,,,,,,,4.6,107.6,63.9,,,0.0,785.3,0.8,,,
winston_QB_NO,Jameis Winston,QB,NO,14.0,163.7,168.3,178.6,,2.4,2.1,2.2,,3523.8,,,,,25.1,,356.7,,,,12.6,,,,,
buccaneers_DST_TB,Buccaneers,DST,TB,11.0,164.5,141.8,140.4,15.0,,,12.8,,,,22.0,,0.4,,,,,12.8,,,,2.0,,42.2,
williams_RB_ARI,Darrel Williams,RB,ARI,13.0,165.0,176.5,163.2,,3.5,,2.0,,,,,,,,1.0,360.8,27.4,,,,236.3,,,,
allgeier_RB_ATL,Tyler Allgeier,RB,ATL,14.0,165.3,171.0,151.8,,3.0,,3.0,,,,,,,,1.5,556.0,28.5,,,,236.0,,,,
tolbert_WR_DAL,Jalen Tolbert,WR,DAL,9.0,166.0,167.7,196.2,,0.0,,1.0,,,,,,,,4.5,6.0,49.0,,,,670.0,,,,
jones_QB_NE,Mac Jones,QB,NE,10.0,166.3,163.8,181.4,,0.8,1.7,2.4,,3891.8,,,,,25.2,,184.5,,,,15.7,,,,,
engram_TE_JAX,Evan Engram,TE,JAX,11.0,168.3,182.7,182.8,,0.0,,1.0,,,,,,,,3.4,1.3,52.6,,,0.0,532.0,,,,
carlson_K_LV,Daniel Carlson,K,LV,6.0,169.3,158.8,155.2,,,,,9.4,,37.9,,5.1,,,,,,,8.8,,,,9.3,,0.1
patriots_DST_NE,Patriots,DST,NE,10.0,171.0,168.5,177.0,15.7,,,9.5,,,,22.7,,0.3,,,,,9.5,,,,1.9,,38.6,
pierce_WR_IND,Alec Pierce,WR,IND,14.0,172.5,176.3,194.4,,0.0,,,,,,,,,,4.0,0.0,49.0,,,,657.0,,,,
everett_TE_LAC,Gerald Everett,TE,LAC,8.0,172.7,184.0,183.6,,0.0,,1.0,,,,,,,,4.6,9.2,62.2,,,0.0,632.3,,,,
mcpherson_K_CIN,Evan McPherson,K,CIN,10.0,176.3,160.7,151.5,,,,,7.5,,36.9,,5.4,,,,,,,7.6,,,,10.1,,0.2
colts_DST_IND,Colts,DST,IND,14.0,176.5,157.0,163.4,16.2,,,12.0,,,,21.7,,0.3,,,,,12.0,,,,2.5,,36.1,
pickens_WR_PIT,George Pickens,WR,PIT,9.0,176.7,183.5,197.4,,0.0,,2.0,,,,,,,,3.5,4.5,55.0,,,,696.5,,,,
anderson_WR_CAR,Robbie Anderson,WR,CAR,13.0,178.5,176.5,182.0,,0.0,,0.5,,,,,,,,4.8,21.4,56.8,,,0.0,687.8,,,,
foreman_RB_CAR,D'Onta Foreman,RB,CAR,13.0,179.0,191.0,180.5,,3.1,0.0,1.1,,,,,,,,0.2,487.4,7.9,,,,75.6,,,,
saints_DST_NO,Saints,DST,NO,14.0,179.5,173.5,157.2,16.8,,,11.5,,,,21.7,,0.3,,,,,11.5,,,,1.9,,43.9,
butker_K_KC,Harrison Butker,K,KC,8.0,180.0,164.0,158.4,,,,,7.5,,43.1,,5.1,,,,,,,7.5,,,,10.4,,0.2
dolphins_DST_MIA,Dolphins,DST,MIA,11.0,180.5,193.3,185.0,15.1,,,9.8,,,,22.8,,0.4,,,,,9.8,,,,1.9,,44.5,
robinson_RB_WSH,Brian Robinson Jr.,RB,WSH,14.0,182.0,188.0,189.0,,3.5,,2.0,,,,,,,,0.5,429.0,14.5,,,,117.5,,,,
jefferson_WR_LAR,Van Jefferson,WR,LAR,7.0,182.7,173.5,190.8,,0.1,,0.0,,,,,,,,4.0,23.1,44.4,,,0.0,642.2,,,,
mack_RB_HOU,Marlon Mack,RB,HOU,6.0,182.7,155.5,156.0,,4.8,0.6,1.3,,,,,,,,0.3,743.0,16.2,,,0.0,122.6,,,,
ingram_RB_NO,Mark Ingram II,RB,NO,14.0,183.7,176.3,161.4,,4.2,0.7,1.3,,,,,,,,0.7,577.7,23.1,,,0.0,175.7,,,,
wilson_QB_NYJ,Zach Wilson,QB,NYJ,10.0,184.7,194.5,200.8,,2.7,2.0,0.9,,3532.5,,,,,20.9,,248.8,,,,14.4,,,,,
mills_QB_HOU,Davis Mills,QB,HOU,6.0,185.7,186.0,193.0,,0.8,2.1,1.0,,3704.0,,,,,21.0,,94.5,,,,15.1,,,,,
davis_WR_NYJ,Corey Davis,WR,NYJ,10.0,186.0,184.7,200.0,,0.0,,1.0,,,,,,,,4.1,0.7,47.1,,,0.0,673.1,,,,
palmer_WR_LAC,Joshua Palmer,WR,LAC,8.0,186.7,180.0,203.5,,0.0,,0.0,,,,,,,,4.6,3.8,54.9,,,0.0,634.5,,,,
higbee_TE_LAR,Tyler Higbee,TE,LAR,7.0,188.0,202.8,196.8,,0.0,,1.0,,,,,,,,4.7,0.5,61.6,,,0.0,614.1,,,,
gay_K_LAR,Matt Gay,K,LAR,7.0,189.0,175.0,168.4,,,,,7.3,,42.5,,3.2,,,,,,,7.6,,,,10.0,,0.6
michel_RB_MIA,Sony Michel,RB,MIA,11.0,190.0,177.5,181.8,,2.1,0.0,0.6,,,,,,,,0.0,370.3,8.9,,,,52.8,,,,
drake_RB_LV,Kenyan Drake,RB,LV,6.0,191.3,204.3,200.6,,2.6,0.6,0.6,,,,,,,,0.9,335.9,27.1,,,,218.5,,,,
brate_TE_TB,Cameron Brate,TE,TB,11.0,191.5,190.3,203.6,,0.0,,0.0,,,,,,,,3.7,0.4,39.8,,,0.0,362.5,,,,
osborn_WR_MIN,K.J. Osborn,WR,MIN,7.0,191.7,187.5,204.7,,0.0,,0.5,,,,,,,,5.1,6.0,47.4,,,,621.8,0.1,,,
wentz_QB_WSH,Carson Wentz,QB,WSH,14.0,191.7,200.8,204.8,,1.7,3.7,3.2,,3679.8,,,,,22.7,,236.3,,,,12.1,,,,,
garibay_K_DAL,Jonathan Garibay,K,DAL,9.0,195.0,213.0,213.0,,,,,8.4,,42.0,,4.1,,,,,,,9.2,,,,9.6,,0.3
crowder_WR_BUF,Jamison Crowder,WR,BUF,7.0,195.0,197.3,205.0,,0.0,,1.0,,,,,,,,4.1,4.2,54.2,,,0.0,573.7,,,,
samuel_WR_WSH,Curtis Samuel,WR,WSH,14.0,196.0,181.5,216.5,,0.8,,0.6,,,,,,,,3.3,154.9,47.2,,,0.0,531.8,,,,
goff_QB_DET,Jared Goff,QB,DET,6.0,197.0,208.0,210.0,,0.9,3.2,3.5,,3936.0,,,,,25.0,,71.1,,,,12.5,,,,,
davisprice_RB_SF,Tyrion Davis-Price,RB,SF,9.0,197.7,209.0,182.3,,2.0,,,,,,,,,,0.0,245.0,7.0,,,,51.0,,,,
white_RB_LV,Zamir White,RB,LV,6.0,197.7,211.3,203.0,,3.0,,,,,,,,,,0.0,294.0,11.0,,,,82.0,,,,
broncos_DST_DEN,Broncos,DST,DEN,9.0,198.0,184.5,210.8,15.5,,,9.6,,,,23.0,,0.3,,,,,9.6,,,,1.9,,40.3,
chargers_DST_LAC,Chargers,DST,LAC,8.0,199.0,196.0,171.6,15.6,,,11.4,,,,23.4,,0.3,,,,,11.4,,,,2.0,,42.1,
bass_K_BUF,Tyler Bass,K,BUF,7.0,200.0,185.0,181.8,,,,,9.4,,45.1,,4.1,,,,,,,8.1,,,,8.4,,0.2
jones_WR_TB,Julio Jones,WR,TB,11.0,201.0,217.3,216.0,,0.0,,,,,,,,,,4.0,0.0,43.0,,,,520.0,,,,
hurst_TE_CIN,Hayden Hurst,TE,CIN,10.0,201.7,219.7,208.6,,0.0,,1.0,,,,,,,,4.1,0.7,43.5,,,0.0,454.3,,,,
watkins_WR_GB,Sammy Watkins,WR,GB,14.0,203.0,189.7,210.8,,0.0,,1.0,,,,,,,,3.0,7.0,42.4,,,0.0,569.6,,,,
jones_QB_NYG,Daniel Jones,QB,NYG,9.0,203.0,238.5,223.3,,3.0,2.7,4.5,,3741.4,,,,,20.1,,465.1,,,,14.5,,,,,
thomas_TE_WSH,Logan Thomas,TE,WSH,14.0,204.3,201.0,210.6,,0.0,,0.5,,,,,,,,5.1,3.5,47.6,,,0.0,507.2,,,,
chiefs_DST_KC,Chiefs,DST,KC,8.0,206.0,186.5,210.3,15.2,,,11.8,,,,23.4,,0.3,,,,,11.8,,,,2.0,,37.1,
hooper_TE_TEN,Austin Hooper,TE,TEN,6.0,206.3,215.5,202.0,,0.0,,1.0,,,,,,,,4.1,0.4,50.1,,,0.0,485.6,,,,
jones_WR_JAX,Marvin Jones Jr.,WR,JAX,11.0,206.7,200.0,211.8,,0.0,,1.0,,,,,,,,5.6,0.9,63.4,,,0.0,759.1,,,,
peoplesjones_WR_CLE,Donovan Peoples-Jones,WR,CLE,9.0,206.7,195.0,223.3,,0.0,,1.0,,,,,,,,3.3,0.3,41.6,,,0.0,665.5,,,,
ers_DST_SF,49ers,DST,SF,9.0,208.5,173.0,168.2,14.6,,,11.4,,,,21.4,,0.3,,,,,11.4,,,,1.8,,45.7,
slye_K_WSH,Joey Slye,K,WSH,14.0,211.0,227.0,233.0,,,,,8.1,,32.5,,4.7,,,,,,,7.7,,,,7.7,,0.2
evans_RB_CIN,Chris Evans,RB,CIN,10.0,212.0,245.0,236.0,,0.6,0.0,0.5,,,,,,,,0.8,114.4,13.5,,,,109.8,,,,
york_K_CLE,Cade York,K,CLE,9.0,213.0,247.0,212.7,,,,,6.0,,37.5,,3.7,,,,,,,8.0,,,,6.8,,0.2
gaskin_RB_MIA,Myles Gaskin,RB,MIA,11.0,213.3,206.0,216.0,,0.7,0.0,0.5,,,,,,,,0.1,144.0,9.5,,,,51.7,,,,
rams_DST_LAR,Rams,DST,LAR,7.0,214.5,176.5,168.8,15.2,,,9.8,,,,21.7,,0.3,,,,,9.8,,,,1.9,,43.0,
hubbard_RB_CAR,Chuba Hubbard,RB,CAR,13.0,215.0,203.8,207.2,,2.2,0.0,0.7,,,,,,,,0.4,264.2,14.7,,,,96.9,,,,
hopkins_K_LAC,Dustin Hopkins,K,LAC,8.0,215.0,193.7,220.3,,,,,7.9,,38.7,,3.5,,,,,,,8.8,,,,8.4,,0.7
mayfield_QB_CAR,Baker Mayfield,QB,CAR,13.0,215.3,221.0,217.0,,1.1,1.3,1.8,,3430.6,,,,,17.9,,143.3,,,,13.8,,,,,
jordan_TE_HOU,Brevin Jordan,TE,HOU,6.0,217.5,228.0,251.3,,0.0,,0.0,,,,,,,,3.1,0.5,39.7,,,0.0,399.6,,,,
haskins_RB_TEN,Hassan Haskins,RB,TEN,6.0,219.0,207.5,208.7,,1.0,,0.0,,,,,,,,0.0,203.0,8.0,,,,61.0,,,,
mariota_QB_ATL,Marcus Mariota,QB,ATL,14.0,220.3,262.0,250.3,,2.1,0.5,0.8,,2863.4,,,,,15.2,,332.1,,,,11.3,,,,,
bourne_WR_NE,Kendrick Bourne,WR,NE,10.0,221.0,242.0,241.3,,0.5,,0.5,,,,,,,,4.3,87.1,49.6,,,0.0,614.6,,,,
blankenship_K_IND,Rodrigo Blankenship,K,IND,14.0,221.0,221.3,204.5,,,,,8.6,,36.1,,3.1,,,,,,,9.7,,,,9.7,,0.2
succop_K_TB,Ryan Succop,K,TB,11.0,221.0,181.0,194.3,,,,,8.6,,47.7,,3.1,,,,,,,8.5,,,,9.1,,0.2
lutz_K_NO,Wil Lutz,K,NO,14.0,222.0,215.0,232.0,,,,,7.6,,36.6,,3.4,,,,,,,8.8,,,,9.0,,0.2
brissett_QB_CLE,Jacoby Brissett,QB,CLE,9.0,223.0,272.0,275.0,,1.2,0.8,1.3,,1968.1,,,,,12.2,,107.5,,,,6.6,,,,,
pickett_QB_PIT,Kenny Pickett,QB,PIT,9.0,225.0,217.3,255.3,,0.5,,1.0,,1789.0,,,,,10.0,,75.0,,,,7.5,,,,,
bell_WR_CLE,David Bell,WR,CLE,9.0,225.7,220.0,209.7,,0.0,,1.0,,,,,,,,2.5,6.5,32.5,,,,444.5,,,,
trubisky_QB_PIT,Mitch Trubisky,QB,PIT,9.0,227.7,262.5,260.5,,1.6,2.4,0.9,,2444.9,,,,,14.8,,187.8,,,,9.2,,,,,
prater_K_ARI,Matt Prater,K,ARI,13.0,227.7,184.3,203.2,,,,,8.6,,42.6,,4.9,,,,,,,8.0,,,,8.2,,0.6
callaway_WR_NO,Marquez Callaway,WR,NO,14.0,228.0,242.0,232.5,,0.0,,0.0,,,,,,,,2.6,20.2,23.6,,,,348.3,0.1,,,
uzomah_TE_NYJ,C.J. Uzomah,TE,NYJ,10.0,230.0,240.0,262.3,,0.0,,0.0,,,,,,,,2.9,0.4,45.8,,,0.0,444.8,,,,
johnson_RB_CLE,D'Ernest Johnson,RB,CLE,9.0,230.7,222.0,233.5,,1.6,,0.0,,,,,,,,0.2,224.9,8.6,,,,74.4,,,,
steelers_DST_PIT,Steelers,DST,PIT,9.0,231.0,207.3,197.0,15.1,,,10.9,,,,23.9,,0.3,,,,,10.9,,,,1.9,,47.5,
shenault_WR_JAX,Laviska Shenault Jr.,WR,JAX,11.0,232.7,241.0,237.0,,0.1,,0.5,,,,,,,,2.3,55.6,44.7,,,0.0,469.4,,,,
ingram_RB_ARI,Keaontay Ingram,RB,ARI,13.0,233.0,211.5,232.7,,0.5,,0.0,,,,,,,,0.0,94.0,3.0,,,,27.0,,,,
folk_K_NE,Nick Folk,K,NE,10.0,234.7,216.0,211.0,,,,,7.8,,38.7,,4.3,,,,,,,8.9,,,,8.5,,0.3
garoppolo_QB_SF,Jimmy Garoppolo,QB,SF,9.0,235.7,249.5,257.5,,0.0,0.3,0.0,,396.8,,,,,2.1,,3.0,,,,1.8,,,,,
white_RB_NE,James White,RB,NE,10.0,236.3,225.3,243.0,,1.2,0.6,0.0,,,,,,,,1.8,179.8,46.3,,,,400.1,,,,
vaughn_RB_TB,Ke'Shawn Vaughn,RB,TB,11.0,238.3,247.0,230.5,,3.0,,1.0,,,,,,,,0.0,258.5,5.5,,,,33.0,,,,
joseph_K_MIN,Greg Joseph,K,MIN,7.0,240.0,225.5,231.3,,,,,7.9,,35.8,,5.2,,,,,,,8.5,,,,11.1,,0.2
collins_WR_HOU,Nico Collins,WR,HOU,6.0,240.0,266.0,247.0,,0.0,,1.0,,,,,,,,3.2,0.4,51.7,,,0.0,683.7,,,,
davis_RB_BAL,Mike Davis,RB,BAL,10.0,240.7,244.0,234.7,,1.2,0.4,0.2,,,,,,,,0.2,198.3,10.8,,,,63.2,,,,
koo_K_ATL,Younghoe Koo,K,ATL,14.0,241.3,222.8,228.6,,,,,8.2,,36.2,,4.7,,,,,,,8.0,,,,9.2,,0.2
vikings_DST_MIN,Vikings,DST,MIN,7.0,243.0,202.0,221.5,14.8,,,10.2,,,,24.1,,0.3,,,,,10.2,,,,2.3,,43.8,
sealsjones_TE_NYG,Ricky Seals-Jones,TE,NYG,9.0,245.0,287.0,292.0,,0.0,,0.0,,,,,,,,2.0,0.3,23.2,,,,215.8,,,,
ravens_DST_BAL,Ravens,DST,BAL,10.0,247.0,211.8,204.8,15.2,,,10.6,,,,21.3,,0.4,,,,,10.6,,,,1.9,,38.3,
mcbride_TE_ARI,Trey McBride,TE,ARI,13.0,247.3,233.0,253.5,,0.0,,1.0,,,,,,,,2.0,0.0,25.0,,,,244.5,,,,
trautman_TE_NO,Adam Trautman,TE,NO,14.0,249.3,254.5,276.7,,0.0,,1.0,,,,,,,,2.6,0.5,33.9,,,0.0,341.2,,,,
robinson_WR_NYG,Wan'Dale Robinson,WR,NYG,9.0,250.0,229.0,261.0,,0.0,,,,,,,,,,3.0,48.0,51.0,,,,580.0,,,,
browns_DST_CLE,Browns,DST,CLE,9.0,250.0,215.3,226.8,15.4,,,9.3,,,,22.2,,0.3,,,,,9.3,,,,2.2,,42.9,
packers_DST_GB,Packers,DST,GB,14.0,250.5,202.0,214.4,18.4,,,10.1,,,,20.9,,0.3,,,,,10.1,,,,1.9,,42.4,
perine_RB_CIN,Samaje Perine,RB,CIN,10.0,250.5,234.7,241.3,,2.0,,1.0,,,,,,,,1.0,352.0,17.5,,,,125.5,,,,
green_WR_ARI,A.J. Green,WR,ARI,13.0,252.0,263.0,260.5,,0.0,,0.0,,,,,,,,3.3,0.5,41.8,,,0.0,615.1,,,,
aliecox_TE_IND,Mo Alie-Cox,TE,IND,14.0,252.0,254.5,252.5,,0.0,,0.0,,,,,,,,3.5,0.5,32.9,,,0.0,399.6,,,,
benjamin_RB_ARI,Eno Benjamin,RB,ARI,13.0,252.7,289.0,276.7,,1.3,0.0,0.3,,,,,,,,0.3,201.5,10.2,,,,79.5,,,,
sermon_RB_SF,Trey Sermon,RB,SF,9.0,253.0,216.3,250.3,,0.0,,,,,,,,,,0.0,39.0,2.0,,,,12.0,,,,
willis_QB_TEN,Malik Willis,QB,TEN,6.0,254.0,308.0,310.0,,0.0,,0.0,,183.5,,,,,1.5,,20.0,,,,1.0,,,,,
shepard_WR_NYG,Sterling Shepard,WR,NYG,9.0,254.3,259.0,265.0,,0.1,,0.5,,,,,,,,3.1,21.6,64.0,,,0.0,650.3,,,,
wilson_RB_SF,Jeff Wilson Jr.,RB,SF,9.0,255.0,245.0,221.3,,0.9,0.0,0.3,,,,,,,,0.6,101.3,6.0,,,,46.5,,,,
gould_K_SF,Robbie Gould,K,SF,9.0,255.0,242.8,250.4,,,,,7.6,,41.8,,4.6,,,,,,,9.4,,,,7.5,,0.6
mcmanus_K_DEN,Brandon McManus,K,DEN,9.0,255.3,211.7,221.6,,,,,7.5,,40.8,,4.9,,,,,,,8.6,,,,7.8,,0.2
badie_RB_BAL,Tyler Badie,RB,BAL,10.0,255.5,236.5,250.0,,0.5,,1.0,,,,,,,,0.0,130.0,3.0,,,,24.0,,,,
boswell_K_PIT,Chris Boswell,K,PIT,9.0,257.5,241.7,247.8,,,,,8.1,,35.1,,5.1,,,,,,,9.0,,,,8.6,,0.2
mckinnon_RB_KC,Jerick McKinnon,RB,KC,8.0,258.5,259.0,241.0,,2.6,0.1,0.6,,,,,,,,2.6,438.2,46.8,,,0.0,402.5,,,,
pringle_WR_CHI,Byron Pringle,WR,CHI,14.0,259.3,297.5,277.3,,0.0,,,,,,,,,,3.3,0.5,41.8,,,0.0,515.7,,,,
campbell_WR_IND,Parris Campbell,WR,IND,14.0,260.7,279.5,271.3,,0.1,,0.0,,,,,,,,3.2,9.7,45.9,,,0.0,592.0,,,,
sims_WR_WSH,Cam Sims,WR,WSH,14.0,261.0,313.0,314.0,,0.0,,,,,,,,,,0.8,1.0,11.8,,,,168.1,,,,
duvernay_WR_BAL,Devin Duvernay,WR,BAL,10.0,261.5,215.0,226.0,,0.0,,0.0,,,,,,,,2.5,45.3,38.8,,,0.0,441.3,1.0,,,
titans_DST_TEN,Titans,DST,TEN,6.0,262.0,235.7,245.2,14.7,,,9.4,,,,22.9,,0.3,,,,,9.4,,,,1.8,,42.7,
breida_RB_NYG,Matt Breida,RB,NYG,9.0,262.0,244.5,238.5,,1.5,,2.0,,,,,,,,1.2,326.1,15.3,,,,117.3,,,,
darden_WR_TB,Jaelon Darden,WR,TB,11.0,263.0,317.0,316.0,,0.0,,,,,,,,,,0.1,2.1,1.5,,,,26.6,0.1,,,
hamler_WR_DEN,KJ Hamler,WR,DEN,9.0,263.5,260.5,258.5,,0.1,,0.5,,,,,,,,2.2,18.9,28.1,,,,370.4,,,,
rudolph_TE_TB,Kyle Rudolph,TE,TB,11.0,264.0,278.5,269.5,,0.0,,,,,,,,,,4.0,0.0,33.0,,,,315.0,,,,
harry_WR_CHI,N'Keal Harry,WR,CHI,14.0,264.0,319.0,319.0,,0.0,,,,,,,,,,0.7,0.5,7.4,,,,99.1,,,,
ridder_QB_ATL,Desmond Ridder,QB,ATL,14.0,264.0,286.0,287.0,,0.5,,0.0,,957.0,,,,,5.0,,91.5,,,,4.0,,,,,
sanders_K_MIA,Jason Sanders,K,MIA,11.0,264.5,243.7,254.7,,,,,7.5,,38.4,,3.6,,,,,,,8.1,,,,8.3,,0.2
williams_RB_ATL,Damien Williams,RB,ATL,14.0,265.5,213.0,252.0,,2.7,,1.1,,,,,,,,1.3,330.0,23.8,,,,183.4,,,,
lock_QB_SEA,Drew Lock,QB,SEA,11.0,266.3,346.0,346.0,,1.5,0.8,0.9,,1862.9,,,,,10.2,,118.2,,,,7.2,,,,,
scott_RB_PHI,Boston Scott,RB,PHI,7.0,268.0,266.0,256.8,,3.1,,0.2,,,,,,,,0.1,265.0,7.0,,,,57.0,,,,
funk_RB_LAR,Jake Funk,RB,LAR,7.0,268.0,323.0,326.0,,0.8,0.0,0.1,,,,,,,,0.1,79.2,3.6,,,,27.3,,,,
hilliard_RB_TEN,Dontrell Hilliard,RB,TEN,6.0,268.5,251.0,265.0,,2.0,,0.8,,,,,,,,0.6,292.3,30.1,,,,208.5,,,,
bengals_DST_CIN,Bengals,DST,CIN,10.0,269.0,230.0,245.7,16.0,,,9.9,,,,22.8,,0.3,,,,,9.9,,,,1.9,,41.2,
goodwin_WR_SEA,Marquise Goodwin,WR,SEA,11.0,269.0,326.0,327.0,,0.0,,,,,,,,,,0.0,0.0,4.0,,,,59.0,,,,
marshall_WR_CAR,Terrace Marshall Jr.,WR,CAR,13.0,269.5,238.0,261.3,,0.0,,0.0,,,,,,,,1.8,3.4,33.4,,,0.0,393.3,,,,
wilson_WR_MIA,Cedrick Wilson Jr.,WR,MIA,11.0,269.7,240.0,263.5,,0.0,,1.0,,,,,,,,3.4,3.4,44.7,,,,536.0,,,,
pacheco_RB_KC,Isaih Pacheco,RB,KC,,273.0,-1.0,-1.0,,0.5,,0.0,,,,,,,,0.0,90.5,3.5,,,,30.0,,,,
mckenzie_WR_BUF,Isaiah McKenzie,WR,BUF,7.0,274.0,251.0,262.3,,1.2,,0.1,,,,,,,,1.7,84.5,25.3,,,,264.4,0.2,,,
woods_TE_IND,Jelani Woods,TE,IND,14.0,274.5,310.5,323.5,,0.0,,1.0,,,,,,,,2.5,0.0,25.0,,,,255.5,,,,
otton_TE_TB,Cade Otton,TE,TB,11.0,275.0,267.5,269.3,,0.0,,1.0,,,,,,,,2.0,0.0,24.0,,,,242.0,,,,
darnold_QB_CAR,Sam Darnold,QB,CAR,13.0,275.5,364.0,361.0,,0.4,0.7,0.3,,605.2,,,,,2.7,,34.5,,,,2.2,,,,,
cephus_WR_DET,Quintez Cephus,WR,DET,6.0,276.0,-1.0,285.0,,0.0,,0.0,,,,,,,,2.5,0.0,19.5,,,,266.5,,,,
johnson_RB_BUF,Duke Johnson Jr.,RB,BUF,7.0,276.0,290.0,298.0,,2.5,,1.0,,,,,,,,0.5,243.0,11.0,,,,104.5,,,,
dulcich_TE_DEN,Greg Dulcich,TE,DEN,9.0,276.7,334.0,315.5,,0.0,,0.0,,,,,,,,1.0,0.0,14.0,,,,141.5,,,,
shakir_WR_BUF,Khalil Shakir,WR,BUF,7.0,278.0,384.0,383.0,,0.0,,,,,,,,,,0.0,12.0,4.0,,,,43.0,,,,
agholor_WR_NE,Nelson Agholor,WR,NE,10.0,279.0,333.0,332.0,,0.0,,0.0,,,,,,,,2.6,18.7,28.0,,,,367.7,,,,
jones_WR_CHI,Velus Jones Jr.,WR,CHI,14.0,279.0,284.0,286.3,,0.0,,,,,,,,,,3.0,25.0,50.0,,,,611.0,,,,
cobb_WR_GB,Randall Cobb,WR,GB,14.0,280.3,287.5,263.0,,0.0,,1.0,,,,,,,,5.4,6.1,47.8,,,0.0,606.6,,,,
eagles_DST_PHI,Eagles,DST,PHI,7.0,280.5,245.3,245.8,13.8,,,9.8,,,,22.2,,0.3,,,,,9.8,,,,1.6,,39.9,
strong_RB_NE,Pierre Strong Jr.,RB,NE,10.0,281.0,282.0,275.5,,0.5,,0.0,,,,,,,,0.0,100.5,4.0,,,,31.5,,,,
thornton_WR_NE,Tyquan Thornton,WR,NE,10.0,281.0,259.5,282.5,,0.0,,,,,,,,,,1.0,0.0,17.0,,,,205.0,,,,
williams_RB_LAR,Kyren Williams,RB,LAR,7.0,281.0,337.0,313.5,,1.0,,,,,,,,,,0.0,67.0,2.0,,,,15.0,,,,
elliott_K_PHI,Jake Elliott,K,PHI,7.0,282.0,291.0,248.8,,,,,7.2,,29.9,,3.9,,,,,,,9.1,,,,9.9,,0.3
corral_QB_CAR,Matt Corral,QB,CAR,,283.0,-1.0,-1.0,,0.0,,0.0,,126.5,,,,,1.0,,4.0,,,,1.0,,,,,
pascal_WR_PHI,Zach Pascal,WR,PHI,7.0,283.0,332.0,335.0,,0.0,,0.0,,,,,,,,1.3,6.8,9.9,,,,140.5,,,,
edwards_WR_ATL,Bryan Edwards,WR,ATL,14.0,283.3,301.5,298.0,,0.0,,0.0,,,,,,,,2.7,1.3,37.1,,,0.0,560.4,,,,
burkhead_RB_HOU,Rex Burkhead,RB,HOU,6.0,284.0,285.0,261.8,,3.1,,1.0,,,,,,,,1.4,404.0,31.4,,,,255.4,,,,
cardinals_DST_ARI,Cardinals,DST,ARI,13.0,285.0,300.0,293.0,14.5,,,12.3,,,,23.4,,0.3,,,,,12.3,,,,1.9,,38.2,
zuerlein_K_NYJ,Greg Zuerlein,K,NYJ,10.0,285.0,234.5,341.0,,,,,6.5,,29.8,,3.7,,,,,,,7.4,,,,8.2,,0.2
berrios_WR_NYJ,Braxton Berrios,WR,NYJ,10.0,286.0,360.0,324.0,,1.5,,0.5,,,,,,,,2.3,66.8,43.4,,,,437.7,0.1,,,
rodgers_WR_GB,Amari Rodgers,WR,GB,14.0,286.7,283.5,250.0,,0.0,,0.5,,,,,,,,1.8,10.1,23.0,,,,318.6,0.1,,,
parham_TE_LAC,Donald Parham,TE,LAC,,287.0,-1.0,-1.0,,0.0,,0.0,,,,,,,,2.4,0.3,21.1,,,,206.2,,,,
smith_TE_NE,Jonnu Smith,TE,NE,10.0,287.5,286.0,291.0,,0.5,,0.0,,,,,,,,1.7,42.3,24.2,,,,258.3,,,,
watkins_WR_PHI,Quez Watkins,WR,PHI,7.0,287.5,348.0,318.0,,0.0,,,,,,,,,,1.8,1.2,26.8,,,0.0,378.9,,,,
washington_WR_DAL,James Washington,WR,DAL,9.0,288.5,266.0,270.0,,0.0,,0.0,,,,,,,,5.1,4.7,40.3,,,0.0,632.6,,,,
commanders_DST_WSH,Commanders,DST,WSH,14.0,289.0,275.3,240.4,13.0,,,9.0,,,,23.2,,,,,,,9.0,,,,2.0,,41.0,
conklin_TE_NYJ,Tyler Conklin,TE,NYJ,10.0,290.0,322.0,295.5,,0.0,,0.0,,,,,,,,1.5,0.3,31.1,,,,298.1,,,,
guyton_WR_LAC,Jalen Guyton,WR,LAC,8.0,290.5,254.0,259.0,,0.0,,0.0,,,,,,,,2.2,35.6,20.2,,,,272.8,0.1,,,
crosby_K_GB,Mason Crosby,K,GB,14.0,291.0,251.3,272.3,,,,,7.9,,45.4,,4.0,,,,,,,8.1,,,,9.1,,0.5
bellinger_TE_NYG,Daniel Bellinger,TE,NYG,9.0,293.5,382.0,339.5,,0.0,,,,,,,,,,2.0,0.0,24.0,,,,246.0,,,,
doubs_WR_GB,Romeo Doubs,WR,GB,14.0,293.7,308.5,321.0,,0.0,,,,,,,,,,2.0,0.0,18.0,,,,213.0,,,,
smith_WR_NO,Tre'Quan Smith,WR,NO,14.0,296.0,350.0,350.0,,0.0,,,,,,,,,,0.9,0.4,9.6,,,,89.5,,,,
jennings_WR_SF,Jauan Jennings,WR,SF,9.0,298.0,302.0,304.0,,0.0,,,,,,,,,,2.4,0.4,29.4,,,,376.9,,,,
bernard_RB_TB,Giovani Bernard,RB,TB,11.0,298.0,352.0,300.5,,1.2,,0.3,,,,,,,,0.4,156.9,15.7,,,,123.6,,,,
howard_TE_BUF,O.J. Howard,TE,BUF,7.0,299.0,232.5,291.0,,0.0,,0.0,,,,,,,,1.9,0.4,21.1,,,,239.2,,,,
smith_QB_SEA,Geno Smith,QB,SEA,11.0,299.0,261.0,265.0,,1.0,0.2,1.3,,1978.6,,,,,10.9,,95.3,,,,7.1,,,,,
arnold_TE_JAX,Dan Arnold,TE,JAX,11.0,300.0,351.0,351.0,,0.0,,1.0,,,,,,,,1.8,0.3,31.5,,,,370.2,,,,
bolden_RB_LV,Brandon Bolden,RB,LV,6.0,301.0,356.0,359.0,,1.0,,1.0,,,,,,,,1.0,238.0,32.0,,,,325.0,,,,
giants_DST_NYG,Giants,DST,NYG,9.0,302.0,194.0,234.5,14.0,,,10.0,,,,24.4,,0.3,,,,,10.0,,,,1.7,,38.0,
westbrookikhine_WR_TEN,Nick Westbrook-Ikhine,WR,TEN,6.0,302.7,321.0,318.0,,0.0,,,,,,,,,,3.2,0.3,40.6,,,,514.1,,,,
conner_RB_JAX,Snoop Conner,RB,JAX,11.0,303.0,305.0,308.0,,1.0,,,,,,,,,,0.0,94.0,6.0,,,,47.0,,,,
raymond_WR_DET,Kalif Raymond,WR,DET,6.0,303.0,355.0,356.0,,0.1,,0.5,,,,,,,,2.1,19.1,24.4,,,,306.0,0.1,,,
bullock_K_TEN,Randy Bullock,K,TEN,6.0,306.0,357.0,360.0,,,,,7.0,,41.1,,3.2,,,,,,,8.9,,,,9.9,,0.3
moss_RB_BUF,Zack Moss,RB,BUF,7.0,308.0,324.0,329.0,,0.7,0.0,,,,,,,,,0.2,116.2,4.3,,,,30.9,,,,
bears_DST_CHI,Bears,DST,CHI,14.0,308.0,363.0,321.5,13.9,,,10.4,,,,25.0,,0.3,,,,,10.4,,,,2.0,,42.7,
coleman_RB_NYJ,Tevin Coleman,RB,NYJ,10.0,310.0,362.0,364.0,,1.3,,1.0,,,,,,,,0.1,251.1,9.9,,,,68.4,,,,
perriman_WR_TB,Breshad Perriman,WR,TB,11.0,311.0,366.0,365.0,,0.0,,0.0,,,,,,,,1.2,5.2,11.3,,,,160.1,,,,
harty_WR_NO,Deonte Harty,WR,NO,14.0,314.0,367.0,368.0,,0.0,,,,,,,,,,0.0,0.0,5.0,,,,60.0,,,,
snell_RB_PIT,Benny Snell Jr.,RB,PIT,,315.0,-1.0,-1.0,,1.0,,,,,,,,,,0.0,196.0,4.0,,,,30.0,,,,
eskridge_WR_SEA,Dee Eskridge,WR,SEA,,318.0,383.0,-1.0,,0.1,,0.0,,,,,,,,1.8,37.1,24.4,,,,300.0,,,,
love_QB_GB,Jordan Love,QB,GB,,319.0,386.0,-1.0,,0.1,1.8,0.0,,228.3,,,,,1.3,,8.9,,,,0.9,,,,,
moreau_TE_LV,Foster Moreau,TE,LV,6.0,324.0,372.0,372.0,,0.0,,0.0,,,,,,,,3.1,0.4,28.6,,,0.0,324.2,,,,
johnson_RB_NYJ,Ty Johnson,RB,NYJ,10.0,324.0,365.0,366.0,,0.0,,,,,,,,,,0.0,32.0,4.0,,,,33.0,,,,
tremble_TE_CAR,Tommy Tremble,TE,CAR,13.0,329.0,380.0,380.0,,0.0,,0.0,,,,,,,,1.8,11.9,27.5,,,,278.7,,,,
zaccheaus_WR_ATL,Olamide Zaccheaus,WR,ATL,14.0,330.0,237.0,243.0,,0.0,,0.0,,,,,,,,2.5,2.1,33.9,,,0.0,453.3,0.1,,,
lindsay_RB_IND,Phillip Lindsay,RB,IND,14.0,334.0,311.0,311.0,,1.3,0.0,0.3,,,,,,,,0.1,250.4,3.4,,,,24.8,,,,
huntley_QB_BAL,Tyler Huntley,QB,BAL,10.0,335.0,379.0,379.0,,0.5,0.5,0.1,,272.8,,,,,1.5,,55.1,,,,1.2,,,,,
nwangwu_RB_MIN,Kene Nwangwu,RB,MIN,,338.0,-1.0,-1.0,,0.8,0.0,0.1,,,,,,,,0.1,83.2,4.8,,,,29.2,,,,
minshew_QB_PHI,Gardner Minshew,QB,PHI,,341.0,-1.0,-1.0,,0.0,1.1,0.0,,252.1,,,,,1.7,,25.5,,,,0.9,,,,,
abdullah_RB_LV,Ameer Abdullah,RB,LV,,-1.0,-1.0,-1.0,,0.5,,0.0,,,,,,,,0.6,130.5,18.8,,,,150.7,,,,
agnew_WR_JAX,Jamal Agnew,WR,JAX,,-1.0,-1.0,-1.0,,0.0,,,,,,,,,,0.0,30.0,5.0,,,,61.0,,,,
akins_TE_NYG,Jordan Akins,TE,NYG,,-1.0,-1.0,-1.0,,0.0,,0.5,,,,,,,,1.2,3.3,24.1,,,0.0,234.8,,,,
allen_QB_CIN,Brandon Allen,QB,CIN,,-1.0,-1.0,-1.0,,0.0,0.5,0.0,,205.9,,,,,1.2,,7.2,,,,1.0,,,,,
allen_QB_HOU,Kyle Allen,QB,HOU,,-1.0,-1.0,-1.0,,0.0,0.5,0.5,,301.7,,,,,1.4,,8.5,,,,1.4,,,,,
anderson_TE_ARI,Stephen Anderson,TE,ARI,,-1.0,-1.0,-1.0,,,,0.0,,,,,,,,0.8,0.7,8.8,,,,96.7,,,,
armstead_RB_JAX,Ryquell Armstead,RB,JAX,,-1.0,-1.0,-1.0,,0.0,,,,,,,,,,0.0,31.0,2.0,,,,15.0,,,,
asiasi_TE_NE,Devin Asiasi,TE,NE,,-1.0,-1.0,-1.0,,0.0,,0.0,,,,,,,,0.5,0.0,6.0,,,,78.0,,,,
atwell_WR_LAR,Tutu Atwell,WR,LAR,,-1.0,-1.0,-1.0,,0.0,,,,,,,,,,1.0,0.6,26.0,,,,164.5,,,,
auclair_TE_HOU,Antony Auclair,TE,HOU,,-1.0,-1.0,-1.0,,0.0,,,,,,,,,,0.7,0.4,5.4,,,,56.0,,,,
austin_WR_PIT,Calvin Austin III,WR,PIT,9.0,-1.0,377.0,376.0,,0.0,,,,,,,,,,1.0,0.0,22.0,,,,243.0,,,,
bargas_RB_MIN,Jake Bargas,RB,MIN,,-1.0,-1.0,-1.0,,0.1,0.0,0.0,,,,,,,,0.1,2.7,2.2,,,,4.9,,,,
bates_TE_WSH,John Bates,TE,WSH,,-1.0,-1.0,-1.0,,0.0,,0.0,,,,,,,,1.1,0.3,21.9,,,,256.3,,,,
bawden_RB_NYJ,Nick Bawden,RB,NYJ,,-1.0,-1.0,-1.0,,0.0,,,,,,,,,,0.0,0.0,4.0,,,,32.0,,,,
beathard_QB_JAX,C.J. Beathard,QB,JAX,,-1.0,-1.0,-1.0,,0.0,0.5,0.5,,190.9,,,,,0.9,,7.7,,,,0.6,,,,,
beck_TE_DEN,Andrew Beck,TE,DEN,,-1.0,-1.0,-1.0,,0.0,,,,,,,,,,2.8,3.9,26.3,,,0.0,274.3,,,,
bell_TE_KC,Blake Bell,TE,KC,,-1.0,-1.0,-1.0,,0.0,,0.0,,,,,,,,0.8,4.2,10.5,,,,94.9,,,,
benson_WR_DET,Trinity Benson,WR,DET,,-1.0,-1.0,-1.0,,,,,,,,,,,,0.1,0.2,1.8,,,,21.4,,,,
beyer_TE_DEN,Shaun Beyer,TE,DEN,,-1.0,-1.0,-1.0,,,,0.0,,,,,,,,1.0,,12.0,,,,122.0,,,,
blanton_TE_LAR,Kendall Blanton,TE,LAR,,-1.0,-1.0,-1.0,,0.0,,1.0,,,,,,,,1.7,0.3,20.5,,,,211.0,,,,
blasingame_RB_CHI,Khari Blasingame,RB,CHI,,-1.0,-1.0,-1.0,,0.1,0.0,0.0,,,,,,,,0.1,5.0,4.3,,,,31.3,,,,
board_WR_NYG,C.J. Board,WR,NYG,,-1.0,-1.0,-1.0,,0.0,,0.0,,,,,,,,0.5,12.4,5.4,,,,93.9,,,,
boone_RB_DEN,Mike Boone,RB,DEN,,-1.0,-1.0,-1.0,,0.9,0.0,0.0,,,,,,,,0.1,104.1,3.3,,,,25.2,,,,
bowden_WR_MIA,Lynn Bowden Jr.,WR,MIA,,-1.0,-1.0,-1.0,,0.0,,0.0,,,,,,,,1.3,33.4,26.8,,,,280.2,,,,
bowers_TE_LV,Nick Bowers,TE,LV,,-1.0,-1.0,-1.0,,0.0,,,,,,,,,,0.0,0.0,4.0,,,,42.0,,,,
boykin_WR_PIT,Miles Boykin,WR,PIT,,-1.0,-1.0,-1.0,,0.0,,,,,,,,,,0.1,0.8,3.8,,,,51.9,,,,
boyle_QB_DET,Tim Boyle,QB,DET,,-1.0,-1.0,-1.0,,0.0,0.4,0.0,,184.3,,,,,0.9,,7.6,,,,1.2,,,,,
boyle_TE_BAL,Nick Boyle,TE,BAL,,-1.0,-1.0,-1.0,,0.0,,0.0,,,,,,,,1.3,0.5,15.0,,,0.0,140.2,,,,
bradley_WR_CLE,Ja'Marcus Bradley,WR,CLE,,-1.0,-1.0,-1.0,,,,,,,,,,,,0.2,1.5,1.8,,,,62.1,,,,
bridgewater_QB_MIA,Teddy Bridgewater,QB,MIA,,-1.0,-1.0,-1.0,,0.1,0.4,0.1,,288.7,,,,,1.6,,15.5,,,,1.0,,,,,
brightwell_RB_NYG,Gary Brightwell,RB,NYG,,-1.0,-1.0,-1.0,,0.8,0.0,0.1,,,,,,,,0.1,84.2,5.9,,,,47.3,,,,
brown_RB_NO,Malcolm Brown,RB,NO,,-1.0,-1.0,-1.0,,1.0,,,,,,,,,,0.0,118.0,5.0,,,,39.0,,,,
brown_TE_HOU,Pharaoh Brown,TE,HOU,,-1.0,-1.0,-1.0,,0.0,,1.0,,,,,,,,1.2,0.6,26.8,,,0.0,235.6,,,,
brown_WR_CHI,Equanimeous St. Brown,WR,CHI,,-1.0,-1.0,-1.0,,0.0,,0.0,,,,,,,,1.0,10.5,13.6,,,,181.0,,,,
brown_WR_DAL,Noah Brown,WR,DAL,,-1.0,-1.0,-1.0,,0.0,,0.0,,,,,,,,1.6,0.7,24.6,,,,281.5,,,,
brown_WR_WSH,Dyami Brown,WR,WSH,,-1.0,-1.0,-1.0,,0.0,,,,,,,,,,0.7,1.3,6.6,,,,109.4,0.1,,,
bryant_TE_CLE,Harrison Bryant,TE,CLE,,-1.0,-1.0,-1.0,,0.0,,0.0,,,,,,,,3.2,0.3,25.6,,,,280.7,,,,
burton_RB_KC,Michael Burton,RB,KC,,-1.0,-1.0,-1.0,,0.1,0.0,0.0,,,,,,,,0.1,29.0,1.6,,,,5.0,,,,
bushman_TE_KC,Matt Bushman,TE,KC,,-1.0,-1.0,-1.0,,,,0.0,,,,,,,,1.0,,14.0,,,,136.0,,,,
byrd_WR_ATL,Damiere Byrd,WR,ATL,,-1.0,-1.0,-1.0,,0.0,,,,,,,,,,0.6,0.4,13.2,,,,158.0,,,,
cabinda_RB_DET,Jason Cabinda,RB,DET,,-1.0,-1.0,-1.0,,0.0,0.0,0.0,,,,,,,,0.1,6.9,5.1,,,,32.9,,,,
calcaterra_TE_PHI,Grant Calcaterra,TE,PHI,,-1.0,-1.0,-1.0,,0.0,,,,,,,,,,0.0,0.0,3.0,,,,31.0,,,,
cannon_RB_TEN,Trenton Cannon,RB,TEN,,-1.0,-1.0,-1.0,,0.0,,,,,,,,,,0.1,9.6,4.2,,,,38.0,0.2,,,
carter_RB_TEN,Tory Carter,RB,TEN,,-1.0,-1.0,-1.0,,1.0,,0.0,,,,,,,,1.0,89.0,10.0,,,,70.0,,,,
carter_TE_TEN,Tory Carter,TE,TEN,,-1.0,-1.0,-1.0,,0.1,0.0,0.0,,,,,,,,0.2,2.9,3.0,,,,9.3,,,,
carter_WR_LAC,DeAndre Carter,WR,LAC,,-1.0,-1.0,-1.0,,0.0,,0.0,,,,,,,,0.3,18.9,6.8,,,,82.5,,,,
chandler_RB_MIN,Ty Chandler,RB,MIN,,-1.0,-1.0,-1.0,,0.0,,,,,,,,,,0.0,16.0,0.0,,,,0.0,,,,
cleveland_WR_DEN,Tyrie Cleveland,WR,DEN,,-1.0,-1.0,-1.0,,0.0,,,,,,,,,,0.0,0.0,5.0,,,,58.0,,,,
cole_WR_LV,Keelan Cole,WR,LV,,-1.0,-1.0,-1.0,,0.0,,0.0,,,,,,,,2.0,0.5,26.5,,,,405.0,,,,
conley_WR_HOU,Chris Conley,WR,HOU,,-1.0,-1.0,-1.0,,0.0,,,,,,,,,,1.8,2.4,33.4,,,,430.3,,,,
crockett_RB_DEN,Damarea Crockett,RB,DEN,,-1.0,-1.0,-1.0,,0.2,0.0,0.0,,,,,,,,0.2,14.7,4.7,,,,46.7,0.1,,,
dafney_TE_GB,Dominique Dafney,TE,GB,,-1.0,-1.0,-1.0,,,,,,,,,,,,0.6,0.8,6.4,,,,79.5,,,,
dallas_RB_SEA,DeeJay Dallas,RB,SEA,,-1.0,-1.0,-1.0,,1.0,,1.0,,,,,,,,0.0,94.5,14.0,,,,87.0,,,,
dalton_QB_NO,Andy Dalton,QB,NO,,-1.0,-1.0,-1.0,,0.1,0.6,0.1,,329.1,,,,,2.0,,17.6,,,,1.3,,,,,
daniel_QB_LAC,Chase Daniel,QB,LAC,,-1.0,-1.0,-1.0,,0.0,0.1,0.0,,183.8,,,,,1.2,,5.7,,,,0.9,,,,,
davidson_TE_MIN,Zach Davidson,TE,MIN,,-1.0,-1.0,-1.0,,,,,,,,,,,,0.6,1.0,5.8,,,,56.1,,,,
davis_TE_GB,Tyler Davis,TE,GB,,-1.0,-1.0,-1.0,,0.0,,,,,,,,,,0.0,0.0,4.0,,,,37.0,,,,
davis_WR_HOU,Davion Davis,WR,HOU,,-1.0,-1.0,-1.0,,0.0,,,,,,,,,,0.0,0.0,7.0,,,,82.0,,,,
deguara_TE_GB,Josiah Deguara,TE,GB,14.0,-1.0,370.0,370.0,,0.0,,0.0,,,,,,,,1.6,0.7,19.3,,,,204.0,,,,
dissly_TE_SEA,Will Dissly,TE,SEA,,-1.0,-1.0,-1.0,,0.0,,0.0,,,,,,,,1.0,0.3,20.8,,,,216.0,,,,
dobbs_QB_CLE,Joshua Dobbs,QB,CLE,,-1.0,-1.0,-1.0,,0.0,,0.0,,73.0,,,,,0.5,,12.0,,,,0.0,,,,,
dorsett_WR_HOU,Phillip Dorsett,WR,HOU,,-1.0,-1.0,-1.0,,0.1,,0.0,,,,,,,,1.5,7.6,18.8,,,,243.7,,,,
dowdle_RB_DAL,Rico Dowdle,RB,DAL,,-1.0,-1.0,-1.0,,1.0,,,,,,,,,,0.0,72.0,7.0,,,,49.0,,,,
dulin_WR_IND,Ashton Dulin,WR,IND,,-1.0,-1.0,-1.0,,0.1,,0.0,,,,,,,,0.8,25.6,9.4,,,,127.4,0.2,,,
dwelley_TE_SF,Ross Dwelley,TE,SF,,-1.0,-1.0,-1.0,,0.0,,,,,,,,,,0.2,0.4,2.9,,,,38.0,,,,
ebner_RB_CHI,Trestan Ebner,RB,CHI,,-1.0,-1.0,-1.0,,1.0,,,,,,,,,,0.0,65.0,6.0,,,,42.0,,,,
ellefson_TE_MIN,Ben Ellefson,TE,MIN,,-1.0,-1.0,-1.0,,0.0,,,,,,,,,,0.7,0.4,5.4,,,,46.0,,,,
erickson_WR_WSH,Alex Erickson,WR,WSH,,-1.0,-1.0,-1.0,,0.0,,,,,,,,,,0.0,0.1,0.2,,,,4.1,,,,
eubanks_TE_CIN,Nick Eubanks,TE,CIN,,-1.0,-1.0,-1.0,,,,0.0,,,,,,,,0.8,0.8,9.0,,,,86.5,,,,
evans_RB_CHI,Darrynton Evans,RB,CHI,,-1.0,-1.0,-1.0,,0.2,0.0,0.1,,,,,,,,0.1,56.2,4.2,,,,25.5,,,,
ezukanma_WR_MIA,Erik Ezukanma,WR,MIA,,-1.0,-1.0,-1.0,,0.0,,,,,,,,,,1.0,0.0,11.0,,,,122.0,,,,
fairbairn_K_HOU,Ka'imi Fairbairn,K,HOU,,-1.0,-1.0,-1.0,,,,,6.9,,30.8,,4.3,,,,,,,7.4,,,,7.9,,0.5
falcons_DST_ATL,Falcons,DST,ATL,14.0,-1.0,169.0,172.0,13.9,,,9.0,,,,25.7,,0.3,,,,,9.0,,,,1.7,,31.7,
farrell_TE_JAX,Luke Farrell,TE,JAX,,-1.0,-1.0,-1.0,,0.0,,0.0,,,,,,,,1.0,0.0,10.0,,,,90.5,,,,
felton_RB_CLE,Demetric Felton,RB,CLE,,-1.0,-1.0,-1.0,,0.1,0.0,0.0,,,,,,,,0.9,42.1,13.4,,,,115.4,,,,
ferguson_TE_DAL,Jake Ferguson,TE,DAL,,-1.0,-1.0,-1.0,,0.0,,0.0,,,,,,,,1.0,0.0,10.0,,,,100.0,,,,
firkser_TE_ATL,Anthony Firkser,TE,ATL,,-1.0,-1.0,-1.0,,0.0,,1.0,,,,,,,,1.7,0.4,27.9,,,,271.4,,,,
fitzpatrick_TE_ATL,John FitzPatrick,TE,ATL,,-1.0,-1.0,-1.0,,0.0,,,,,,,,,,0.0,0.0,2.0,,,,17.0,,,,
fitzpatrick_WR_TEN,Dez Fitzpatrick,WR,TEN,,-1.0,-1.0,-1.0,,0.0,,,,,,,,,,0.4,1.3,7.1,,,,90.5,,,,
flacco_QB_NYJ,Joe Flacco,QB,NYJ,,-1.0,-1.0,-1.0,,0.0,0.6,0.5,,267.2,,,,,1.5,,9.4,,,,0.9,,,,,
foles_QB_IND,Nick Foles,QB,IND,,-1.0,-1.0,-1.0,,0.0,,0.0,,186.0,,,,,1.0,,14.0,,,,1.0,,,,,
ford_RB_CLE,Jerome Ford,RB,CLE,,-1.0,-1.0,-1.0,,0.5,,0.0,,,,,,,,0.0,86.5,2.0,,,,18.5,,,,
forristall_TE_CLE,Miller Forristall,TE,CLE,,-1.0,-1.0,-1.0,,0.0,,,,,,,,,,1.0,0.0,7.0,,,,70.0,,,,
fortson_TE_KC,Jody Fortson,TE,KC,,-1.0,-1.0,-1.0,,0.0,,0.0,,,,,,,,1.0,0.0,8.0,,,,93.5,,,,
fountain_WR_KC,Daurice Fountain,WR,KC,,-1.0,-1.0,-1.0,,0.0,,,,,,,,,,0.1,0.8,2.1,,,,33.8,,,,
fulgham_WR_DEN,Travis Fulgham,WR,DEN,,-1.0,-1.0,-1.0,,0.0,,,,,,,,,,0.0,0.0,1.1,,,,12.1,,,,
gabbert_QB_TB,Blaine Gabbert,QB,TB,,-1.0,-1.0,-1.0,,0.1,0.3,0.0,,256.3,,,,,1.4,,1.9,,,,1.1,,,,,
gano_K_NYG,Graham Gano,K,NYG,9.0,-1.0,-1.0,182.0,,,,,7.0,,30.6,,4.8,,,,,,,7.8,,,,9.5,,0.3
gentry_TE_PIT,Zach Gentry,TE,PIT,,-1.0,-1.0,-1.0,,0.0,,0.0,,,,,,,,0.8,0.3,12.9,,,,116.0,,,,
gilliam_RB_BUF,Reggie Gilliam,RB,BUF,,-1.0,-1.0,-1.0,,0.0,,,,,,,,,,0.0,0.0,4.0,,,,33.0,,,,
gilliam_TE_BUF,Reggie Gilliam,TE,BUF,,-1.0,-1.0,-1.0,,0.1,0.0,0.0,,,,,,,,0.2,4.7,7.1,,,,42.4,,,,
gonzalez_K_CAR,Zane Gonzalez,K,CAR,,-1.0,-1.0,-1.0,,,,,7.8,,31.6,,4.1,,,,,,,8.6,,,,7.7,,0.4
gordon_WR_KC,Josh Gordon,WR,KC,8.0,-1.0,316.0,313.0,,,,,,,,,,,,0.0,0.0,0.6,,,,6.9,,,,
granson_TE_IND,Kylen Granson,TE,IND,,-1.0,-1.0,-1.0,,0.0,,,,,,,,,,1.3,0.3,14.3,,,,155.3,,,,
grant_WR_CLE,Jakeem Grant Sr.,WR,CLE,,-1.0,-1.0,-1.0,,0.1,,0.0,,,,,,,,0.3,28.2,7.5,,,,93.0,1.3,,,
gray_TE_KC,Noah Gray,TE,KC,,-1.0,-1.0,-1.0,,0.0,,0.0,,,,,,,,0.9,0.3,11.4,,,,92.9,,,,
gray_WR_SF,Danny Gray,WR,SF,,-1.0,-1.0,-1.0,,0.0,,,,,,,,,,1.0,0.0,12.0,,,,135.0,,,,
griffin_TE_CHI,Ryan Griffin,TE,CHI,,-1.0,-1.0,-1.0,,0.0,,0.0,,,,,,,,0.9,0.3,11.6,,,,122.4,,,,
griffin_TE_DET,Garrett Griffin,TE,DET,,-1.0,-1.0,-1.0,,,,0.0,,,,,,,,1.0,,12.0,,,,100.0,,,,
griffinstewart_TE_CLE,Nakia Griffin-Stewart,TE,CLE,,-1.0,-1.0,-1.0,,0.0,,0.0,,,,,,,,0.5,0.0,7.0,,,,74.0,,,,
hall_RB_NYG,Jeremiah Hall,RB,NYG,,-1.0,-1.0,-1.0,,,,1.0,,,,,,,,2.0,,35.0,,,,308.0,,,,
ham_RB_MIN,C.J. Ham,RB,MIN,,-1.0,-1.0,-1.0,,0.0,0.0,0.0,,,,,,,,0.2,16.0,14.8,,,0.0,112.5,,,,
harris_TE_LAR,Jacob Harris,TE,LAR,,-1.0,-1.0,-1.0,,0.0,,0.0,,,,,,,,0.5,0.0,8.0,,,,87.0,,,,
hasty_RB_SF,JaMycal Hasty,RB,SF,,-1.0,-1.0,-1.0,,0.6,0.0,0.5,,,,,,,,0.1,49.2,10.2,,,,75.0,,,,
heinicke_QB_WSH,Taylor Heinicke,QB,WSH,,-1.0,-1.0,-1.0,,0.1,0.5,0.0,,174.4,,,,,1.0,,9.5,,,,1.2,,,,,
henne_QB_KC,Chad Henne,QB,KC,,-1.0,-1.0,-1.0,,0.1,0.2,0.1,,200.1,,,,,1.2,,4.0,,,,0.9,,,,,
hesse_TE_ATL,Parker Hesse,TE,ATL,,-1.0,-1.0,-1.0,,0.0,,,,,,,,,,0.0,0.0,5.0,,,,54.0,,,,
heyward_TE_PIT,Connor Heyward,TE,PIT,,-1.0,-1.0,-1.0,,0.0,,,,,,,,,,1.0,0.0,12.0,,,,116.0,,,,
higgins_WR_CAR,Rashard Higgins,WR,CAR,13.0,-1.0,373.0,373.0,,0.0,,,,,,,,,,0.8,0.4,15.7,,,,208.5,,,,
hill_RB_BAL,Justice Hill,RB,BAL,,-1.0,-1.0,-1.0,,1.0,,1.0,,,,,,,,0.0,177.0,7.0,,,,47.0,,,,
hill_RB_GB,Kylin Hill,RB,GB,,-1.0,-1.0,-1.0,,0.0,,,,,,,,,,0.0,16.0,2.0,,,,15.0,,,,
hill_TE_NO,Taysom Hill,TE,NO,,-1.0,-1.0,-1.0,,1.4,,0.6,,33.0,,,,,0.0,0.7,113.5,5.0,,,0.0,53.1,,,,
hodge_WR_ATL,KhaDarel Hodge,WR,ATL,,-1.0,-1.0,-1.0,,0.0,,,,,,,,,,0.0,0.0,6.0,,,,75.0,,,,
hokit_RB_SF,Josh Hokit,RB,SF,,-1.0,-1.0,-1.0,,0.0,0.0,,,,,,,,,0.0,2.2,0.9,,,,5.3,,,,
hollins_WR_LV,Mack Hollins,WR,LV,,-1.0,-1.0,-1.0,,0.0,,,,,,,,,,0.8,0.4,5.3,,,,84.7,,,,
hollister_TE_LV,Jacob Hollister,TE,LV,,-1.0,-1.0,-1.0,,,,0.0,,,,,,,,0.8,0.6,11.2,,,,110.1,,,,
homer_RB_SEA,Travis Homer,RB,SEA,,-1.0,-1.0,-1.0,,0.7,0.0,0.0,,,,,,,,0.2,140.2,10.9,,,,101.9,,,,
hopkins_TE_LAR,Brycen Hopkins,TE,LAR,,-1.0,-1.0,-1.0,,0.0,,0.0,,,,,,,,0.6,0.3,7.5,,,,77.6,,,,
horsted_TE_LV,Jesper Horsted,TE,LV,,-1.0,-1.0,-1.0,,,,,,,,,,,,0.5,0.7,5.1,,,,59.8,,,,
howell_QB_WSH,Sam Howell,QB,WSH,,-1.0,-1.0,-1.0,,0.0,,,,52.0,,,,,0.0,,2.0,,,,0.0,,,,,
hoyer_QB_NE,Brian Hoyer,QB,NE,,-1.0,-1.0,-1.0,,0.1,,0.1,,216.8,,,,,1.0,,2.7,,,,1.1,,,,,
hudson_TE_TEN,Tommy Hudson,TE,TEN,,-1.0,-1.0,-1.0,,0.0,,0.0,,,,,,,,0.5,0.3,6.2,,,,59.7,,,,
huntley_RB_PHI,Jason Huntley,RB,PHI,,-1.0,-1.0,-1.0,,0.0,,,,,,,,,,0.0,57.0,3.0,,,,24.0,,,,
igwebuike_RB_DET,Godwin Igwebuike,RB,DET,,-1.0,-1.0,-1.0,,0.0,,,,,,,,,,0.0,52.0,4.0,,,,29.0,,,,
ingold_RB_MIA,Alec Ingold,RB,MIA,,-1.0,-1.0,-1.0,,0.0,,,,,,,,,,0.0,17.0,4.0,,,,32.0,,,,
isabella_WR_ARI,Andy Isabella,WR,ARI,,-1.0,-1.0,-1.0,,0.0,,,,,,,,,,0.0,0.7,1.2,,,,30.8,,,,
jackson_RB_IND,Deon Jackson,RB,IND,,-1.0,-1.0,-1.0,,1.0,,,,,,,,,,0.0,75.0,2.0,,,,14.0,,,,
jackson_TE_PHI,Tyree Jackson,TE,PHI,,-1.0,-1.0,-1.0,,0.0,,,,,,,,,,0.7,0.4,7.1,,,,73.9,,,,
jaguars_DST_JAX,Jaguars,DST,JAX,,-1.0,-1.0,-1.0,12.5,,,8.5,,,,26.1,,0.3,,,,,8.5,,,,2.0,,38.3,
james_WR_NYG,Richie James,WR,NYG,,-1.0,-1.0,-1.0,,0.0,,,,,,,,,,1.0,0.0,12.0,,,,154.0,,,,
janovich_RB_HOU,Andy Janovich,RB,HOU,,-1.0,-1.0,-1.0,,0.0,0.0,,,,,,,,,0.2,0.1,4.0,,,,27.1,,,,
jefferson_RB_DET,Jermar Jefferson,RB,DET,,-1.0,-1.0,-1.0,,3.0,,0.0,,,,,,,,0.0,136.0,4.0,,,,26.0,,,,
jets_DST_NYJ,Jets,DST,NYJ,10.0,-1.0,208.0,208.0,13.4,,,10.5,,,,26.3,,0.3,,,,,10.5,,,,1.7,,38.8,
johnson_QB_DEN,Josh Johnson,QB,DEN,,-1.0,-1.0,-1.0,,0.0,,0.0,,209.0,,,,,1.5,,15.5,,,,0.5,,,,,
johnson_RB_LV,Jakob Johnson,RB,LV,,-1.0,-1.0,-1.0,,0.0,0.0,0.0,,,,,,,,0.4,6.1,8.2,,,,64.4,,,,
johnson_TE_NO,Juwan Johnson,TE,NO,,-1.0,-1.0,-1.0,,0.0,,0.0,,,,,,,,1.0,0.0,5.5,,,,58.0,,,,
johnson_WR_LV,Tyron Johnson,WR,LV,,-1.0,-1.0,-1.0,,0.0,,,,,,,,,,0.0,0.0,5.0,,,,67.0,,,,
johnson_WR_MIN,Bisi Johnson,WR,MIN,,-1.0,-1.0,-1.0,,0.0,,,,,,,,,,0.6,0.3,4.5,,,,58.4,,,,
johnson_WR_NO,Juwan Johnson,WR,NO,,-1.0,-1.0,-1.0,,,,,,,,,,,,0.1,0.1,1.0,,,,9.3,,,,
johnson_WR_TB,Tyler Johnson,WR,TB,,-1.0,-1.0,-1.0,,0.0,,0.0,,,,,,,,0.6,2.4,13.1,,,,148.0,,,,
jones_RB_NO,Tony Jones Jr.,RB,NO,14.0,-1.0,233.0,242.0,,0.4,0.0,0.1,,,,,,,,0.1,94.2,3.9,,,,33.1,,,,
jones_WR_TEN,Julio Jones,WR,TEN,,-1.0,-1.0,-1.0,,0.0,,1.0,,,,,,,,3.0,0.0,61.0,,,,834.0,,,,
juszczyk_RB_SF,Kyle Juszczyk,RB,SF,,-1.0,-1.0,-1.0,,0.4,,0.0,,,,,,,,1.3,28.1,23.4,,,0.0,208.6,,,,
kampmoyer_TE_LAC,Hunter Kampmoyer,TE,LAC,,-1.0,-1.0,-1.0,,0.0,,,,,,,,,,0.0,0.0,4.0,,,,40.0,,,,
keene_TE_NE,Dalton Keene,TE,NE,,-1.0,-1.0,-1.0,,0.0,,0.0,,,,,,,,0.5,0.0,10.0,,,,94.5,,,,
keenum_QB_BUF,Case Keenum,QB,BUF,,-1.0,-1.0,-1.0,,0.0,0.4,0.1,,210.3,,,,,1.5,,4.9,,,,1.0,,,,,
kelley_RB_LAC,Joshua Kelley,RB,LAC,,-1.0,-1.0,-1.0,,1.6,0.0,2.2,,,,,,,,0.1,269.5,6.9,,,,52.0,,,,
kieft_TE_TB,Ko Kieft,TE,TB,,-1.0,-1.0,-1.0,,0.0,,0.0,,,,,,,,0.5,0.0,9.0,,,,92.0,,,,
kolar_TE_BAL,Charlie Kolar,TE,BAL,,-1.0,-1.0,-1.0,,0.0,,0.0,,,,,,,,1.0,0.0,9.5,,,,92.0,,,,
kroft_TE_SF,Tyler Kroft,TE,SF,,-1.0,-1.0,-1.0,,0.0,,0.0,,,,,,,,1.0,0.0,11.0,,,,125.0,,,,
lewis_TE_GB,Marcedes Lewis,TE,GB,,-1.0,-1.0,-1.0,,0.0,,1.0,,,,,,,,1.5,1.0,19.2,,,,196.4,,,,
likely_TE_BAL,Isaiah Likely,TE,BAL,,-1.0,-1.0,-1.0,,0.0,,0.0,,,,,,,,1.0,0.0,9.5,,,,91.5,,,,
lions_DST_DET,Lions,DST,DET,6.0,-1.0,-1.0,169.0,13.9,,,9.9,,,,26.7,,0.3,,,,,9.9,,,,1.7,,37.0,
long_TE_MIA,Hunter Long,TE,MIA,,-1.0,-1.0,-1.0,,0.0,,0.0,,,,,,,,0.5,0.0,8.0,,,,75.0,,,,
lovett_QB_MIA,John Lovett,QB,MIA,,-1.0,-1.0,-1.0,,0.0,,0.0,,,,,,,,0.3,37.3,1.8,,,,22.0,,,,
mabry_TE_SEA,Tyler Mabry,TE,SEA,,-1.0,-1.0,-1.0,,0.0,,,,,,,,,,0.0,0.0,4.0,,,,36.0,,,,
mack_TE_GB,Alize Mack,TE,GB,,-1.0,-1.0,-1.0,,,,0.0,,,,,,,,1.0,,12.0,,,,122.0,,,,
manhertz_TE_JAX,Chris Manhertz,TE,JAX,,-1.0,-1.0,-1.0,,0.0,,0.0,,,,,,,,1.1,0.3,7.3,,,,81.2,,,,
mannion_QB_MIN,Sean Mannion,QB,MIN,,-1.0,-1.0,-1.0,,0.0,0.4,0.1,,177.6,,,,,1.2,,8.3,,,,1.0,,,,,
markway_TE_LAR,Kyle Markway,TE,LAR,,-1.0,-1.0,-1.0,,,,0.0,,,,,,,,1.0,,12.0,,,,132.0,,,,
mccloud_WR_SF,Ray-Ray McCloud III,WR,SF,,-1.0,-1.0,-1.0,,0.0,,0.0,,,,,,,,0.3,3.7,14.0,,,,180.3,,,,
mccoy_QB_ARI,Colt McCoy,QB,ARI,,-1.0,-1.0,-1.0,,0.0,0.3,0.0,,197.9,,,,,0.9,,7.4,,,,0.9,,,,,
mcfarland_RB_PIT,Anthony McFarland Jr.,RB,PIT,,-1.0,-1.0,-1.0,,1.0,0.0,0.2,,,,,,,,0.2,133.9,6.2,,,,42.2,,,,
mckeon_TE_DAL,Sean McKeon,TE,DAL,,-1.0,-1.0,-1.0,,0.0,,,,,,,,,,0.7,0.4,5.2,,,,52.7,,,,
mckitty_TE_LAC,Tre' McKitty,TE,LAC,,-1.0,-1.0,-1.0,,0.0,,0.0,,,,,,,,0.9,0.3,9.6,,,,90.4,,,,
mcmath_WR_TEN,Racey McMath,WR,TEN,,-1.0,-1.0,-1.0,,0.0,,,,,,,,,,0.6,0.3,6.5,,,,84.8,,,,
mcnichols_RB_PIT,Jeremy McNichols,RB,PIT,,-1.0,-1.0,-1.0,,0.0,,0.0,,,,,,,,0.0,62.5,8.5,,,,60.5,,,,
melton_WR_SEA,Bo Melton,WR,SEA,,-1.0,-1.0,-1.0,,0.0,,,,,,,,,,0.0,0.0,2.0,,,,19.0,,,,
miller_WR_PIT,Anthony Miller,WR,PIT,,-1.0,-1.0,-1.0,,0.1,,0.0,,,,,,,,1.0,11.9,17.9,,,,224.7,,,,
miller_WR_TB,Scotty Miller,WR,TB,,-1.0,-1.0,-1.0,,0.0,,0.0,,,,,,,,0.1,3.9,1.9,,,,24.7,,,,
milne_WR_WSH,Dax Milne,WR,WSH,,-1.0,-1.0,-1.0,,0.0,,,,,,,,,,0.0,0.4,1.2,,,,12.3,,,,
mims_WR_NYJ,Denzel Mims,WR,NYJ,,-1.0,-1.0,-1.0,,0.0,,,,,,,,,,0.0,0.0,1.0,,,,20.0,,,,
mitchell_TE_DET,James Mitchell,TE,DET,,-1.0,-1.0,-1.0,,0.0,,0.0,,,,,,,,0.5,0.0,7.0,,,,62.0,,,,
mond_QB_MIN,Kellen Mond,QB,MIN,,-1.0,-1.0,-1.0,,0.0,,0.0,,106.0,,,,,1.0,,4.0,,,,0.0,,,,,
montgomery_WR_NE,Ty Montgomery,WR,NE,,-1.0,-1.0,-1.0,,0.2,,0.0,,,,,,,,0.1,18.4,2.5,,,,33.1,,,,
moore_WR_BAL,Jaylon Moore,WR,BAL,,-1.0,-1.0,-1.0,,0.0,,0.0,,,,,,,,1.3,7.5,16.8,,,,202.8,,,,
moore_WR_CHI,David Moore,WR,CHI,,-1.0,-1.0,-1.0,,0.2,,0.0,,,,,,,,0.5,21.6,8.1,,,,94.7,,,,
moore_WR_HOU,Chris Moore,WR,HOU,,-1.0,-1.0,-1.0,,0.0,,,,,,,,,,1.0,0.0,16.0,,,,172.0,,,,
moore_WR_LAC,Jason Moore Jr.,WR,LAC,,-1.0,-1.0,-1.0,,0.0,,,,,,,,,,0.0,0.0,2.0,,,,21.0,,,,
morgan_WR_CIN,Stanley Morgan,WR,CIN,,-1.0,-1.0,-1.0,,0.0,,,,,,,,,,0.0,0.0,2.0,,,,20.0,,,,
moss_TE_CIN,Thaddeus Moss,TE,CIN,,-1.0,-1.0,-1.0,,,,,,,,,,,,0.3,0.7,3.2,,,,18.9,,,,
mullens_QB_LV,Nick Mullens,QB,LV,,-1.0,-1.0,-1.0,,0.0,1.3,0.5,,140.8,,,,,0.7,,2.5,,,,0.8,,,,,
mundt_TE_MIN,Johnny Mundt,TE,MIN,,-1.0,-1.0,-1.0,,0.0,,,,,,,,,,1.0,0.0,8.0,,,,79.0,,,,
muse_TE_MIN,Nick Muse,TE,MIN,,-1.0,-1.0,-1.0,,0.0,,0.0,,,,,,,,0.5,0.0,7.0,,,,70.5,,,,
myarick_TE_NYG,Chris Myarick,TE,NYG,,-1.0,-1.0,-1.0,,,,,,,,,,,,0.4,0.7,3.6,,,,58.7,,,,
myers_K_SEA,Jason Myers,K,SEA,,-1.0,-1.0,-1.0,,,,,6.1,,31.1,,4.0,,,,,,,7.8,,,,8.1,,0.3
nabers_RB_LAC,Gabe Nabers,RB,LAC,,-1.0,-1.0,-1.0,,0.0,0.0,0.0,,,,,,,,0.1,14.1,1.1,,,,3.0,,,,
nailor_WR_MIN,Jalen Nailor,WR,MIN,7.0,-1.0,381.0,381.0,,0.0,,,,,,,,,,0.0,0.0,3.0,,,,40.0,,,,
nall_RB_DAL,Ryan Nall,RB,DAL,,-1.0,-1.0,-1.0,,1.1,0.0,0.5,,,,,,,,0.7,176.6,8.6,,,,64.6,,,,
newsome_WR_CHI,Dazz Newsome,WR,CHI,,-1.0,-1.0,-1.0,,0.0,,0.0,,,,,,,,0.6,4.9,7.7,,,,102.6,0.1,,,
nixon_WR_NE,Tre Nixon,WR,NE,,-1.0,-1.0,-1.0,,0.0,,,,,,,,,,0.0,0.0,2.0,,,,19.0,,,,
ogletree_TE_IND,Andrew Ogletree,TE,IND,,-1.0,-1.0,-1.0,,0.0,,,,,,,,,,0.0,0.0,2.0,,,,18.0,,,,
ogunbowale_RB_HOU,Dare Ogunbowale,RB,HOU,,-1.0,-1.0,-1.0,,0.0,,,,,,,,,,0.0,43.0,12.0,,,,93.0,,,,
okonkwo_TE_TEN,Chigoziem Okonkwo,TE,TEN,,-1.0,-1.0,-1.0,,0.0,,0.0,,,,,,,,0.5,0.0,8.0,,,,80.0,,,,
oliver_TE_BAL,Josh Oliver,TE,BAL,,-1.0,-1.0,-1.0,,,,0.0,,,,,,,,0.8,0.7,8.7,,,,81.8,,,,
ollison_RB_ATL,Qadree Ollison,RB,ATL,,-1.0,-1.0,-1.0,,0.0,,,,,,,,,,0.0,60.0,4.0,,,,26.0,,,,
olszewski_WR_PIT,Gunner Olszewski,WR,PIT,,-1.0,-1.0,-1.0,,0.0,,,,,,,,,,0.0,0.0,2.0,,,,19.0,,,,
oshaughnessy_TE_CHI,James O'Shaughnessy,TE,CHI,,-1.0,-1.0,-1.0,,0.0,,0.0,,,,,,,,1.7,0.4,30.8,,,0.0,344.8,,,,
panthers_DST_CAR,Panthers,DST,CAR,13.0,-1.0,186.0,213.5,13.7,,,10.1,,,,24.8,,0.4,,,,,10.1,,,,1.7,,41.2,
parkinson_TE_SEA,Colby Parkinson,TE,SEA,,-1.0,-1.0,-1.0,,0.0,,,,,,,,,,0.7,0.3,6.3,,,,68.6,,,,
patmon_WR_IND,Dezmon Patmon,WR,IND,,-1.0,-1.0,-1.0,,0.0,,,,,,,,,,0.0,0.0,2.0,,,,18.0,,,,
patterson_K_DET,Riley Patterson,K,DET,,-1.0,-1.0,-1.0,,,,,7.3,,35.1,,1.8,,,,,,,7.6,,,,8.3,,0.2
patterson_RB_WSH,Jaret Patterson,RB,WSH,14.0,-1.0,268.0,273.0,,2.0,0.0,1.1,,,,,,,,0.1,260.7,9.1,,,,60.0,,,,
peterman_QB_CHI,Nathan Peterman,QB,CHI,,-1.0,-1.0,-1.0,,0.0,,0.0,,90.0,,,,,1.0,,18.0,,,,1.0,,,,,
philips_WR_TEN,Kyle Philips,WR,TEN,6.0,-1.0,374.0,374.0,,0.0,,,,,,,,,,1.0,0.0,6.0,,,,76.0,,,,
powell_WR_LAR,Brandon Powell,WR,LAR,,-1.0,-1.0,-1.0,,0.0,,,,,,,,,,0.1,1.3,2.7,,,,43.8,,,,
prentice_RB_NO,Adam Prentice,RB,NO,,-1.0,-1.0,-1.0,,0.0,,,,,,,,,,0.0,19.0,2.0,,,,15.0,,,,
proche_WR_BAL,James Proche II,WR,BAL,10.0,-1.0,359.0,357.0,,0.0,,,,,,,,,,2.2,0.6,27.6,,,,322.2,,,,
quessenberry_RB_HOU,Paul Quessenberry,RB,HOU,,-1.0,-1.0,-1.0,,,,1.0,,,,,,,,2.0,,37.0,,,,334.0,,,,
quessenberry_TE_HOU,Paul Quessenberry,TE,HOU,,-1.0,-1.0,-1.0,,,,,,,,,,,,0.4,1.2,3.6,,,,41.8,,,,
quinn_WR_DEN,Trey Quinn,WR,DEN,,-1.0,-1.0,-1.0,,0.0,,,,,,,,,,0.1,2.6,2.8,,,,45.2,,,,
quitoriano_TE_HOU,Teagan Quitoriano,TE,HOU,,-1.0,-1.0,-1.0,,0.0,,,,,,,,,,0.0,0.0,4.0,,,,42.0,,,,
rader_TE_PIT,Kevin Rader,TE,PIT,,-1.0,-1.0,-1.0,,,,0.0,,,,,,,,1.0,,13.0,,,,99.0,,,,
raiders_DST_LV,Raiders,DST,LV,6.0,-1.0,184.0,178.0,13.1,,,10.2,,,,25.3,,0.3,,,,,10.2,,,,1.7,,38.6,
ralston_RB_DAL,Nick Ralston,RB,DAL,,-1.0,-1.0,-1.0,,,,,,,,,,,,0.6,1.0,7.8,,,,66.9,,,,
reagor_WR_PHI,Jalen Reagor,WR,PHI,,-1.0,-1.0,-1.0,,0.0,,0.0,,,,,,,,0.8,37.8,8.0,,,,90.5,,,,
reed_WR_LAC,Joe Reed,WR,LAC,,-1.0,-1.0,-1.0,,0.0,,0.0,,,,,,,,0.2,34.9,2.7,,,,56.9,,,,
reyes_TE_WSH,Sammis Reyes,TE,WSH,,-1.0,-1.0,-1.0,,0.0,,,,,,,,,,0.1,0.4,1.6,,,,20.7,,,,
reynolds_RB_DET,Craig Reynolds,RB,DET,,-1.0,-1.0,-1.0,,0.8,0.0,0.5,,,,,,,,0.4,191.0,12.0,,,,93.0,,,,
reynolds_WR_DET,Josh Reynolds,WR,DET,6.0,-1.0,276.0,281.0,,0.0,,0.0,,,,,,,,2.1,2.1,26.7,,,,367.6,,,,
ricard_RB_BAL,Patrick Ricard,RB,BAL,,-1.0,-1.0,-1.0,,0.0,0.0,0.0,,,,,,,,0.8,2.5,12.1,,,,82.3,,,,
ricci_RB_CAR,Giovanni Ricci,RB,CAR,,-1.0,-1.0,-1.0,,0.0,,,,,,,,,,0.0,0.0,4.0,,,,33.0,,,,
ricci_TE_CAR,Giovanni Ricci,TE,CAR,,-1.0,-1.0,-1.0,,0.1,0.0,0.0,,,,,,,,0.2,5.0,3.5,,,,14.0,,,,
roberts_WR_CAR,Andre Roberts,WR,CAR,,-1.0,-1.0,-1.0,,0.0,,0.0,,,,,,,,0.1,16.0,1.0,,,,31.2,0.7,,,
robinson_WR_LV,Demarcus Robinson,WR,LV,6.0,-1.0,271.0,274.0,,0.0,,,,,,,,,,1.8,0.3,26.4,,,,323.0,,,,
rodgers_TE_PHI,Richard Rodgers,TE,PHI,,-1.0,-1.0,-1.0,,,,,,,,,,,,0.9,0.7,6.0,,,,98.0,,,,
rountree_RB_LAC,Larry Rountree III,RB,LAC,,-1.0,-1.0,-1.0,,0.0,,,,,,,,,,0.0,52.0,2.0,,,,15.0,,,,
ruckert_TE_NYJ,Jeremy Ruckert,TE,NYJ,,-1.0,-1.0,-1.0,,0.0,,,,,,,,,,0.0,0.0,4.0,,,,37.0,,,,
rudolph_QB_PIT,Mason Rudolph,QB,PIT,,-1.0,-1.0,-1.0,,0.0,,0.0,,162.0,,,,,1.0,,15.0,,,,1.0,,,,,
rudolph_TE_NYG,Kyle Rudolph,TE,NYG,,-1.0,-1.0,-1.0,,,,0.0,,,,,,,,4.0,,45.0,,,,466.0,,,,
rush_QB_DAL,Cooper Rush,QB,DAL,,-1.0,-1.0,-1.0,,0.1,0.5,0.1,,205.3,,,,,1.3,,3.1,,,,1.0,,,,,
rypien_QB_DEN,Brett Rypien,QB,DEN,,-1.0,-1.0,-1.0,,0.2,0.6,0.1,,172.4,,,,,0.6,,1.3,,,,1.2,,,,,
sample_TE_CIN,Drew Sample,TE,CIN,,-1.0,-1.0,-1.0,,0.0,,0.0,,,,,,,,0.8,0.3,9.4,,,,80.1,,,,
santos_K_CHI,Cairo Santos,K,CHI,,-1.0,-1.0,-1.0,,,,,8.4,,35.8,,3.0,,,,,,,8.6,,,,7.8,,0.2
santoso_K_JAX,Ryan Santoso,K,JAX,,-1.0,-1.0,-1.0,,,,,7.6,,25.3,,3.3,,,,,,,7.8,,,,7.0,,0.3
sanu_WR_MIA,Mohamed Sanu,WR,MIA,,-1.0,-1.0,-1.0,,0.0,,,,,,,,,,0.0,0.0,4.0,,,,35.0,,,,
sargent_RB_JAX,Mekhi Sargent,RB,JAX,,-1.0,-1.0,-1.0,,0.6,0.0,0.1,,,,,,,,0.2,98.6,4.9,,,,24.2,,,,
saubert_TE_DEN,Eric Saubert,TE,DEN,,-1.0,-1.0,-1.0,,,,,,,,,,,,0.3,0.6,1.9,,,,26.2,,,,
schwartz_WR_CLE,Anthony Schwartz,WR,CLE,,-1.0,-1.0,-1.0,,0.0,,,,,,,,,,2.0,27.0,30.0,,,,376.0,,,,
seahawks_DST_SEA,Seahawks,DST,SEA,11.0,-1.0,243.0,250.0,13.4,,,9.3,,,,23.9,,0.3,,,,,9.3,,,,1.7,,34.6,
seibert_K_DET,Austin Seibert,K,DET,,-1.0,-1.0,-1.0,,,,,,,34.0,,6.0,,,,,,,10.0,,,,,,
shaheen_TE_MIA,Adam Shaheen,TE,MIA,,-1.0,-1.0,-1.0,,0.0,,0.0,,,,,,,,0.5,0.4,7.4,,,,74.5,,,,
sharpe_WR_CHI,Tajae Sharpe,WR,CHI,,-1.0,-1.0,-1.0,,0.0,,,,,,,,,,0.0,0.0,6.0,,,,69.0,,,,
sherfield_WR_MIA,Trent Sherfield,WR,MIA,,-1.0,-1.0,-1.0,,0.0,,,,,,,,,,0.6,0.6,5.9,,,,82.9,,,,
siemian_QB_CHI,Trevor Siemian,QB,CHI,,-1.0,-1.0,-1.0,,0.0,0.5,0.0,,269.8,,,,,1.3,,6.7,,,,1.5,,,,,
skowronek_WR_LAR,Ben Skowronek,WR,LAR,,-1.0,-1.0,-1.0,,0.0,,0.0,,,,,,,,1.1,2.5,12.2,,,,147.9,,,,
slater_WR_NE,Matthew Slater,WR,NE,,-1.0,-1.0,-1.0,,,,,,,,,,,,0.1,2.1,0.6,,,,59.5,,,,
slayton_WR_NYG,Darius Slayton,WR,NYG,,-1.0,-1.0,-1.0,,0.0,,1.0,,,,,,,,2.1,-3.0,26.9,,,,380.0,,,,
smith_RB_ATL,Keith Smith,RB,ATL,,-1.0,-1.0,-1.0,,0.0,0.0,0.0,,,,,,,,0.1,19.4,6.6,,,,43.7,,,,
smith_WR_CAR,Shi Smith,WR,CAR,,-1.0,-1.0,-1.0,,0.0,,,,,,,,,,0.0,0.0,3.0,,,,41.0,,,,
smith_WR_NYJ,Jeff Smith,WR,NYJ,,-1.0,-1.0,-1.0,,0.0,,0.0,,,,,,,,0.4,2.8,6.7,,,,100.8,,,,
smithmarsette_WR_MIN,Ihmir Smith-Marsette,WR,MIN,,-1.0,-1.0,-1.0,,0.0,,,,,,,,,,1.5,1.6,14.3,,,,171.5,,,,
smythe_TE_MIA,Durham Smythe,TE,MIA,,-1.0,-1.0,-1.0,,0.0,,0.0,,,,,,,,0.9,9.0,20.8,,,0.0,213.3,,,,
sokol_TE_NE,Matt Sokol,TE,NE,,-1.0,-1.0,-1.0,,,,,,,,,,,,0.4,1.0,2.5,,,,31.0,,,,
sprinkle_TE_DAL,Jeremy Sprinkle,TE,DAL,,-1.0,-1.0,-1.0,,0.0,,0.0,,,,,,,,0.5,0.0,8.0,,,,78.0,,,,
stanton_RB_CLE,Johnny Stanton,RB,CLE,,-1.0,-1.0,-1.0,,0.5,0.0,0.0,,,,,,,,0.7,46.2,7.0,,,,44.2,,,,
stevenson_WR_BUF,Marquez Stevenson,WR,BUF,,-1.0,-1.0,-1.0,,0.0,,,,,,,,,,0.0,0.0,4.0,,,,40.0,,,,
stidham_QB_LV,Jarrett Stidham,QB,LV,,-1.0,-1.0,-1.0,,0.0,0.3,0.0,,163.9,,,,,0.7,,4.6,,,,0.9,,,,,
stoll_TE_PHI,Jack Stoll,TE,PHI,,-1.0,-1.0,-1.0,,0.0,,,,,,,,,,0.2,0.3,3.7,,,,29.9,,,,
strachan_WR_IND,Mike Strachan,WR,IND,,-1.0,-1.0,-1.0,,0.0,,,,,,,,,,0.0,0.0,5.0,,,,55.0,,,,
sudfeld_QB_SF,Nate Sudfeld,QB,SF,,-1.0,-1.0,-1.0,,0.0,,,,190.0,,,,,1.0,,5.0,,,,1.0,,,,,
sullivan_TE_CAR,Stephen Sullivan,TE,CAR,,-1.0,-1.0,-1.0,,0.0,,,,,,,,,,0.2,0.4,3.2,,,,33.1,,,,
swaim_TE_TEN,Geoff Swaim,TE,TEN,,-1.0,-1.0,-1.0,,0.0,,0.0,,,,,,,,2.7,0.5,30.1,,,0.0,257.2,,,,
swain_WR_SEA,Freddie Swain,WR,SEA,,-1.0,-1.0,-1.0,,0.0,,0.0,,,,,,,,1.9,10.2,23.0,,,0.0,305.8,0.1,,,
sweeney_TE_BUF,Tommy Sweeney,TE,BUF,,-1.0,-1.0,-1.0,,0.0,,0.0,,,,,,,,0.6,0.4,8.6,,,,79.9,,,,
tate_WR_ATL,Auden Tate,WR,ATL,,-1.0,-1.0,-1.0,,0.0,,,,,,,,,,0.1,0.4,2.4,,,,31.7,,,,
taylor_QB_NYG,Tyrod Taylor,QB,NYG,,-1.0,-1.0,-1.0,,0.4,0.3,0.0,,249.4,,,,,1.2,,23.0,,,,1.3,,,,,
taylor_RB_GB,Patrick Taylor,RB,GB,,-1.0,-1.0,-1.0,,0.0,,,,,,,,,,0.0,49.0,2.0,,,,15.0,,,,
taylor_RB_NE,J.J. Taylor,RB,NE,,-1.0,-1.0,-1.0,,1.7,0.0,0.2,,,,,,,,0.2,199.5,6.4,,,,41.7,0.3,,,
taylor_WR_CIN,Trent Taylor,WR,CIN,,-1.0,-1.0,-1.0,,0.0,,,,,,,,,,0.1,1.8,3.2,,,,49.0,0.0,,,
team_DST_WSH,Team,DST,WSH,,-1.0,-1.0,-1.0,14.7,,,12.0,,,,23.4,,0.3,,,,,12.0,,,,1.8,,39.0,
texans_DST_HOU,Texans,DST,HOU,,-1.0,-1.0,-1.0,13.4,,,10.6,,,,26.6,,0.3,,,,,10.6,,,,1.8,,38.0,
thomas_TE_CAR,Ian Thomas,TE,CAR,,-1.0,-1.0,-1.0,,0.0,,0.0,,,,,,,,1.0,0.5,19.6,,,0.0,192.4,,,,
thomas_WR_CIN,Mike Thomas,WR,CIN,,-1.0,-1.0,-1.0,,0.0,,,,,,,,,,0.2,0.7,4.6,,,,58.5,,,,
thompson_RB_SEA,Darwin Thompson,RB,SEA,,-1.0,-1.0,-1.0,,0.6,0.0,0.1,,,,,,,,0.2,75.6,3.8,,,,28.8,0.1,,,
tomlinson_TE_DEN,Eric Tomlinson,TE,DEN,,-1.0,-1.0,-1.0,,0.0,,,,,,,,,,0.0,0.0,2.0,,,,37.0,,,,
toure_WR_GB,Samori Toure,WR,GB,,-1.0,-1.0,-1.0,,0.0,,,,,,,,,,1.0,0.0,7.0,,,,81.0,,,,
trask_QB_TB,Kyle Trask,QB,TB,,-1.0,-1.0,-1.0,,0.0,,0.0,,134.0,,,,,1.0,,3.0,,,,0.0,,,,,
treadwell_WR_JAX,Laquon Treadwell,WR,JAX,,-1.0,-1.0,-1.0,,0.0,,,,,,,,,,1.6,0.6,18.2,,,,246.2,,,,
turner_TE_WSH,Cole Turner,TE,WSH,,-1.0,-1.0,-1.0,,0.0,,,,,,,,,,0.0,0.0,5.0,,,,54.0,,,,
turner_WR_SF,Malik Turner,WR,SF,,-1.0,-1.0,-1.0,,,,,,,,,,,,0.4,0.9,4.2,,,,78.4,,,,
vannett_TE_NO,Nick Vannett,TE,NO,,-1.0,-1.0,-1.0,,0.0,,,,,,,,,,1.0,0.4,12.3,,,,120.6,,,,
vasher_WR_DAL,T.J. Vasher,WR,DAL,,-1.0,-1.0,-1.0,,0.0,,,,,,,,,,1.0,0.0,6.0,,,,65.0,,,,
walker_QB_CAR,PJ Walker,QB,CAR,,-1.0,-1.0,-1.0,,0.0,0.1,0.0,,20.5,,,,,0.0,,0.0,,,,0.1,,,,,
wallace_WR_BAL,Tylan Wallace,WR,BAL,,-1.0,-1.0,-1.0,,0.0,,,,,,,,,,1.3,0.5,15.4,,,,183.3,,,,
ward_WR_PHI,Greg Ward,WR,PHI,,-1.0,-1.0,-1.0,,0.0,,,,,,,,,,0.3,1.0,4.4,,,,63.5,0.1,,,
washington_RB_NO,Dwayne Washington,RB,NO,,-1.0,-1.0,-1.0,,0.5,,,,,,,,,,0.1,47.8,4.1,,,,34.0,,,,
washington_WR_DEN,Montrell Washington,WR,DEN,,-1.0,-1.0,-1.0,,0.0,,,,,,,,,,0.0,0.0,0.0,,,,0.0,,,,
watson_WR_KC,Justin Watson,WR,KC,,-1.0,-1.0,-1.0,,0.0,,,,,,,,,,0.0,0.0,2.0,,,,21.0,,,,
watt_RB_PIT,Derek Watt,RB,PIT,,-1.0,-1.0,-1.0,,0.1,0.0,0.0,,,,,,,,0.1,6.3,4.0,,,,25.1,,,,
webster_WR_CHI,Nsimba Webster,WR,CHI,,-1.0,-1.0,-1.0,,0.0,,,,,,,,,,0.1,2.6,,,,,51.4,,,,
wesco_TE_NYJ,Trevon Wesco,TE,NYJ,,-1.0,-1.0,-1.0,,,,,,,,,,,,0.3,0.8,1.6,,,,17.8,,,,
wesley_WR_ARI,Antoine Wesley,WR,ARI,,-1.0,-1.0,-1.0,,0.0,,,,,,,,,,0.9,0.5,10.8,,,,131.4,,,,
westbrook_WR_TEN,Nick Westbrook,WR,TEN,,-1.0,-1.0,-1.0,,0.0,,1.0,,,,,,,,5.0,0.0,41.0,,,,529.0,,,,
white_QB_NYJ,Mike White,QB,NYJ,,-1.0,-1.0,-1.0,,0.0,,0.0,,145.0,,,,,1.0,,3.0,,,,1.0,,,,,
wilcox_TE_CIN,Mitchell Wilcox,TE,CIN,,-1.0,-1.0,-1.0,,0.0,,,,,,,,,,0.0,0.0,4.0,,,,37.0,,,,
wilkins_RB_TEN,Jordan Wilkins,RB,TEN,,-1.0,-1.0,-1.0,,0.3,0.6,,,,,,,,,0.2,55.7,5.6,,,,48.1,,,,
williams_RB_CIN,Trayveon Williams,RB,CIN,,-1.0,-1.0,-1.0,,0.8,0.0,0.6,,,,,,,,0.2,124.0,6.8,,,,47.8,,,,
williams_RB_IND,Ty'Son Williams,RB,IND,,-1.0,-1.0,-1.0,,0.7,0.0,0.0,,,,,,,,0.1,118.2,3.0,,,,25.8,,,,
williams_RB_NYG,Antonio Williams,RB,NYG,,-1.0,-1.0,-1.0,,1.0,,,,,,,,,,0.0,65.0,4.0,,,,30.0,,,,
williams_TE_ARI,Maxx Williams,TE,ARI,,-1.0,-1.0,-1.0,,0.0,,0.0,,,,,,,,1.3,0.5,18.6,,,,199.5,,,,
williams_WR_DEN,Seth Williams,WR,DEN,,-1.0,-1.0,-1.0,,,,,,,,,,,,0.1,0.5,0.7,,,,11.1,,,,
winston_WR_NO,Easop Winston Jr.,WR,NO,,-1.0,-1.0,-1.0,,0.0,,,,,,,,,,0.1,4.6,1.6,,,,36.3,,,,
woerner_TE_SF,Charlie Woerner,TE,SF,,-1.0,-1.0,-1.0,,,,,,,,,,,,0.3,0.7,1.7,,,,22.3,,,,
wolford_QB_LAR,John Wolford,QB,LAR,,-1.0,-1.0,-1.0,,0.1,0.6,0.0,,178.5,,,,,1.2,,7.8,,,,1.0,,,,,
woods_WR_CLE,Michael Woods II,WR,CLE,,-1.0,-1.0,-1.0,,0.0,,,,,,,,,,0.0,0.0,2.0,,,,17.0,,,,
wright_TE_DET,Brock Wright,TE,DET,,-1.0,-1.0,-1.0,,0.0,,0.0,,,,,,,,1.3,0.3,15.3,,,,147.5,,,,
yeboah_TE_NYJ,Kenny Yeboah,TE,NYJ,,-1.0,-1.0,-1.0,,,,0.0,,,,,,,,1.0,,10.0,,,,119.0,,,,
zylstra_WR_CAR,Brandon Zylstra,WR,CAR,,-1.0,-1.0,-1.0,,0.0,,,,,,,,,,0.8,0.5,10.9,,,,136.4,,,,
