"","name","pos","team","vor","adp","pred","replace_value","experts","overall","href"
"1","Aaron Rodgers","QB","Packers",49.2762413111392,22,278.357073542372,229.080832231233,320.745,99,"http://a.espncdn.com/combiner/i?img=/i/headshots/nfl/players/full/8439.png"
"2","Alex Smith","QB","Redskins",-6.42431084692362,118,222.656521384309,229.080832231233,282.8875,84,"http://a.espncdn.com/combiner/i?img=/i/headshots/nfl/players/full/8416.png"
"3","Andrew Luck","QB","Colts",8.96643282043573,89,238.047265051669,229.080832231233,291.6575,87,"http://a.espncdn.com/combiner/i?img=/i/headshots/nfl/players/full/14874.png"
"4","Andy Dalton","QB","Bengals",-54.5369420232726,0,174.54389020796,229.080832231233,241.756666666667,77,"http://a.espncdn.com/combiner/i?img=/i/headshots/nfl/players/full/14012.png"
"5","Baker Mayfield","QB","Browns",-195.459908290842,0,33.6209239403905,229.080832231233,58.48,81,"http://a.espncdn.com/combiner/i?img=/i/headshots/nfl/players/full/18565.png"
"6","Ben Roethlisberger","QB","Steelers",7.55823628441499,75,236.639068515648,229.080832231233,286.525,88,"http://a.espncdn.com/combiner/i?img=/i/headshots/nfl/players/full/5536.png"
"7","Blake Bortles","QB","Jaguars",-31.4795246362738,160,197.601307594959,229.080832231233,264.0725,80,"http://a.espncdn.com/combiner/i?img=/i/headshots/nfl/players/full/16724.png"
"8","Brock Osweiler","QB","Dolphins",-80.844888812906,0,148.235943418327,229.080832231233,213,72,"http://a.espncdn.com/combiner/i?img=/i/headshots/nfl/players/full/14879.png"
"9","Cam Newton","QB","Panthers",22.7512396402783,64,251.832071871511,229.080832231233,305.3225,88,"http://a.espncdn.com/combiner/i?img=/i/headshots/nfl/players/full/13994.png"
"10","Carson Wentz","QB","Eagles",-8.09059516015259,57,220.99023707108,229.080832231233,273.995,86,"http://a.espncdn.com/combiner/i?img=/i/headshots/nfl/players/full/17795.png"
"11","Case Keenum","QB","Broncos",-64.5786200385043,169,164.502212192729,229.080832231233,220.4125,81,"http://a.espncdn.com/combiner/i?img=/i/headshots/nfl/players/full/15168.png"
"12","Dak Prescott","QB","Cowboys",-30.3463864838623,132,198.734445747371,229.080832231233,259.7875,82,"http://a.espncdn.com/combiner/i?img=/i/headshots/nfl/players/full/17907.png"
"13","Derek Carr","QB","Raiders",-37.7502451014884,143,191.330587129745,229.080832231233,247.445,83,"http://a.espncdn.com/combiner/i?img=/i/headshots/nfl/players/full/16757.png"
"14","Deshaun Watson","QB","Texans",18.2473809992013,36,247.328213230434,229.080832231233,319.91,82,"http://a.espncdn.com/combiner/i?img=/i/headshots/nfl/players/full/18246.png"
"15","Drew Brees","QB","Saints",23.5879536979708,53,252.668785929204,229.080832231233,297.3325,91,"http://a.espncdn.com/combiner/i?img=/i/headshots/nfl/players/full/2580.png"
"16","Eli Manning","QB","Giants",-52.1471021041779,167,176.933730127055,229.080832231233,246.1375,76,"http://a.espncdn.com/combiner/i?img=/i/headshots/nfl/players/full/5526.png"
"17","Jameis Winston","QB","Buccaneers",-54.6398125023337,150,174.441019728899,229.080832231233,235.4175,80,"http://a.espncdn.com/combiner/i?img=/i/headshots/nfl/players/full/17399.png"
"18","Jared Goff","QB","Rams",-54.4688126990961,111,174.612019532137,229.080832231233,226.76,83,"http://a.espncdn.com/combiner/i?img=/i/headshots/nfl/players/full/17794.png"
"19","Jimmy Garoppolo","QB","49ers",-55.7842329923089,76,173.296599238924,229.080832231233,225.1325,83,"http://a.espncdn.com/combiner/i?img=/i/headshots/nfl/players/full/16760.png"
"20","Joe Flacco","QB","Ravens",-72.8784946891231,0,156.20233754211,229.080832231233,215.246666666667,79,"http://a.espncdn.com/combiner/i?img=/i/headshots/nfl/players/full/11252.png"
"21","Josh Allen","QB","Bills",-192.836355918777,0,36.2444763124557,229.080832231233,73.885,74,"http://a.espncdn.com/combiner/i?img=/i/headshots/nfl/players/full/18570.png"
"22","Josh McCown","QB","Jets",-171.214537687264,0,57.8662945439689,229.080832231233,95.65,78,"http://a.espncdn.com/combiner/i?img=/i/headshots/nfl/players/full/3609.png"
"23","Josh Rosen","QB","Cardinals",-171.707567720358,0,57.3732645108753,229.080832231233,95.04,78,"http://a.espncdn.com/combiner/i?img=/i/headshots/nfl/players/full/18572.png"
"24","Kirk Cousins","QB","Vikings",-15.2402695682573,74,213.840562662976,229.080832231233,278.4775,82,"http://a.espncdn.com/combiner/i?img=/i/headshots/nfl/players/full/14880.png"
"25","Lamar Jackson","QB","Ravens",-213.227710776429,0,15.8531214548039,229.080832231233,41.6,79,"http://a.espncdn.com/combiner/i?img=/i/headshots/nfl/players/full/18590.png"
"26","Marcus Mariota","QB","Titans",-35.7429607074092,147,193.337871523824,229.080832231233,261.1925,79,"http://a.espncdn.com/combiner/i?img=/i/headshots/nfl/players/full/17610.png"
"27","Matt Ryan","QB","Falcons",0,102,229.080832231233,229.080832231233,273.915,89,"http://a.espncdn.com/combiner/i?img=/i/headshots/nfl/players/full/11237.png"
"28","Matthew Stafford","QB","Lions",-7.71989622998814,104,221.360936001245,229.080832231233,277.89,85,"http://a.espncdn.com/combiner/i?img=/i/headshots/nfl/players/full/12483.png"
"29","Mitchell Trubisky","QB","Bears",-62.6993274841556,140,166.381504747077,229.080832231233,234.896666666667,74,"http://a.espncdn.com/combiner/i?img=/i/headshots/nfl/players/full/18168.png"
"30","Patrick Mahomes","QB","Chiefs",-33.9509175267258,107,195.129914704507,229.080832231233,267.226666666667,77,"http://a.espncdn.com/combiner/i?img=/i/headshots/nfl/players/full/18210.png"
"31","Philip Rivers","QB","Chargers",0.78294251703818,119,229.863774748271,229.080832231233,281.5325,87,"http://a.espncdn.com/combiner/i?img=/i/headshots/nfl/players/full/5529.png"
"32","Russell Wilson","QB","Seahawks",40.4885413632654,45,269.569373594498,229.080832231233,315.87,92,"http://a.espncdn.com/combiner/i?img=/i/headshots/nfl/players/full/14881.png"
"33","Ryan Fitzpatrick","QB","Buccaneers",-167.70997680918,0,61.370855422053,229.080832231233,105.373333333333,73,"http://a.espncdn.com/combiner/i?img=/i/headshots/nfl/players/full/8664.png"
"34","Ryan Tannehill","QB","Dolphins",-53.261817037701,0,175.819015193532,229.080832231233,241.586666666667,78,"http://a.espncdn.com/combiner/i?img=/i/headshots/nfl/players/full/14876.png"
"35","Sam Bradford","QB","Cardinals",-111.041174573115,0,118.039657658118,229.080832231233,168.03,79,"http://a.espncdn.com/combiner/i?img=/i/headshots/nfl/players/full/13197.png"
"36","Sam Darnold","QB","Jets",-127.715329806969,0,101.365502424264,229.080832231233,153.725,75,"http://a.espncdn.com/combiner/i?img=/i/headshots/nfl/players/full/18566.png"
"37","Tom Brady","QB","Patriots",33.8831970811929,29,262.964029312426,229.080832231233,301.7,99,"http://a.espncdn.com/combiner/i?img=/i/headshots/nfl/players/full/2330.png"
"38","Trevor Siemian","QB","Vikings",-73.7568000432894,0,155.324032187944,229.080832231233,221.8,71,"http://a.espncdn.com/combiner/i?img=/i/headshots/nfl/players/full/17455.png"
"39","Tyrod Taylor","QB","Browns",-64.2977545688322,0,164.783077662401,229.080832231233,220.76,81,"http://a.espncdn.com/combiner/i?img=/i/headshots/nfl/players/full/14163.png"
"40","Aaron Jones","RB","Packers",-43.7261332860641,121,61.1334368134036,104.859570099468,71.92,75,"http://a.espncdn.com/combiner/i?img=/i/headshots/nfl/players/full/18314.png"
"41","Alex Collins","RB","Ravens",-0.0100509670401152,42,104.849519132428,104.859570099468,132.49,81,"http://a.espncdn.com/combiner/i?img=/i/headshots/nfl/players/full/17933.png"
"42","Alfred Blue","RB","Texans",-64.0465320742744,0,40.8130380251933,104.859570099468,54.2266666666667,68,"http://a.espncdn.com/combiner/i?img=/i/headshots/nfl/players/full/17134.png"
"43","Alvin Kamara","RB","Saints",66.2833602597003,5,171.142930359168,104.859570099468,235.663333333333,88,"http://a.espncdn.com/combiner/i?img=/i/headshots/nfl/players/full/18187.png"
"44","Austin Ekeler","RB","Chargers",-29.6598302516068,162,75.1997398478609,104.859570099468,79.73,81,"http://a.espncdn.com/combiner/i?img=/i/headshots/nfl/players/full/18458.png"
"45","Benny Cunningham","RB","Bears",-73.0852986776034,0,31.7742714218643,104.859570099468,33.77,70,"http://a.espncdn.com/combiner/i?img=/i/headshots/nfl/players/full/16055.png"
"46","Bilal Powell","RB","Jets",-20.4161450263139,174,84.4434250731538,104.859570099468,101.6275,79,"http://a.espncdn.com/combiner/i?img=/i/headshots/nfl/players/full/14129.png"
"47","Bo Scarbrough","RB","Cowboys",-74.9833743579512,0,29.8761957415165,104.859570099468,27.96,71,"http://a.espncdn.com/combiner/i?img=/i/headshots/nfl/players/full/18794.png"
"48","Boston Scott","RB","Saints",-73.9745979477769,0,30.8849721516908,104.859570099468,27.1,72,"http://a.espncdn.com/combiner/i?img=/i/headshots/nfl/players/full/18759.png"
"49","C.J. Anderson","RB","Panthers",-22.3836642681548,108,82.4759058313129,104.859570099468,92.6775,81,"http://a.espncdn.com/combiner/i?img=/i/headshots/nfl/players/full/16040.png"
"50","C.J. Prosise","RB","Seahawks",-70.2047171078293,0,34.6548529916384,104.859570099468,36.4633333333333,71,"http://a.espncdn.com/combiner/i?img=/i/headshots/nfl/players/full/17869.png"
"51","Cameron Artis-Payne","RB","Panthers",-73.5401305408102,0,31.3194395586575,104.859570099468,35.2,69,"http://a.espncdn.com/combiner/i?img=/i/headshots/nfl/players/full/17704.png"
"52","Carlos Hyde","RB","Browns",-9.21058762510086,97,95.6489824743668,104.859570099468,113.54,82,"http://a.espncdn.com/combiner/i?img=/i/headshots/nfl/players/full/16777.png"
"53","Charcandrick West","RB","Chiefs",-48.210003232653,0,56.6495668668147,104.859570099468,52.17,79,"http://a.espncdn.com/combiner/i?img=/i/headshots/nfl/players/full/17384.png"
"54","Charles Sims","RB","Buccaneers",-49.614863162183,0,55.2447069372847,104.859570099468,55.4,77,"http://a.espncdn.com/combiner/i?img=/i/headshots/nfl/players/full/16749.png"
"55","Chase Edmonds","RB","Cardinals",-65.1263400772215,0,39.7332300222462,104.859570099468,45.5,71,"http://a.espncdn.com/combiner/i?img=/i/headshots/nfl/players/full/18693.png"
"56","Chris Carson","RB","Seahawks",-44.1607269677686,127,60.6988431316991,104.859570099468,71.1466666666667,75,"http://a.espncdn.com/combiner/i?img=/i/headshots/nfl/players/full/18341.png"
"57","Chris Ivory","RB","Bills",-37.5201353464089,210,67.3394347530588,104.859570099468,68.4275,80,"http://a.espncdn.com/combiner/i?img=/i/headshots/nfl/players/full/13587.png"
"58","Chris Thompson","RB","Redskins",-3.18268473968857,77,101.676885359779,104.859570099468,119.5125,84,"http://a.espncdn.com/combiner/i?img=/i/headshots/nfl/players/full/15966.png"
"59","Christian McCaffrey","RB","Panthers",42.260540911219,16,147.120111010687,104.859570099468,194.45,87,"http://a.espncdn.com/combiner/i?img=/i/headshots/nfl/players/full/18279.png"
"60","Christine Michael","RB","Colts",-12.581716060789,0,92.2778540386787,104.859570099468,139,71,NA
"61","Corey Clement","RB","Eagles",-34.6663391104492,136,70.1932309890185,104.859570099468,82,77,"http://a.espncdn.com/combiner/i?img=/i/headshots/nfl/players/full/18425.png"
"62","Corey Grant","RB","Jaguars",-60.6250445843304,0,44.2345255151373,104.859570099468,38.79,76,"http://a.espncdn.com/combiner/i?img=/i/headshots/nfl/players/full/17752.png"
"63","D'Onta Foreman","RB","Texans",-42.6808605516195,137,62.1787095478482,104.859570099468,73.78,75,NA
"64","Dalvin Cook","RB","Vikings",52.3302530071199,14,157.189823106588,104.859570099468,216.14,85,"http://a.espncdn.com/combiner/i?img=/i/headshots/nfl/players/full/18260.png"
"65","Damien Williams","RB","Chiefs",-60.9462206546753,0,43.9133494447924,104.859570099468,29.5066666666667,79,"http://a.espncdn.com/combiner/i?img=/i/headshots/nfl/players/full/17138.png"
"66","Darren Sproles","RB","Eagles",-28.7499563915019,206,76.1096137079658,104.859570099468,76.3225,83,"http://a.espncdn.com/combiner/i?img=/i/headshots/nfl/players/full/8544.png"
"67","David Johnson","RB","Cardinals",86.3925887247209,4,191.252158824189,104.859570099468,268.5275,93,"http://a.espncdn.com/combiner/i?img=/i/headshots/nfl/players/full/17442.png"
"68","DeAndre Washington","RB","Raiders",-63.6546316284605,0,41.2049384710073,104.859570099468,39.55,74,"http://a.espncdn.com/combiner/i?img=/i/headshots/nfl/players/full/17915.png"
"69","Derrick Henry","RB","Titans",9.80387804574363,38,114.663448145211,104.859570099468,138.48,86,"http://a.espncdn.com/combiner/i?img=/i/headshots/nfl/players/full/17832.png"
"70","Derrius Guice","RB","Redskins",8.4632374069684,41,113.322807506436,104.859570099468,155.846666666667,78,"http://a.espncdn.com/combiner/i?img=/i/headshots/nfl/players/full/18618.png"
"71","Devonta Freeman","RB","Falcons",48.0671951604995,15,152.926765259967,104.859570099468,200.5175,91,"http://a.espncdn.com/combiner/i?img=/i/headshots/nfl/players/full/16944.png"
"72","Devontae Booker","RB","Broncos",-9.73543573076836,114,95.1241343686993,104.859570099468,129.345,76,"http://a.espncdn.com/combiner/i?img=/i/headshots/nfl/players/full/17908.png"
"73","Dion Lewis","RB","Titans",-7.41941764078828,69,97.4401524586794,104.859570099468,106.0475,87,"http://a.espncdn.com/combiner/i?img=/i/headshots/nfl/players/full/14198.png"
"74","Doug Martin","RB","Raiders",-32.8143271403389,164,72.0452429591288,104.859570099468,88.2775,76,"http://a.espncdn.com/combiner/i?img=/i/headshots/nfl/players/full/14885.png"
"75","Duke Johnson","RB","Browns",-3.46625134673208,110,101.393318752736,104.859570099468,121.313333333333,83,"http://a.espncdn.com/combiner/i?img=/i/headshots/nfl/players/full/17658.png"
"76","Elijah McGuire","RB","Jets",-55.710423824418,0,49.1491462750497,104.859570099468,59.6,72,"http://a.espncdn.com/combiner/i?img=/i/headshots/nfl/players/full/18313.png"
"77","Ezekiel Elliott","RB","Cowboys",73.9961692256774,3,178.855739325145,104.859570099468,246.3975,92,"http://a.espncdn.com/combiner/i?img=/i/headshots/nfl/players/full/17797.png"
"78","Fozzy Whittaker","RB","Panthers",-70.0337766625315,0,34.8257934369363,104.859570099468,39.2,70,NA
"79","Frank Gore","RB","Dolphins",-25.1166802155786,208,79.7428898838891,104.859570099468,101.975,76,"http://a.espncdn.com/combiner/i?img=/i/headshots/nfl/players/full/8479.png"
"80","Giovani Bernard","RB","Bengals",-13.0917016698463,161,91.7678684296214,104.859570099468,101.88,84,"http://a.espncdn.com/combiner/i?img=/i/headshots/nfl/players/full/15826.png"
"81","Isaiah Crowell","RB","Jets",-5.92001051825098,99,98.9395595812167,104.859570099468,127.4225,79,"http://a.espncdn.com/combiner/i?img=/i/headshots/nfl/players/full/17133.png"
"82","Ito Smith","RB","Falcons",-77.6358623912749,0,27.2237077081928,104.859570099468,20.585,72,"http://a.espncdn.com/combiner/i?img=/i/headshots/nfl/players/full/18685.png"
"83","Jacquizz Rodgers","RB","Buccaneers",-73.1747207836052,0,31.6848493158625,104.859570099468,28.5233333333333,72,"http://a.espncdn.com/combiner/i?img=/i/headshots/nfl/players/full/14193.png"
"84","Jalen Richard","RB","Raiders",-65.4467865528972,0,39.4127835465706,104.859570099468,30.21,76,"http://a.espncdn.com/combiner/i?img=/i/headshots/nfl/players/full/18079.png"
"85","Jamaal Williams","RB","Packers",-27.6368008198559,84,77.2227692796118,104.859570099468,100.55,75,"http://a.espncdn.com/combiner/i?img=/i/headshots/nfl/players/full/18362.png"
"86","James Conner","RB","Steelers",-70.0175308010175,187,34.8420392984502,104.859570099468,31.2633333333333,73,"http://a.espncdn.com/combiner/i?img=/i/headshots/nfl/players/full/18236.png"
"87","James White","RB","Patriots",-20.3821547700615,103,84.4774153294062,104.859570099468,91.2125,83,"http://a.espncdn.com/combiner/i?img=/i/headshots/nfl/players/full/16913.png"
"88","Javorius Allen","RB","Ravens",-46.5387589140881,0,58.3208111853796,104.859570099468,70.0066666666667,74,"http://a.espncdn.com/combiner/i?img=/i/headshots/nfl/players/full/17616.png"
"89","Jay Ajayi","RB","Eagles",18.1449858742345,40,123.004555973702,104.859570099468,153.3225,86,"http://a.espncdn.com/combiner/i?img=/i/headshots/nfl/players/full/17556.png"
"90","Jaylen Samuels","RB","Steelers",-82.7752718573865,0,22.0842982420812,104.859570099468,20.9,68,"http://a.espncdn.com/combiner/i?img=/i/headshots/nfl/players/full/18724.png"
"91","Jeremy Hill","RB","Patriots",-26.7604558866809,0,78.0991142127868,104.859570099468,99.05,76,"http://a.espncdn.com/combiner/i?img=/i/headshots/nfl/players/full/16803.png"
"92","Jerick McKinnon","RB","49ers",36.354720395065,17,141.214290494533,104.859570099468,187.7125,85,"http://a.espncdn.com/combiner/i?img=/i/headshots/nfl/players/full/16782.png"
"93","Joe Mixon","RB","Bengals",16.5251146726408,30,121.384684772109,104.859570099468,161.913333333333,81,"http://a.espncdn.com/combiner/i?img=/i/headshots/nfl/players/full/18193.png"
"94","Joe Williams","RB","49ers",-74.3399134542206,0,30.5196566452471,104.859570099468,29.105,71,"http://a.espncdn.com/combiner/i?img=/i/headshots/nfl/players/full/18354.png"
"95","John Kelly","RB","Rams",-66.4539985343531,0,38.4055715651146,104.859570099468,45.57,70,"http://a.espncdn.com/combiner/i?img=/i/headshots/nfl/players/full/18735.png"
"96","Jonathan Stewart","RB","Giants",-23.9221263648941,0,80.9374437345736,104.859570099468,84.9133333333333,83,"http://a.espncdn.com/combiner/i?img=/i/headshots/nfl/players/full/11247.png"
"97","Jordan Howard","RB","Bears",28.8116164821178,26,133.671186581585,104.859570099468,174.29,85,"http://a.espncdn.com/combiner/i?img=/i/headshots/nfl/players/full/17919.png"
"98","Jordan Wilkins","RB","Colts",-68.8255312974477,166,36.03403880202,104.859570099468,41.35,70,"http://a.espncdn.com/combiner/i?img=/i/headshots/nfl/players/full/18728.png"
"99","Justin Jackson","RB","Chargers",-75.7167511958277,0,29.1428189036401,104.859570099468,26.655,71,"http://a.espncdn.com/combiner/i?img=/i/headshots/nfl/players/full/18809.png"
"100","Kalen Ballage","RB","Dolphins",-76.2393875630499,0,28.6201825364178,104.859570099468,25.725,71,"http://a.espncdn.com/combiner/i?img=/i/headshots/nfl/players/full/18690.png"
"101","Kareem Hunt","RB","Chiefs",59.4140896022347,8,164.273659701702,104.859570099468,222.203333333333,89,"http://a.espncdn.com/combiner/i?img=/i/headshots/nfl/players/full/18225.png"
"102","Kenneth Dixon","RB","Ravens",-40.8286287836749,201,64.0309413157928,104.859570099468,80.1675,74,"http://a.espncdn.com/combiner/i?img=/i/headshots/nfl/players/full/17906.png"
"103","Kenyan Drake","RB","Dolphins",0.084472067217817,34,104.944042166686,104.859570099468,130.08,82,"http://a.espncdn.com/combiner/i?img=/i/headshots/nfl/players/full/17856.png"
"104","Kerryon Johnson","RB","Lions",-22.463241129675,82,82.3963289697927,104.859570099468,115.883333333333,73,"http://a.espncdn.com/combiner/i?img=/i/headshots/nfl/players/full/18602.png"
"105","Kyle Juszczyk","RB","49ers",-38.268163230661,0,66.5914068688067,104.859570099468,57.08,84,"http://a.espncdn.com/combiner/i?img=/i/headshots/nfl/players/full/16002.png"
"106","Lamar Miller","RB","Texans",24.5743280854985,43,129.433898184966,104.859570099468,166.75,85,"http://a.espncdn.com/combiner/i?img=/i/headshots/nfl/players/full/14886.png"
"107","Latavius Murray","RB","Vikings",-13.949438341877,182,90.9101317575907,104.859570099468,105.1075,82,"http://a.espncdn.com/combiner/i?img=/i/headshots/nfl/players/full/15920.png"
"108","Le'Veon Bell","RB","Steelers",87.5487085708356,2,192.408278670303,104.859570099468,273.1125,96,"http://a.espncdn.com/combiner/i?img=/i/headshots/nfl/players/full/15825.png"
"109","LeGarrette Blount","RB","Lions",-13.667170127448,192,91.1923999720197,104.859570099468,94.93,87,"http://a.espncdn.com/combiner/i?img=/i/headshots/nfl/players/full/13213.png"
"110","Leonard Fournette","RB","Jaguars",55.7348182926878,9,160.594388392155,104.859570099468,218.426666666667,87,"http://a.espncdn.com/combiner/i?img=/i/headshots/nfl/players/full/18218.png"
"111","LeSean McCoy","RB","Bills",48.2271680995694,24,153.086738199037,104.859570099468,201.385,90,"http://a.espncdn.com/combiner/i?img=/i/headshots/nfl/players/full/12514.png"
"112","Mark Ingram","RB","Saints",15.1187527156411,59,119.978322815109,104.859570099468,147.9375,86,"http://a.espncdn.com/combiner/i?img=/i/headshots/nfl/players/full/13981.png"
"113","Mark Walton","RB","Bengals",-72.9377548321586,0,31.9218152673091,104.859570099468,28.945,72,"http://a.espncdn.com/combiner/i?img=/i/headshots/nfl/players/full/18671.png"
"114","Marlon Mack","RB","Colts",-2.05308049632835,83,102.806489603139,104.859570099468,140.033333333333,77,"http://a.espncdn.com/combiner/i?img=/i/headshots/nfl/players/full/18211.png"
"115","Marshawn Lynch","RB","Raiders",3.35042112984139,78,108.209991229309,104.859570099468,128.983333333333,85,"http://a.espncdn.com/combiner/i?img=/i/headshots/nfl/players/full/10456.png"
"116","Matt Breida","RB","49ers",-28.9765090136485,113,75.8830610858192,104.859570099468,95.1066666666667,76,"http://a.espncdn.com/combiner/i?img=/i/headshots/nfl/players/full/18424.png"
"117","Melvin Gordon","RB","Chargers",53.2557847375637,10,158.115354837031,104.859570099468,211.245,89,"http://a.espncdn.com/combiner/i?img=/i/headshots/nfl/players/full/17586.png"
"118","Mike Gillislee","RB","Patriots",-29.3837779793854,0,75.4757921200823,104.859570099468,91.4,77,"http://a.espncdn.com/combiner/i?img=/i/headshots/nfl/players/full/15952.png"
"119","Nick Chubb","RB","Browns",-40.6749466957384,106,64.1846234037293,104.859570099468,74.29,76,"http://a.espncdn.com/combiner/i?img=/i/headshots/nfl/players/full/18592.png"
"120","Nyheim Hines","RB","Colts",-41.0950984010131,138,63.7644716984546,104.859570099468,79.6933333333333,74,"http://a.espncdn.com/combiner/i?img=/i/headshots/nfl/players/full/18663.png"
"121","Peyton Barber","RB","Buccaneers",-58.4627263951376,190,46.3968437043301,104.859570099468,57.3575,71,"http://a.espncdn.com/combiner/i?img=/i/headshots/nfl/players/full/18106.png"
"122","Rashaad Penny","RB","Seahawks",-2.50563265086026,50,102.353937448607,104.859570099468,142.21,76,"http://a.espncdn.com/combiner/i?img=/i/headshots/nfl/players/full/18585.png"
"123","Rex Burkhead","RB","Patriots",-24.6801505688869,71,80.1794195305808,104.859570099468,96.87,78,"http://a.espncdn.com/combiner/i?img=/i/headshots/nfl/players/full/15971.png"
"124","Robert Turbin","RB","Colts",-72.6680390536977,0,32.19153104577,104.859570099468,32.08,71,"http://a.espncdn.com/combiner/i?img=/i/headshots/nfl/players/full/14894.png"
"125","Rod Smith","RB","Cowboys",-63.3392608860744,0,41.5203092133933,104.859570099468,48.68,71,"http://a.espncdn.com/combiner/i?img=/i/headshots/nfl/players/full/17781.png"
"126","Ronald Jones","RB","Buccaneers",0,61,104.859570099468,104.859570099468,143.686666666667,77,"http://a.espncdn.com/combiner/i?img=/i/headshots/nfl/players/full/18597.png"
"127","Royce Freeman","RB","Broncos",-8.4288624084232,54,96.4307076910445,104.859570099468,140.856666666667,73,"http://a.espncdn.com/combiner/i?img=/i/headshots/nfl/players/full/18630.png"
"128","Saquon Barkley","RB","Giants",52.7002795315157,6,157.559849630983,104.859570099468,223.706666666667,82,"http://a.espncdn.com/combiner/i?img=/i/headshots/nfl/players/full/18567.png"
"129","Sony Michel","RB","Patriots",-3.60975010622695,62,101.249819993241,104.859570099468,137.263333333333,77,"http://a.espncdn.com/combiner/i?img=/i/headshots/nfl/players/full/18589.png"
"130","Spencer Ware","RB","Chiefs",-26.5215306172428,0,78.3380394822249,104.859570099468,90.7633333333333,79,"http://a.espncdn.com/combiner/i?img=/i/headshots/nfl/players/full/16020.png"
"131","T.J. Logan","RB","Cardinals",-71.7295094670748,0,33.1300606323929,104.859570099468,31.095,72,"http://a.espncdn.com/combiner/i?img=/i/headshots/nfl/players/full/18286.png"
"132","T.J. Yeldon","RB","Jaguars",-27.5939888097982,195,77.2655812896695,104.859570099468,91.685,78,"http://a.espncdn.com/combiner/i?img=/i/headshots/nfl/players/full/17678.png"
"133","Tarik Cohen","RB","Bears",-9.56929537687601,87,95.2902747225917,104.859570099468,110.453333333333,83,"http://a.espncdn.com/combiner/i?img=/i/headshots/nfl/players/full/18171.png"
"134","Tavon Austin","RB","Cowboys",-51.2028116377468,0,53.6567584617209,104.859570099468,44.08,80,"http://a.espncdn.com/combiner/i?img=/i/headshots/nfl/players/full/15786.png"
"135","Terrance West","RB","Saints",-38.6515027527123,0,66.2080673467554,104.859570099468,80.95,75,"http://a.espncdn.com/combiner/i?img=/i/headshots/nfl/players/full/16783.png"
"136","Tevin Coleman","RB","Falcons",6.68070427064927,49,111.540274370117,104.859570099468,132.9225,86,"http://a.espncdn.com/combiner/i?img=/i/headshots/nfl/players/full/17689.png"
"137","Theo Riddick","RB","Lions",-15.8833104377781,178,88.9762596616896,104.859570099468,96.9125,84,"http://a.espncdn.com/combiner/i?img=/i/headshots/nfl/players/full/15994.png"
"138","Thomas Rawls","RB","Jets",-21.1051358743483,0,83.7544342251194,104.859570099468,118.3,73,"http://a.espncdn.com/combiner/i?img=/i/headshots/nfl/players/full/17739.png"
"139","Todd Gurley","RB","Rams",92.4429850902699,1,197.302555189738,104.859570099468,279.2225,92,"http://a.espncdn.com/combiner/i?img=/i/headshots/nfl/players/full/17683.png"
"140","Travaris Cadet","RB","Bills",-62.2684276437132,0,42.5911424557545,104.859570099468,42.0166666666667,74,"http://a.espncdn.com/combiner/i?img=/i/headshots/nfl/players/full/15457.png"
"141","Ty Montgomery","RB","Packers",-14.4485830797909,125,90.4109870196768,104.859570099468,106.7975,81,"http://a.espncdn.com/combiner/i?img=/i/headshots/nfl/players/full/17611.png"
"142","Wayne Gallman","RB","Giants",-57.6724121348249,0,47.1871579646428,104.859570099468,50.195,74,"http://a.espncdn.com/combiner/i?img=/i/headshots/nfl/players/full/18233.png"
"143","Wendell Smallwood","RB","Eagles",-79.79961641175,0,25.0599536877177,104.859570099468,26.195,68,"http://a.espncdn.com/combiner/i?img=/i/headshots/nfl/players/full/17921.png"
"144","Zach Zenner","RB","Lions",-69.4156046152793,0,35.4439654841884,104.859570099468,40.3,70,NA
"145","A.J. Green","WR","Bengals",35.8377851091049,23,152.268280696969,116.430495587864,174.965,93,"http://a.espncdn.com/combiner/i?img=/i/headshots/nfl/players/full/13983.png"
"146","Adam Humphries","WR","Buccaneers",-50.8373668894594,0,65.5931286984048,116.430495587864,79.2633333333333,79,"http://a.espncdn.com/combiner/i?img=/i/headshots/nfl/players/full/17756.png"
"147","Adam Thielen","WR","Vikings",6.07485326306096,39,122.505348850925,116.430495587864,142.1025,88,"http://a.espncdn.com/combiner/i?img=/i/headshots/nfl/players/full/17178.png"
"148","Albert Wilson","WR","Dolphins",-60.6730592393426,0,55.7574363485216,116.430495587864,68.4033333333333,77,"http://a.espncdn.com/combiner/i?img=/i/headshots/nfl/players/full/17182.png"
"149","Allen Hurns","WR","Cowboys",-29.5433042774577,135,86.8871913104065,116.430495587864,102.775,81,"http://a.espncdn.com/combiner/i?img=/i/headshots/nfl/players/full/17163.png"
"150","Allen Robinson","WR","Bears",7.32242842070039,52,123.752924008565,116.430495587864,143.48,87,"http://a.espncdn.com/combiner/i?img=/i/headshots/nfl/players/full/16799.png"
"151","Alshon Jeffery","WR","Eagles",-11.1293062761954,58,105.301189311669,116.430495587864,123.106666666667,90,NA
"152","Amara Darboh","WR","Seahawks",-72.6310633516469,0,43.7994322362172,116.430495587864,55.2,71,"http://a.espncdn.com/combiner/i?img=/i/headshots/nfl/players/full/18201.png"
"153","Amari Cooper","WR","Raiders",21.3944422223864,35,137.824937810251,116.430495587864,159.0175,86,"http://a.espncdn.com/combiner/i?img=/i/headshots/nfl/players/full/17677.png"
"154","Andre Holmes","WR","Bills",-102.032477653523,0,14.398017934341,116.430495587864,22.7366666666667,75,"http://a.espncdn.com/combiner/i?img=/i/headshots/nfl/players/full/14403.png"
"155","Anthony Miller","WR","Bears",-52.7936371910936,133,63.6368583967705,116.430495587864,77.1033333333333,74,"http://a.espncdn.com/combiner/i?img=/i/headshots/nfl/players/full/18610.png"
"156","Antonio Brown","WR","Steelers",90.9190207894938,7,207.349516377358,116.430495587864,235.7825,99,"http://a.espncdn.com/combiner/i?img=/i/headshots/nfl/players/full/13934.png"
"157","Antonio Callaway","WR","Browns",-74.406197514241,0,42.0242980736232,116.430495587864,53.24,70,"http://a.espncdn.com/combiner/i?img=/i/headshots/nfl/players/full/18664.png"
"158","Brandin Cooks","WR","Rams",9.57304494827494,65,126.003540536139,116.430495587864,145.965,87,"http://a.espncdn.com/combiner/i?img=/i/headshots/nfl/players/full/16731.png"
"159","Brandon Coleman","WR","Saints",-86.678170934215,0,29.7523246536492,116.430495587864,39.69,77,NA
"160","Brandon LaFell","WR","Bengals",-37.1057380823864,0,79.3247575054778,116.430495587864,94.425,79,NA
"161","Brandon Marshall","WR","Seahawks",-31.2082472888023,0,85.2222482990619,116.430495587864,100.936666666667,81,"http://a.espncdn.com/combiner/i?img=/i/headshots/nfl/players/full/9705.png"
"162","Braxton Miller","WR","Texans",-92.8790647606914,0,23.5514308271728,116.430495587864,32.8433333333333,73,"http://a.espncdn.com/combiner/i?img=/i/headshots/nfl/players/full/17864.png"
"163","Breshad Perriman","WR","Ravens",-77.6621196134887,0,38.7683759743755,116.430495587864,49.645,74,NA
"164","Brian Quick","WR","Redskins",-80.2931220330477,0,36.1373735548165,116.430495587864,46.74,73,NA
"165","Brice Butler","WR","Cardinals",-78.3157191818588,0,38.1147764060054,116.430495587864,48.9233333333333,76,"http://a.espncdn.com/combiner/i?img=/i/headshots/nfl/players/full/15896.png"
"166","Bruce Ellington","WR","Texans",-87.6789481024121,0,28.7515474854521,116.430495587864,38.585,77,"http://a.espncdn.com/combiner/i?img=/i/headshots/nfl/players/full/16946.png"
"167","Calvin Ridley","WR","Falcons",-31.0573005062688,112,85.3731950815954,116.430495587864,101.103333333333,77,"http://a.espncdn.com/combiner/i?img=/i/headshots/nfl/players/full/18584.png"
"168","Cameron Meredith","WR","Saints",-42.1164165285861,191,74.3140790592781,116.430495587864,88.8925,83,"http://a.espncdn.com/combiner/i?img=/i/headshots/nfl/players/full/17750.png"
"169","Chad Hansen","WR","Jets",-99.4527971400256,0,16.9776984478386,116.430495587864,25.585,69,"http://a.espncdn.com/combiner/i?img=/i/headshots/nfl/players/full/18170.png"
"170","Chad Williams","WR","Cardinals",-91.2880856727882,0,25.1424099150759,116.430495587864,34.6,69,"http://a.espncdn.com/combiner/i?img=/i/headshots/nfl/players/full/18169.png"
"171","Charles Johnson","WR","Jets",-74.6235608810892,0,41.806934706775,116.430495587864,53,71,NA
"172","Chester Rogers","WR","Colts",-71.0038570359357,0,45.4266385519284,116.430495587864,56.9966666666667,74,"http://a.espncdn.com/combiner/i?img=/i/headshots/nfl/players/full/18089.png"
"173","Chris Conley","WR","Chiefs",-76.8847436834411,0,39.545751904423,116.430495587864,50.5033333333333,76,"http://a.espncdn.com/combiner/i?img=/i/headshots/nfl/players/full/17638.png"
"174","Chris Godwin","WR","Buccaneers",-31.0376774245394,0,85.3928181633247,116.430495587864,101.125,79,"http://a.espncdn.com/combiner/i?img=/i/headshots/nfl/players/full/18272.png"
"175","Chris Hogan","WR","Patriots",-16.2343264614785,81,100.196169126386,116.430495587864,117.47,83,"http://a.espncdn.com/combiner/i?img=/i/headshots/nfl/players/full/14402.png"
"176","Chris Moore","WR","Ravens",-91.5597898813486,0,24.8707057065156,116.430495587864,34.3,71,"http://a.espncdn.com/combiner/i?img=/i/headshots/nfl/players/full/17883.png"
"177","Christian Kirk","WR","Cardinals",-47.9014519691827,0,68.5290436186815,116.430495587864,82.505,73,"http://a.espncdn.com/combiner/i?img=/i/headshots/nfl/players/full/18606.png"
"178","Cody Latimer","WR","Giants",-84.4018934536097,0,32.0286021342545,116.430495587864,42.2033333333333,72,"http://a.espncdn.com/combiner/i?img=/i/headshots/nfl/players/full/16793.png"
"179","Cole Beasley","WR","Cowboys",-38.0129282454127,0,78.4175673424514,116.430495587864,93.4233333333333,81,"http://a.espncdn.com/combiner/i?img=/i/headshots/nfl/players/full/15349.png"
"180","Cooper Kupp","WR","Rams",-0.732091895287482,90,115.698403692577,116.430495587864,134.586666666667,80,"http://a.espncdn.com/combiner/i?img=/i/headshots/nfl/players/full/18415.png"
"181","Cordarrelle Patterson","WR","Patriots",-84.9724722915864,0,31.4580232962778,116.430495587864,41.5733333333333,76,"http://a.espncdn.com/combiner/i?img=/i/headshots/nfl/players/full/15807.png"
"182","Corey Coleman","WR","Browns",-46.8765233157802,0,69.553972272084,116.430495587864,83.6366666666667,79,"http://a.espncdn.com/combiner/i?img=/i/headshots/nfl/players/full/17805.png"
"183","Corey Davis","WR","Titans",-2.33212779014265,85,114.098367797722,116.430495587864,132.82,80,"http://a.espncdn.com/combiner/i?img=/i/headshots/nfl/players/full/18320.png"
"184","Courtland Sutton","WR","Broncos",-45.4606424956159,172,70.9698530922483,116.430495587864,85.2,75,"http://a.espncdn.com/combiner/i?img=/i/headshots/nfl/players/full/18599.png"
"185","Curtis Samuel","WR","Panthers",-74.0982660778726,0,42.3322295099916,116.430495587864,53.58,74,"http://a.espncdn.com/combiner/i?img=/i/headshots/nfl/players/full/18284.png"
"186","D.J. Chark","WR","Jaguars",-92.1937663679893,0,24.2367292198749,116.430495587864,33.6,72,"http://a.espncdn.com/combiner/i?img=/i/headshots/nfl/players/full/18620.png"
"187","Damiere Byrd","WR","Panthers",-103.378922953722,0,13.0515726341421,116.430495587864,21.25,72,"http://a.espncdn.com/combiner/i?img=/i/headshots/nfl/players/full/18050.png"
"188","Danny Amendola","WR","Dolphins",-32.9079080601296,216,83.5225875277346,116.430495587864,99.06,85,"http://a.espncdn.com/combiner/i?img=/i/headshots/nfl/players/full/11674.png"
"189","Danny Amendola","WR","Dolphins",-32.9079080601296,216,83.5225875277346,116.430495587864,99.06,85,"http://a.espncdn.com/combiner/i?img=/i/headshots/nfl/players/full/11674.png"
"190","Dante Pettis","WR","49ers",-83.0056357151748,0,33.4248598726894,116.430495587864,43.745,76,"http://a.espncdn.com/combiner/i?img=/i/headshots/nfl/players/full/18603.png"
"191","Darrius Heyward-Bey","WR","Steelers",-93.4617193412707,0,22.9687762465934,116.430495587864,32.2,69,"http://a.espncdn.com/combiner/i?img=/i/headshots/nfl/players/full/12570.png"
"192","Davante Adams","WR","Packers",17.1807627879636,21,133.611258375828,116.430495587864,154.365,88,"http://a.espncdn.com/combiner/i?img=/i/headshots/nfl/players/full/16800.png"
"193","DeAndre Hopkins","WR","Texans",55.8057802365497,11,172.236275824414,116.430495587864,197.0125,94,"http://a.espncdn.com/combiner/i?img=/i/headshots/nfl/players/full/15795.png"
"194","DeAngelo Yancey","WR","Packers",-92.7824588198699,0,23.6480367679942,116.430495587864,32.95,66,NA
"195","Dede Westbrook","WR","Jaguars",-63.1848137007002,0,53.245681887164,116.430495587864,65.63,80,"http://a.espncdn.com/combiner/i?img=/i/headshots/nfl/players/full/18302.png"
"196","Demaryius Thomas","WR","Broncos",18.7770250132555,44,135.20752060112,116.430495587864,156.1275,88,"http://a.espncdn.com/combiner/i?img=/i/headshots/nfl/players/full/13216.png"
"197","Deon Cain","WR","Colts",-73.9986412014005,0,42.4318543864637,116.430495587864,53.69,68,"http://a.espncdn.com/combiner/i?img=/i/headshots/nfl/players/full/18744.png"
"198","DeSean Jackson","WR","Buccaneers",-19.252507378236,203,97.1779882096282,116.430495587864,114.1375,85,"http://a.espncdn.com/combiner/i?img=/i/headshots/nfl/players/full/11283.png"
"199","DeVante Parker","WR","Dolphins",-13.3406766403112,122,103.089818947553,116.430495587864,120.665,81,"http://a.espncdn.com/combiner/i?img=/i/headshots/nfl/players/full/17593.png"
"200","Devin Funchess","WR","Panthers",-15.9580938494422,98,100.472401738422,116.430495587864,117.775,82,"http://a.espncdn.com/combiner/i?img=/i/headshots/nfl/players/full/17682.png"
"201","Donte Moncrief","WR","Jaguars",-44.947423435002,0,71.4830721528622,116.430495587864,85.7666666666667,79,"http://a.espncdn.com/combiner/i?img=/i/headshots/nfl/players/full/16791.png"
"202","Doug Baldwin","WR","Seahawks",25.402079298651,33,141.832574886515,116.430495587864,163.4425,90,"http://a.espncdn.com/combiner/i?img=/i/headshots/nfl/players/full/14221.png"
"203","Dwayne Harris","WR","Raiders",-99.5297799991177,0,16.9007155887465,116.430495587864,25.5,69,"http://a.espncdn.com/combiner/i?img=/i/headshots/nfl/players/full/14100.png"
"204","Dylan Cantrell","WR","Chargers",-98.0263500450839,0,18.4041455427802,116.430495587864,27.16,69,"http://a.espncdn.com/combiner/i?img=/i/headshots/nfl/players/full/18750.png"
"205","Emmanuel Sanders","WR","Broncos",-3.04987974108947,92,113.380615846775,116.430495587864,132.0275,88,"http://a.espncdn.com/combiner/i?img=/i/headshots/nfl/players/full/13295.png"
"206","Equanimeous St.","WR","Packers",-91.07072230594,0,25.3597732819242,116.430495587864,34.84,67,"http://a.espncdn.com/combiner/i?img=/i/headshots/nfl/players/full/18765.png"
"207","Geronimo Allison","WR","Packers",-62.4663070158407,205,53.9641885720235,116.430495587864,66.4233333333333,71,"http://a.espncdn.com/combiner/i?img=/i/headshots/nfl/players/full/18110.png"
"208","Golden Tate","WR","Lions",9.4213434318288,51,125.851839019693,116.430495587864,145.7975,89,"http://a.espncdn.com/combiner/i?img=/i/headshots/nfl/players/full/13217.png"
"209","Isaiah McKenzie","WR","Broncos",-100.987925918391,0,15.4425696694729,116.430495587864,23.89,70,"http://a.espncdn.com/combiner/i?img=/i/headshots/nfl/players/full/18304.png"
"210","J.J. Nelson","WR","Cardinals",-59.3266139391437,0,57.1038816487204,116.430495587864,69.89,77,"http://a.espncdn.com/combiner/i?img=/i/headshots/nfl/players/full/17514.png"
"211","J'Mon Moore","WR","Packers",-91.7001703891047,0,24.7303251987595,116.430495587864,34.145,69,"http://a.espncdn.com/combiner/i?img=/i/headshots/nfl/players/full/18692.png"
"212","Jakeem Grant","WR","Dolphins",-89.0555827591177,0,27.3749128287465,116.430495587864,37.065,73,"http://a.espncdn.com/combiner/i?img=/i/headshots/nfl/players/full/17947.png"
"213","James Washington","WR","Steelers",-25.440570728197,0,90.9899248596671,116.430495587864,107.305,74,"http://a.espncdn.com/combiner/i?img=/i/headshots/nfl/players/full/18619.png"
"214","Jamison Crowder","WR","Redskins",-15.8290343503761,115,100.601461237488,116.430495587864,117.9175,84,"http://a.espncdn.com/combiner/i?img=/i/headshots/nfl/players/full/17600.png"
"215","Jarius Wright","WR","Panthers",-88.9604862861216,0,27.4700093017426,116.430495587864,37.17,76,"http://a.espncdn.com/combiner/i?img=/i/headshots/nfl/players/full/14918.png"
"216","Jaron Brown","WR","Seahawks",-92.9998221867182,0,23.430673401146,116.430495587864,32.71,78,"http://a.espncdn.com/combiner/i?img=/i/headshots/nfl/players/full/16172.png"
"217","Jarvis Landry","WR","Browns",18.5302270238132,56,134.960722611677,116.430495587864,155.855,87,"http://a.espncdn.com/combiner/i?img=/i/headshots/nfl/players/full/16790.png"
"218","Jeremy Kerley","WR","Bills",-48.6697710922782,0,67.7607244955859,116.430495587864,81.6566666666667,77,"http://a.espncdn.com/combiner/i?img=/i/headshots/nfl/players/full/14151.png"
"219","Jermaine Kearse","WR","Jets",-38.9729497823258,0,77.4575458055383,116.430495587864,92.3633333333333,83,"http://a.espncdn.com/combiner/i?img=/i/headshots/nfl/players/full/15428.png"
"220","John Brown","WR","Ravens",-33.2671614025593,0,83.1633341853049,116.430495587864,98.6633333333333,79,"http://a.espncdn.com/combiner/i?img=/i/headshots/nfl/players/full/16804.png"
"221","John Ross","WR","Bengals",-39.7820245367054,0,76.6484710511588,116.430495587864,91.47,76,"http://a.espncdn.com/combiner/i?img=/i/headshots/nfl/players/full/18395.png"
"222","Jordan Matthews","WR","Patriots",-32.9803625157456,0,83.4501330721185,116.430495587864,98.98,77,NA
"223","Jordy Nelson","WR","Raiders",-6.16768553431902,96,110.262810053545,116.430495587864,128.585,86,"http://a.espncdn.com/combiner/i?img=/i/headshots/nfl/players/full/11270.png"
"224","Josh Bellamy","WR","Bears",-95.408932835953,0,21.0215627519112,116.430495587864,30.05,73,NA
"225","Josh Doctson","WR","Redskins",-19.9113900839947,152,96.5191055038694,116.430495587864,113.41,78,"http://a.espncdn.com/combiner/i?img=/i/headshots/nfl/players/full/17810.png"
"226","Josh Gordon","WR","Browns",0,47,116.430495587864,116.430495587864,135.395,82,NA
"227","Josh Malone","WR","Bengals",-98.981843178521,0,17.4486524093431,116.430495587864,26.105,70,"http://a.espncdn.com/combiner/i?img=/i/headshots/nfl/players/full/18216.png"
"228","Josh Reynolds","WR","Rams",-97.3652031375872,0,19.065292450277,116.430495587864,27.89,73,"http://a.espncdn.com/combiner/i?img=/i/headshots/nfl/players/full/18214.png"
"229","JuJu Smith-Schuster","WR","Steelers",18.1302180500994,46,134.560713637964,116.430495587864,155.413333333333,80,"http://a.espncdn.com/combiner/i?img=/i/headshots/nfl/players/full/18306.png"
"230","Julian Edelman","WR","Patriots",-5.7940922475486,79,110.636403340316,116.430495587864,128.9975,88,"http://a.espncdn.com/combiner/i?img=/i/headshots/nfl/players/full/12649.png"
"231","Julio Jones","WR","Falcons",71.9178398041762,12,188.34833539204,116.430495587864,214.8025,98,"http://a.espncdn.com/combiner/i?img=/i/headshots/nfl/players/full/13982.png"
"232","Justin Hardy","WR","Falcons",-99.6716699746991,0,16.758825613165,116.430495587864,25.3433333333333,74,"http://a.espncdn.com/combiner/i?img=/i/headshots/nfl/players/full/17542.png"
"233","Justin Hunter","WR","Steelers",-98.986371581997,0,17.4441240058671,116.430495587864,26.1,72,"http://a.espncdn.com/combiner/i?img=/i/headshots/nfl/players/full/15845.png"
"234","Keelan Cole","WR","Jaguars",-51.4381350839427,0,64.9923605039214,116.430495587864,78.6,79,"http://a.espncdn.com/combiner/i?img=/i/headshots/nfl/players/full/18466.png"
"235","Keenan Allen","WR","Chargers",66.9464075214351,19,183.376903109299,116.430495587864,209.313333333333,92,"http://a.espncdn.com/combiner/i?img=/i/headshots/nfl/players/full/15818.png"
"236","Keke Coutee","WR","Texans",-63.030847982516,0,53.3996476053482,116.430495587864,65.8,72,"http://a.espncdn.com/combiner/i?img=/i/headshots/nfl/players/full/18662.png"
"237","Kelvin Benjamin","WR","Bills",-18.7928744254214,141,97.6376211624427,116.430495587864,114.645,84,"http://a.espncdn.com/combiner/i?img=/i/headshots/nfl/players/full/16730.png"
"238","Kendall Wright","WR","Vikings",-51.5649303812709,0,64.8655652065933,116.430495587864,78.46,78,"http://a.espncdn.com/combiner/i?img=/i/headshots/nfl/players/full/14909.png"
"239","Kendrick Bourne","WR","49ers",-96.0655513399737,0,20.3649442478905,116.430495587864,29.325,70,"http://a.espncdn.com/combiner/i?img=/i/headshots/nfl/players/full/18467.png"
"240","Kenny Britt","WR","Patriots",-63.7312410534714,0,52.6992545343927,116.430495587864,65.0266666666667,73,"http://a.espncdn.com/combiner/i?img=/i/headshots/nfl/players/full/12556.png"
"241","Kenny Golladay","WR","Lions",-13.2938831377258,116,103.136612450138,116.430495587864,120.716666666667,78,"http://a.espncdn.com/combiner/i?img=/i/headshots/nfl/players/full/18345.png"
"242","Kenny Stills","WR","Dolphins",-16.9067943776653,142,99.5237012101989,116.430495587864,116.7275,84,"http://a.espncdn.com/combiner/i?img=/i/headshots/nfl/players/full/16016.png"
"243","Kevin White","WR","Bears",-93.7605939706871,0,22.6699016171771,116.430495587864,31.87,73,"http://a.espncdn.com/combiner/i?img=/i/headshots/nfl/players/full/17703.png"
"244","Laquon Treadwell","WR","Vikings",-97.9116304903585,0,18.5188650975057,116.430495587864,27.2866666666667,73,"http://a.espncdn.com/combiner/i?img=/i/headshots/nfl/players/full/17811.png"
"245","Larry Fitzgerald","WR","Cardinals",21.1521726364202,55,137.582668224284,116.430495587864,158.75,89,"http://a.espncdn.com/combiner/i?img=/i/headshots/nfl/players/full/5528.png"
"246","Leonte Carroo","WR","Dolphins",-96.4504656354341,0,19.98002995243,116.430495587864,28.9,70,NA
"247","Mack Hollins","WR","Eagles",-103.514775058002,0,12.915720529862,116.430495587864,21.1,71,"http://a.espncdn.com/combiner/i?img=/i/headshots/nfl/players/full/18350.png"
"248","Malcolm Mitchell","WR","Patriots",-88.7521797262254,0,27.6783158616388,116.430495587864,37.4,75,NA
"249","Markus Wheaton","WR","Eagles",-93.4753045516987,0,22.9551910361654,116.430495587864,32.185,70,"http://a.espncdn.com/combiner/i?img=/i/headshots/nfl/players/full/15873.png"
"250","Marqise Lee","WR","Jaguars",-26.9372080770167,154,89.4932875108474,116.430495587864,105.6525,82,"http://a.espncdn.com/combiner/i?img=/i/headshots/nfl/players/full/16787.png"
"251","Marquess Wilson","WR","Eagles",-98.2618270258362,0,18.168668562028,116.430495587864,26.9,73,NA
"252","Marquez Valdes-Scantling","WR","Packers",-98.080690886796,0,18.3498047010682,116.430495587864,27.1,70,"http://a.espncdn.com/combiner/i?img=/i/headshots/nfl/players/full/18733.png"
"253","Marquise Goodwin","WR","49ers",-16.1414941902204,101,100.289001397644,116.430495587864,117.5725,83,"http://a.espncdn.com/combiner/i?img=/i/headshots/nfl/players/full/15839.png"
"254","Martavis Bryant","WR","Raiders",-21.0736803095027,168,95.3568152783615,116.430495587864,112.126666666667,81,"http://a.espncdn.com/combiner/i?img=/i/headshots/nfl/players/full/16886.png"
"255","Marvin Jones","WR","Lions",16.5905608682576,67,133.021056456122,116.430495587864,153.713333333333,87,"http://a.espncdn.com/combiner/i?img=/i/headshots/nfl/players/full/15072.png"
"256","Michael Campanaro","WR","Titans",-95.1643990482487,0,21.2660965396155,116.430495587864,30.32,67,"http://a.espncdn.com/combiner/i?img=/i/headshots/nfl/players/full/17148.png"
"257","Michael Crabtree","WR","Ravens",3.31931974791181,66,119.749815335776,116.430495587864,139.06,84,"http://a.espncdn.com/combiner/i?img=/i/headshots/nfl/players/full/12563.png"
"258","Michael Gallup","WR","Cowboys",-63.3116089980283,144,53.1188865898359,116.430495587864,65.49,73,"http://a.espncdn.com/combiner/i?img=/i/headshots/nfl/players/full/18640.png"
"259","Michael Thomas","WR","Saints",42.5058592275225,18,158.936354815387,116.430495587864,182.3275,91,"http://a.espncdn.com/combiner/i?img=/i/headshots/nfl/players/full/17834.png"
"260","Mike Evans","WR","Buccaneers",29.1085775437613,27,145.539073131625,116.430495587864,167.535,89,"http://a.espncdn.com/combiner/i?img=/i/headshots/nfl/players/full/16737.png"
"261","Mike Wallace","WR","Eagles",-27.4172188454733,209,89.0132767423909,116.430495587864,105.1225,83,"http://a.espncdn.com/combiner/i?img=/i/headshots/nfl/players/full/12601.png"
"262","Mike Williams","WR","Chargers",-62.0255424108428,151,54.4049531770213,116.430495587864,66.91,79,"http://a.espncdn.com/combiner/i?img=/i/headshots/nfl/players/full/18235.png"
"263","Mohamed Sanu","WR","Falcons",-21.014056330402,194,95.4164392574622,116.430495587864,112.1925,82,"http://a.espncdn.com/combiner/i?img=/i/headshots/nfl/players/full/14922.png"
"264","Nelson Agholor","WR","Eagles",-25.9726581366276,128,90.4578374512365,116.430495587864,106.7175,84,"http://a.espncdn.com/combiner/i?img=/i/headshots/nfl/players/full/17668.png"
"265","Odell Beckham","WR","Giants",54.0585712287244,13,170.489066816589,116.430495587864,195.083333333333,95,"http://a.espncdn.com/combiner/i?img=/i/headshots/nfl/players/full/16733.png"
"266","Paul Richardson","WR","Redskins",-48.6244870575182,0,67.806008530346,116.430495587864,81.7066666666667,84,"http://a.espncdn.com/combiner/i?img=/i/headshots/nfl/players/full/16781.png"
"267","Phillip Dorsett","WR","Patriots",-73.2257936748289,0,43.2047019130352,116.430495587864,54.5433333333333,75,"http://a.espncdn.com/combiner/i?img=/i/headshots/nfl/players/full/17643.png"
"268","Pierre Garcon","WR","49ers",-5.16917256785989,80,111.261323020004,116.430495587864,129.6875,86,"http://a.espncdn.com/combiner/i?img=/i/headshots/nfl/players/full/11439.png"
"269","Quincy Enunwa","WR","Jets",-27.8904370087158,211,88.5400585791483,116.430495587864,104.6,79,"http://a.espncdn.com/combiner/i?img=/i/headshots/nfl/players/full/17758.png"
"270","Quincy Enunwa","WR","Jets",-27.8904370087158,211,88.5400585791483,116.430495587864,104.6,79,"http://a.espncdn.com/combiner/i?img=/i/headshots/nfl/players/full/17758.png"
"271","Randall Cobb","WR","Packers",-6.52542940892344,86,109.905066178941,116.430495587864,128.19,83,"http://a.espncdn.com/combiner/i?img=/i/headshots/nfl/players/full/14053.png"
"272","Rashard Higgins","WR","Browns",-96.7266982474705,0,19.7037973403937,116.430495587864,28.595,70,"http://a.espncdn.com/combiner/i?img=/i/headshots/nfl/players/full/17934.png"
"273","Ricardo Louis","WR","Browns",-82.8652552074186,0,33.5652403804455,116.430495587864,43.9,71,NA
"274","Rishard Matthews","WR","Titans",-37.7049968090444,124,78.7254987788198,116.430495587864,93.7633333333333,82,NA
"275","Robby Anderson","WR","Jets",-27.4308040559013,105,88.9996915319629,116.430495587864,105.1075,84,"http://a.espncdn.com/combiner/i?img=/i/headshots/nfl/players/full/18097.png"
"276","Robert Woods","WR","Rams",-10.8953387632684,88,105.535156824596,116.430495587864,123.365,83,"http://a.espncdn.com/combiner/i?img=/i/headshots/nfl/players/full/15880.png"
"277","Rod Streater","WR","Bills",-88.480475517665,0,27.9500200701991,116.430495587864,37.7,70,NA
"278","Roger Lewis","WR","Giants",-90.8850577634238,0,25.5454378244404,116.430495587864,35.045,72,"http://a.espncdn.com/combiner/i?img=/i/headshots/nfl/players/full/18047.png"
"279","Russell Shepard","WR","Giants",-93.8904082036659,0,22.5400873841983,116.430495587864,31.7266666666667,72,"http://a.espncdn.com/combiner/i?img=/i/headshots/nfl/players/full/16227.png"
"280","Ryan Grant","WR","Colts",-62.6081969914222,0,53.822298596442,116.430495587864,66.2666666666667,78,"http://a.espncdn.com/combiner/i?img=/i/headshots/nfl/players/full/17179.png"
"281","Ryan Switzer","WR","Raiders",-95.7666767105574,0,20.6638188773068,116.430495587864,29.655,74,"http://a.espncdn.com/combiner/i?img=/i/headshots/nfl/players/full/18287.png"
"282","Sammie Coates","WR","Texans",-81.1625755004407,0,35.2679200874235,116.430495587864,45.78,67,NA
"283","Sammy Watkins","WR","Chiefs",-19.29326300952,72,97.1372325783442,116.430495587864,114.0925,83,"http://a.espncdn.com/combiner/i?img=/i/headshots/nfl/players/full/16725.png"
"284","Seth Roberts","WR","Raiders",-48.177684581219,0,68.2528110066452,116.430495587864,82.2,77,NA
"285","Stefon Diggs","WR","Vikings",21.5914277735927,31,138.021923361457,116.430495587864,159.235,90,"http://a.espncdn.com/combiner/i?img=/i/headshots/nfl/players/full/17676.png"
"286","Sterling Shepard","WR","Giants",-11.5361078551232,131,104.894387732741,116.430495587864,122.6575,82,"http://a.espncdn.com/combiner/i?img=/i/headshots/nfl/players/full/17827.png"
"287","T.J. Jones","WR","Lions",-80.0938722801035,0,36.3366233077607,116.430495587864,46.96,76,NA
"288","T.Y. Hilton","WR","Colts",25.429249719507,28,141.859745307371,116.430495587864,163.4725,89,"http://a.espncdn.com/combiner/i?img=/i/headshots/nfl/players/full/14924.png"
"289","Tajae Sharpe","WR","Titans",-73.2167368678769,0,43.2137587199872,116.430495587864,54.5533333333333,75,"http://a.espncdn.com/combiner/i?img=/i/headshots/nfl/players/full/17912.png"
"290","Taylor Gabriel","WR","Bears",-65.2407088788065,0,51.1897867090577,116.430495587864,63.36,81,"http://a.espncdn.com/combiner/i?img=/i/headshots/nfl/players/full/17177.png"
"291","Taywan Taylor","WR","Titans",-75.6062244353823,0,40.8242711524818,116.430495587864,51.915,76,"http://a.espncdn.com/combiner/i?img=/i/headshots/nfl/players/full/18224.png"
"292","Ted Ginn","WR","Saints",-21.60199404837,198,94.8285015394942,116.430495587864,111.543333333333,82,"http://a.espncdn.com/combiner/i?img=/i/headshots/nfl/players/full/10453.png"
"293","Terrance Williams","WR","Cowboys",-38.2423673548637,0,78.1881282330005,116.430495587864,93.17,79,"http://a.espncdn.com/combiner/i?img=/i/headshots/nfl/players/full/15878.png"
"294","Terrelle Pryor","WR","Jets",-26.9847563135148,0,89.4457392743494,116.430495587864,105.6,75,"http://a.espncdn.com/combiner/i?img=/i/headshots/nfl/players/full/14851.png"
"295","Torrey Smith","WR","Panthers",-62.6232916696755,0,53.8072039181887,116.430495587864,66.25,78,"http://a.espncdn.com/combiner/i?img=/i/headshots/nfl/players/full/14032.png"
"296","Travis Benjamin","WR","Chargers",-24.2616763566104,0,92.1688192312538,116.430495587864,108.606666666667,83,"http://a.espncdn.com/combiner/i?img=/i/headshots/nfl/players/full/15062.png"
"297","Trent Taylor","WR","49ers",-55.0834998821269,0,61.3469957057373,116.430495587864,74.575,76,"http://a.espncdn.com/combiner/i?img=/i/headshots/nfl/players/full/18296.png"
"298","Tyler Boyd","WR","Bengals",-45.52404014428,0,70.9064554435842,116.430495587864,85.13,74,"http://a.espncdn.com/combiner/i?img=/i/headshots/nfl/players/full/17840.png"
"299","Tyler Lockett","WR","Seahawks",-39.7005132741373,193,76.7299823137269,116.430495587864,91.56,82,"http://a.espncdn.com/combiner/i?img=/i/headshots/nfl/players/full/17619.png"
"300","Tyreek Hill","WR","Chiefs",9.94663823504538,32,126.37713382291,116.430495587864,146.3775,87,"http://a.espncdn.com/combiner/i?img=/i/headshots/nfl/players/full/17929.png"
"301","Tyrell Williams","WR","Chargers",-19.4313793155382,176,96.999116272326,116.430495587864,113.94,82,"http://a.espncdn.com/combiner/i?img=/i/headshots/nfl/players/full/17762.png"
"302","Will Fuller","WR","Texans",-14.3384348728577,93,102.092060715006,116.430495587864,119.563333333333,81,"http://a.espncdn.com/combiner/i?img=/i/headshots/nfl/players/full/17809.png"
"303","Willie Snead","WR","Ravens",-39.7669298584521,0,76.6635657294121,116.430495587864,91.4866666666667,76,"http://a.espncdn.com/combiner/i?img=/i/headshots/nfl/players/full/17184.png"
"304","Zay Jones","WR","Bills",-77.0190863198959,0,39.4114092679682,116.430495587864,50.355,75,"http://a.espncdn.com/combiner/i?img=/i/headshots/nfl/players/full/18223.png"
"305","A.J. Derby","TE","Dolphins",-52.6650183133156,0,26.2225520727008,78.8875703860164,27.015,77,"http://a.espncdn.com/combiner/i?img=/i/headshots/nfl/players/full/17711.png"
"306","Adam Shaheen","TE","Bears",-48.6590033275795,0,30.2285670584369,78.8875703860164,52.85,76,"http://a.espncdn.com/combiner/i?img=/i/headshots/nfl/players/full/18276.png"
"307","Austin Hooper","TE","Falcons",-29.7689856436535,0,49.1185847423629,78.8875703860164,71.4733333333333,80,"http://a.espncdn.com/combiner/i?img=/i/headshots/nfl/players/full/17861.png"
"308","Austin Seferian-Jenkins","TE","Jaguars",-27.3106146422475,177,51.5769557437689,78.8875703860164,68.22,81,"http://a.espncdn.com/combiner/i?img=/i/headshots/nfl/players/full/16795.png"
"309","Ben Koyack","TE","Jaguars",-67.7166726296907,0,11.1708977563257,78.8875703860164,21.8,73,"http://a.espncdn.com/combiner/i?img=/i/headshots/nfl/players/full/17645.png"
"310","Benjamin Watson","TE","Saints",-24.9902351788874,180,53.897335207129,78.8875703860164,88.1666666666667,80,"http://a.espncdn.com/combiner/i?img=/i/headshots/nfl/players/full/5557.png"
"311","Blake Jarwin","TE","Cowboys",-67.093485634664,0,11.7940847513524,78.8875703860164,59.5,70,"http://a.espncdn.com/combiner/i?img=/i/headshots/nfl/players/full/18818.png"
"312","C.J. Uzomah","TE","Bengals",-64.0979660522013,0,14.7896043338151,78.8875703860164,22.6,74,"http://a.espncdn.com/combiner/i?img=/i/headshots/nfl/players/full/17564.png"
"313","Cameron Brate","TE","Buccaneers",-18.5548467374352,183,60.3327236485812,78.8875703860164,86.965,82,"http://a.espncdn.com/combiner/i?img=/i/headshots/nfl/players/full/17784.png"
"314","Charles Clay","TE","Bills",-11.1005863293467,185,67.7869840566697,78.8875703860164,89.3225,84,"http://a.espncdn.com/combiner/i?img=/i/headshots/nfl/players/full/14145.png"
"315","Clive Walford","TE","Jets",-62.243247576596,0,16.6443228094204,78.8875703860164,40.92,73,"http://a.espncdn.com/combiner/i?img=/i/headshots/nfl/players/full/17475.png"
"316","Dallas Goedert","TE","Eagles",-49.1911682600046,0,29.6964021260118,78.8875703860164,39.15,77,"http://a.espncdn.com/combiner/i?img=/i/headshots/nfl/players/full/18608.png"
"317","Darren Fells","TE","Browns",-53.1230455144114,0,25.7645248716051,78.8875703860164,25.415,77,"http://a.espncdn.com/combiner/i?img=/i/headshots/nfl/players/full/17187.png"
"318","David Njoku","TE","Browns",-22.331477277002,145,56.5560931090145,78.8875703860164,85.6133333333333,81,"http://a.espncdn.com/combiner/i?img=/i/headshots/nfl/players/full/18303.png"
"319","Delanie Walker","TE","Titans",30.7829010709384,70,109.670471456955,78.8875703860164,129.0625,93,"http://a.espncdn.com/combiner/i?img=/i/headshots/nfl/players/full/9761.png"
"320","Demetrius Harris","TE","Chiefs",-64.6059045555818,0,14.2816658304346,78.8875703860164,32.6666666666667,73,"http://a.espncdn.com/combiner/i?img=/i/headshots/nfl/players/full/17189.png"
"321","Dion Sims","TE","Bears",-52.7561466418669,0,26.1314237441495,78.8875703860164,26.6966666666667,77,"http://a.espncdn.com/combiner/i?img=/i/headshots/nfl/players/full/15974.png"
"322","Dwayne Allen","TE","Patriots",-37.0064779554441,0,41.8810924305723,78.8875703860164,34.35,81,"http://a.espncdn.com/combiner/i?img=/i/headshots/nfl/players/full/14901.png"
"323","Ed Dickson","TE","Seahawks",-52.4689254178464,0,26.41864496817,78.8875703860164,27.7,77,NA
"324","Eric Ebron","TE","Colts",-8.79041163381977,165,70.0971587521966,78.8875703860164,97.3925,84,"http://a.espncdn.com/combiner/i?img=/i/headshots/nfl/players/full/16732.png"
"325","Evan Engram","TE","Giants",4.01293310486888,60,82.9005034908853,78.8875703860164,130.276666666667,85,"http://a.espncdn.com/combiner/i?img=/i/headshots/nfl/players/full/18382.png"
"326","Garrett Celek","TE","49ers",-54.4791031403491,0,24.4084672456673,78.8875703860164,44.36,75,"http://a.espncdn.com/combiner/i?img=/i/headshots/nfl/players/full/15204.png"
"327","George Kittle","TE","49ers",-32.9798680112203,120,45.9077023747961,78.8875703860164,95.78,77,"http://a.espncdn.com/combiner/i?img=/i/headshots/nfl/players/full/18292.png"
"328","Gerald Everett","TE","Rams",-43.5230816464442,0,35.3644887395722,78.8875703860164,58.95,77,"http://a.espncdn.com/combiner/i?img=/i/headshots/nfl/players/full/18374.png"
"329","Greg Olsen","TE","Panthers",28.7773090422481,63,107.664879428264,78.8875703860164,133.8975,92,"http://a.espncdn.com/combiner/i?img=/i/headshots/nfl/players/full/10475.png"
"330","Hayden Hurst","TE","Ravens",-39.2411898506846,155,39.6463805353319,78.8875703860164,62.0666666666667,78,"http://a.espncdn.com/combiner/i?img=/i/headshots/nfl/players/full/18583.png"
"331","Hunter Henry","TE","Chargers",-0.725819136429877,0,78.1617512495865,78.8875703860164,78.2,88,NA
"332","Ian Thomas","TE","Panthers",-77.8685755404426,0,1.01899484557381,78.8875703860164,21.86,70,"http://a.espncdn.com/combiner/i?img=/i/headshots/nfl/players/full/18660.png"
"333","Jack Doyle","TE","Colts",-4.0173333760096,130,74.8702370100068,78.8875703860164,102.225,85,"http://a.espncdn.com/combiner/i?img=/i/headshots/nfl/players/full/16504.png"
"334","Jacob Hollister","TE","Patriots",-71.3640059072412,0,7.52356447877524,78.8875703860164,20.9,72,"http://a.espncdn.com/combiner/i?img=/i/headshots/nfl/players/full/18464.png"
"335","Jake Butt","TE","Broncos",-52.2336302088168,0,26.6539401771996,78.8875703860164,64.045,74,"http://a.espncdn.com/combiner/i?img=/i/headshots/nfl/players/full/18242.png"
"336","James O'Shaughnessy","TE","Jaguars",-71.0920522565905,0,7.79551812942587,78.8875703860164,21.85,72,"http://a.espncdn.com/combiner/i?img=/i/headshots/nfl/players/full/17441.png"
"337","Jared Cook","TE","Raiders",-9.50006210662661,163,69.3875082793898,78.8875703860164,83.0725,85,"http://a.espncdn.com/combiner/i?img=/i/headshots/nfl/players/full/12537.png"
"338","Jeff Heuerman","TE","Broncos",-60.9404410346472,0,17.9471293513692,78.8875703860164,33.63,74,"http://a.espncdn.com/combiner/i?img=/i/headshots/nfl/players/full/17583.png"
"339","Jermaine Gresham","TE","Cardinals",-30.5866487762204,0,48.300921609796,78.8875703860164,44.935,82,NA
"340","Jesse James","TE","Steelers",-47.8581182601487,0,31.0294521258677,78.8875703860164,43.8066666666667,77,"http://a.espncdn.com/combiner/i?img=/i/headshots/nfl/players/full/17690.png"
"341","Jimmy Graham","TE","Packers",2.46475887589676,48,81.3523292619132,78.8875703860164,113.0275,86,"http://a.espncdn.com/combiner/i?img=/i/headshots/nfl/players/full/13232.png"
"342","Jonnu Smith","TE","Titans",-59.7824910168769,0,19.1050793691395,78.8875703860164,37.675,74,"http://a.espncdn.com/combiner/i?img=/i/headshots/nfl/players/full/18183.png"
"343","Jordan Akins","TE","Texans",-77.7784014352269,0,1.10916895078955,78.8875703860164,22.175,70,"http://a.espncdn.com/combiner/i?img=/i/headshots/nfl/players/full/18657.png"
"344","Jordan Leggett","TE","Jets",-62.8950883808001,0,15.9924820052163,78.8875703860164,62.325,71,"http://a.espncdn.com/combiner/i?img=/i/headshots/nfl/players/full/18232.png"
"345","Jordan Reed","TE","Redskins",29.4384535241116,95,108.326023910128,78.8875703860164,112.525,94,"http://a.espncdn.com/combiner/i?img=/i/headshots/nfl/players/full/15860.png"
"346","Josh Hill","TE","Saints",-38.4273165021767,0,40.4602538838397,78.8875703860164,29.3866666666667,81,"http://a.espncdn.com/combiner/i?img=/i/headshots/nfl/players/full/16143.png"
"347","Kyle Rudolph","TE","Vikings",0,73,78.8875703860164,78.8875703860164,104.4175,86,"http://a.espncdn.com/combiner/i?img=/i/headshots/nfl/players/full/14054.png"
"348","Lance Kendricks","TE","Packers",-44.6836026453718,0,34.2039677406446,78.8875703860164,43.055,78,"http://a.espncdn.com/combiner/i?img=/i/headshots/nfl/players/full/14007.png"
"349","Lee Smith","TE","Raiders",-72.7212031793084,0,6.16636720670802,78.8875703860164,28,71,"http://a.espncdn.com/combiner/i?img=/i/headshots/nfl/players/full/14215.png"
"350","Luke Willson","TE","Lions",-46.805609920964,0,32.0819604650524,78.8875703860164,47.4833333333333,77,"http://a.espncdn.com/combiner/i?img=/i/headshots/nfl/players/full/16121.png"
"351","Marcedes Lewis","TE","Packers",-36.8096162594418,0,42.0779541265747,78.8875703860164,23.1966666666667,82,"http://a.espncdn.com/combiner/i?img=/i/headshots/nfl/players/full/9614.png"
"352","Mark Andrews","TE","Ravens",-55.5926817730132,0,23.2948886130032,78.8875703860164,40.47,75,"http://a.espncdn.com/combiner/i?img=/i/headshots/nfl/players/full/18645.png"
"353","MarQueis Gray","TE","Dolphins",-78.9853085319338,0,-0.0977381459173756,78.8875703860164,29.8,69,"http://a.espncdn.com/combiner/i?img=/i/headshots/nfl/players/full/16323.png"
"354","Michael Roberts","TE","Lions",-57.038913504145,0,21.8486568818714,78.8875703860164,59.1,73,"http://a.espncdn.com/combiner/i?img=/i/headshots/nfl/players/full/18227.png"
"355","Mike Gesicki","TE","Dolphins",-38.6174194780411,156,40.2701509079753,78.8875703860164,76.0866666666667,77,"http://a.espncdn.com/combiner/i?img=/i/headshots/nfl/players/full/18601.png"
"356","Nick Boyle","TE","Ravens",-58.9706323810947,0,19.9169380049217,78.8875703860164,28.67,75,"http://a.espncdn.com/combiner/i?img=/i/headshots/nfl/players/full/17567.png"
"357","Nick O'Leary","TE","Bills",-66.6546220571499,0,12.2329483288665,78.8875703860164,25.51,73,"http://a.espncdn.com/combiner/i?img=/i/headshots/nfl/players/full/17604.png"
"358","Nick Vannett","TE","Seahawks",-67.8160181225731,0,11.0715522634433,78.8875703860164,45.135,71,"http://a.espncdn.com/combiner/i?img=/i/headshots/nfl/players/full/17873.png"
"359","Niles Paul","TE","Jaguars",-67.9585682452695,0,10.9290021407469,78.8875703860164,20.955,73,"http://a.espncdn.com/combiner/i?img=/i/headshots/nfl/players/full/14156.png"
"360","O.J. Howard","TE","Buccaneers",-30.9658733953698,148,47.9216969906466,78.8875703860164,79.1333333333333,79,"http://a.espncdn.com/combiner/i?img=/i/headshots/nfl/players/full/18322.png"
"361","Rhett Ellison","TE","Giants",-52.2399118172985,0,26.6476585687179,78.8875703860164,28.5,77,"http://a.espncdn.com/combiner/i?img=/i/headshots/nfl/players/full/15003.png"
"362","Richard Rodgers","TE","Eagles",-52.8742849126642,0,26.0132854733522,78.8875703860164,38.125,76,"http://a.espncdn.com/combiner/i?img=/i/headshots/nfl/players/full/16786.png"
"363","Ricky Seals-Jones","TE","Cardinals",-40.6972555040437,170,38.1903148819727,78.8875703860164,92.5033333333333,75,"http://a.espncdn.com/combiner/i?img=/i/headshots/nfl/players/full/18431.png"
"364","Rico Gathers","TE","Cowboys",-73.9999687150067,0,4.88760167100968,78.8875703860164,47.215,69,"http://a.espncdn.com/combiner/i?img=/i/headshots/nfl/players/full/17973.png"
"365","Rob Gronkowski","TE","Patriots",59.2467477473298,20,138.134318133346,78.8875703860164,157.4475,99,"http://a.espncdn.com/combiner/i?img=/i/headshots/nfl/players/full/13229.png"
"366","Ryan Griffin","TE","Texans",-46.5046587246041,0,32.3829116614123,78.8875703860164,72.2166666666667,75,"http://a.espncdn.com/combiner/i?img=/i/headshots/nfl/players/full/15887.png"
"367","Seth DeValve","TE","Browns",-54.3296609222981,0,24.5579094637183,78.8875703860164,21.2,77,"http://a.espncdn.com/combiner/i?img=/i/headshots/nfl/players/full/17910.png"
"368","Stephen Anderson","TE","Texans",-72.709752499281,0,6.17781788673542,78.8875703860164,28.04,71,"http://a.espncdn.com/combiner/i?img=/i/headshots/nfl/players/full/18027.png"
"369","Travis Kelce","TE","Chiefs",43.735634894703,25,122.623205280719,78.8875703860164,150.6275,95,"http://a.espncdn.com/combiner/i?img=/i/headshots/nfl/players/full/15847.png"
"370","Trey Burton","TE","Bears",-14.3590204646422,91,64.5285499213742,78.8875703860164,77.94,84,"http://a.espncdn.com/combiner/i?img=/i/headshots/nfl/players/full/17195.png"
"371","Tyler Eifert","TE","Bengals",3.7509727756826,149,82.638543161699,78.8875703860164,81.9975,89,"http://a.espncdn.com/combiner/i?img=/i/headshots/nfl/players/full/15788.png"
"372","Tyler Higbee","TE","Rams",-49.1606331132649,0,29.7269372727515,78.8875703860164,39.2566666666667,77,"http://a.espncdn.com/combiner/i?img=/i/headshots/nfl/players/full/17886.png"
"373","Tyler Kroft","TE","Bengals",-43.9385396430727,0,34.9490307429438,78.8875703860164,33.8166666666667,79,"http://a.espncdn.com/combiner/i?img=/i/headshots/nfl/players/full/17650.png"
"374","Vance McDonald","TE","Steelers",-31.3067696820187,215,47.5808007039977,78.8875703860164,77.9425,79,"http://a.espncdn.com/combiner/i?img=/i/headshots/nfl/players/full/15853.png"
"375","Vance McDonald","TE","Steelers",-31.3067696820187,215,47.5808007039977,78.8875703860164,77.9425,79,"http://a.espncdn.com/combiner/i?img=/i/headshots/nfl/players/full/15853.png"
"376","Vernon Davis","TE","Redskins",-22.4253620094889,0,56.4622083765275,78.8875703860164,61.6033333333333,83,"http://a.espncdn.com/combiner/i?img=/i/headshots/nfl/players/full/9592.png"
"377","Virgil Green","TE","Chargers",-48.7801896912027,0,30.1073806948137,78.8875703860164,52.4266666666667,76,"http://a.espncdn.com/combiner/i?img=/i/headshots/nfl/players/full/14085.png"
"378","Will Tye","TE","Patriots",-41.6766594920267,0,37.2109108939897,78.8875703860164,65.4,77,NA
"379","Zach Ertz","TE","Eagles",24.9632252367285,37,103.850795622745,78.8875703860164,132.415,91,"http://a.espncdn.com/combiner/i?img=/i/headshots/nfl/players/full/15835.png"
"380","Zach Miller","TE","Bears",-32.0683721936301,0,46.8191981923863,78.8875703860164,51.6,81,NA
